ℹ [492/515] Replayed Challenge.Ripemd160.Submission.Proofs.Bytecode.PairedLaneUInt256Bridge
info: Challenge/Ripemd160/Submission/Proofs/Bytecode/PairedLaneUInt256Bridge.lean:88:0: 'Challenge.Ripemd160.Submission.Proofs.Bytecode.PairedLaneUInt256Bridge.bits_word' does not depend on any axioms
info: Challenge/Ripemd160/Submission/Proofs/Bytecode/PairedLaneUInt256Bridge.lean:89:0: 'Challenge.Ripemd160.Submission.Proofs.Bytecode.PairedLaneUInt256Bridge.word_bits' does not depend on any axioms
info: Challenge/Ripemd160/Submission/Proofs/Bytecode/PairedLaneUInt256Bridge.lean:90:0: 'Challenge.Ripemd160.Submission.Proofs.Bytecode.PairedLaneUInt256Bridge.bits_injective' does not depend on any axioms
info: Challenge/Ripemd160/Submission/Proofs/Bytecode/PairedLaneUInt256Bridge.lean:91:0: 'Challenge.Ripemd160.Submission.Proofs.Bytecode.PairedLaneUInt256Bridge.bits_toNat' does not depend on any axioms
info: Challenge/Ripemd160/Submission/Proofs/Bytecode/PairedLaneUInt256Bridge.lean:92:0: 'Challenge.Ripemd160.Submission.Proofs.Bytecode.PairedLaneUInt256Bridge.bits_ofNat' does not depend on any axioms
info: Challenge/Ripemd160/Submission/Proofs/Bytecode/PairedLaneUInt256Bridge.lean:93:0: 'Challenge.Ripemd160.Submission.Proofs.Bytecode.PairedLaneUInt256Bridge.bits_add' does not depend on any axioms
info: Challenge/Ripemd160/Submission/Proofs/Bytecode/PairedLaneUInt256Bridge.lean:94:0: 'Challenge.Ripemd160.Submission.Proofs.Bytecode.PairedLaneUInt256Bridge.bits_mul' does not depend on any axioms
info: Challenge/Ripemd160/Submission/Proofs/Bytecode/PairedLaneUInt256Bridge.lean:95:0: 'Challenge.Ripemd160.Submission.Proofs.Bytecode.PairedLaneUInt256Bridge.bits_land' depends on axioms: [propext,
 Quot.sound]
info: Challenge/Ripemd160/Submission/Proofs/Bytecode/PairedLaneUInt256Bridge.lean:96:0: 'Challenge.Ripemd160.Submission.Proofs.Bytecode.PairedLaneUInt256Bridge.bits_lor' depends on axioms: [propext,
 Quot.sound]
info: Challenge/Ripemd160/Submission/Proofs/Bytecode/PairedLaneUInt256Bridge.lean:97:0: 'Challenge.Ripemd160.Submission.Proofs.Bytecode.PairedLaneUInt256Bridge.bits_xor' depends on axioms: [propext,
 Quot.sound]
info: Challenge/Ripemd160/Submission/Proofs/Bytecode/PairedLaneUInt256Bridge.lean:98:0: 'Challenge.Ripemd160.Submission.Proofs.Bytecode.PairedLaneUInt256Bridge.bits_lnot' depends on axioms: [propext,
 Classical.choice,
 Quot.sound]
info: Challenge/Ripemd160/Submission/Proofs/Bytecode/PairedLaneUInt256Bridge.lean:99:0: 'Challenge.Ripemd160.Submission.Proofs.Bytecode.PairedLaneUInt256Bridge.small_shift_toNat' depends on axioms: [propext]
info: Challenge/Ripemd160/Submission/Proofs/Bytecode/PairedLaneUInt256Bridge.lean:100:0: 'Challenge.Ripemd160.Submission.Proofs.Bytecode.PairedLaneUInt256Bridge.bits_shr' depends on axioms: [propext]
info: Challenge/Ripemd160/Submission/Proofs/Bytecode/PairedLaneUInt256Bridge.lean:101:0: 'Challenge.Ripemd160.Submission.Proofs.Bytecode.PairedLaneUInt256Bridge.bits_shl' depends on axioms: [propext]
ℹ [493/515] Replayed Challenge.Ripemd160.Submission.Proofs.Bytecode.PairedLaneCore
info: Challenge/Ripemd160/Submission/Proofs/Bytecode/PairedLaneCore.lean:77:0: 'Challenge.Ripemd160.Submission.Proofs.Bytecode.PairedLaneCore.low_pack' depends on axioms: [propext, Quot.sound]
info: Challenge/Ripemd160/Submission/Proofs/Bytecode/PairedLaneCore.lean:78:0: 'Challenge.Ripemd160.Submission.Proofs.Bytecode.PairedLaneCore.high_pack' depends on axioms: [propext, Quot.sound]
info: Challenge/Ripemd160/Submission/Proofs/Bytecode/PairedLaneCore.lean:79:0: 'Challenge.Ripemd160.Submission.Proofs.Bytecode.PairedLaneCore.pack_injective' depends on axioms: [propext, Quot.sound]
info: Challenge/Ripemd160/Submission/Proofs/Bytecode/PairedLaneCore.lean:80:0: 'Challenge.Ripemd160.Submission.Proofs.Bytecode.PairedLaneCore.normalize_pack' depends on axioms: [propext, Quot.sound]
info: Challenge/Ripemd160/Submission/Proofs/Bytecode/PairedLaneCore.lean:81:0: 'Challenge.Ripemd160.Submission.Proofs.Bytecode.PairedLaneCore.normalize_idem' depends on axioms: [propext, Quot.sound]
info: Challenge/Ripemd160/Submission/Proofs/Bytecode/PairedLaneCore.lean:82:0: 'Challenge.Ripemd160.Submission.Proofs.Bytecode.PairedLaneCore.normalize_eq_and' depends on axioms: [propext,
 Classical.choice,
 Quot.sound]
info: Challenge/Ripemd160/Submission/Proofs/Bytecode/PairedLaneCore.lean:83:0: 'Challenge.Ripemd160.Submission.Proofs.Bytecode.PairedLaneCore.pairMask_value' depends on axioms: [propext, Quot.sound]
ℹ [494/515] Replayed Challenge.Ripemd160.Submission.Proofs.Bytecode.PairedLaneBoolean
info: Challenge/Ripemd160/Submission/Proofs/Bytecode/PairedLaneBoolean.lean:118:0: 'Challenge.Ripemd160.Submission.Proofs.Bytecode.PairedLaneBoolean.pack_and' depends on axioms: [propext, Quot.sound]
info: Challenge/Ripemd160/Submission/Proofs/Bytecode/PairedLaneBoolean.lean:119:0: 'Challenge.Ripemd160.Submission.Proofs.Bytecode.PairedLaneBoolean.pack_or' depends on axioms: [propext, Quot.sound]
info: Challenge/Ripemd160/Submission/Proofs/Bytecode/PairedLaneBoolean.lean:120:0: 'Challenge.Ripemd160.Submission.Proofs.Bytecode.PairedLaneBoolean.pack_xor' depends on axioms: [propext, Quot.sound]
info: Challenge/Ripemd160/Submission/Proofs/Bytecode/PairedLaneBoolean.lean:121:0: 'Challenge.Ripemd160.Submission.Proofs.Bytecode.PairedLaneBoolean.pack_complement' depends on axioms: [propext,
 Classical.choice,
 Quot.sound]
info: Challenge/Ripemd160/Submission/Proofs/Bytecode/PairedLaneBoolean.lean:122:0: 'Challenge.Ripemd160.Submission.Proofs.Bytecode.PairedLaneBoolean.blend_pack' depends on axioms: [propext,
 Classical.choice,
 Quot.sound]
info: Challenge/Ripemd160/Submission/Proofs/Bytecode/PairedLaneBoolean.lean:123:0: 'Challenge.Ripemd160.Submission.Proofs.Bytecode.PairedLaneBoolean.f_pack' depends on axioms: [propext, Quot.sound]
info: Challenge/Ripemd160/Submission/Proofs/Bytecode/PairedLaneBoolean.lean:124:0: 'Challenge.Ripemd160.Submission.Proofs.Bytecode.PairedLaneBoolean.f04_correction' depends on axioms: [propext,
 Classical.choice,
 Quot.sound]
info: Challenge/Ripemd160/Submission/Proofs/Bytecode/PairedLaneBoolean.lean:125:0: 'Challenge.Ripemd160.Submission.Proofs.Bytecode.PairedLaneBoolean.pairedF_pack' depends on axioms: [propext,
 Classical.choice,
 Quot.sound]
ℹ [495/515] Replayed Challenge.Ripemd160.Submission.Proofs.Bytecode.PairedLaneMaskedNot
info: Challenge/Ripemd160/Submission/Proofs/Bytecode/PairedLaneMaskedNot.lean:32:0: 'Challenge.Ripemd160.Submission.Proofs.Bytecode.PairedLaneMaskedNot.masked_complement' depends on axioms: [propext,
 Classical.choice,
 Quot.sound]
info: Challenge/Ripemd160/Submission/Proofs/Bytecode/PairedLaneMaskedNot.lean:33:0: 'Challenge.Ripemd160.Submission.Proofs.Bytecode.PairedLaneMaskedNot.upper_masked_not' depends on axioms: [propext,
 Classical.choice,
 Quot.sound]
info: Challenge/Ripemd160/Submission/Proofs/Bytecode/PairedLaneMaskedNot.lean:34:0: 'Challenge.Ripemd160.Submission.Proofs.Bytecode.PairedLaneMaskedNot.lower_masked_not' depends on axioms: [propext,
 Classical.choice,
 Quot.sound]
ℹ [496/515] Replayed Challenge.Ripemd160.Submission.Proofs.Bytecode.PairedLaneWordBoolean
info: Challenge/Ripemd160/Submission/Proofs/Bytecode/PairedLaneWordBoolean.lean:35:0: 'Challenge.Ripemd160.Submission.Proofs.Bytecode.PairedLaneWordBoolean.bits_wordF' depends on axioms: [propext,
 Quot.sound]
info: Challenge/Ripemd160/Submission/Proofs/Bytecode/PairedLaneWordBoolean.lean:67:0: 'Challenge.Ripemd160.Submission.Proofs.Bytecode.PairedLaneWordBoolean.bits_booleanPair' depends on axioms: [propext,
 Classical.choice,
 Quot.sound]
ℹ [497/515] Replayed Challenge.Ripemd160.Submission.Proofs.Bytecode.PairedLaneBooleanDelta
info: Challenge/Ripemd160/Submission/Proofs/Bytecode/PairedLaneBooleanDelta.lean:49:0: 'Challenge.Ripemd160.Submission.Proofs.Bytecode.PairedLaneBooleanDelta.f13_delta' depends on axioms: [propext,
 Classical.choice,
 Quot.sound]
info: Challenge/Ripemd160/Submission/Proofs/Bytecode/PairedLaneBooleanDelta.lean:50:0: 'Challenge.Ripemd160.Submission.Proofs.Bytecode.PairedLaneBooleanDelta.word_f13_delta' depends on axioms: [propext,
 Classical.choice,
 Quot.sound]
info: Challenge/Ripemd160/Submission/Proofs/Bytecode/PairedLaneBooleanDelta.lean:51:0: 'Challenge.Ripemd160.Submission.Proofs.Bytecode.PairedLaneBooleanDelta.booleanPair_one_delta' depends on axioms: [propext,
 Classical.choice,
 Quot.sound]
info: Challenge/Ripemd160/Submission/Proofs/Bytecode/PairedLaneBooleanDelta.lean:52:0: 'Challenge.Ripemd160.Submission.Proofs.Bytecode.PairedLaneBooleanDelta.booleanPair_three_delta' depends on axioms: [propext,
 Classical.choice,
 Quot.sound]
ℹ [1007/1042] Replayed Challenge.Ripemd160.Submission.Proofs.Bytecode.DataProgram
info: Challenge/Ripemd160/Submission/Proofs/Bytecode/DataProgram.lean:172:0: 'Challenge.EvmProof.DataProgramArtifact.decodeAt_op_index' depends on axioms: [propext, Classical.choice, Quot.sound]
info: Challenge/Ripemd160/Submission/Proofs/Bytecode/DataProgram.lean:173:0: 'Challenge.EvmProof.DataProgramArtifact.decodeAt_push_index' depends on axioms: [propext, Classical.choice, Quot.sound]
info: Challenge/Ripemd160/Submission/Proofs/Bytecode/DataProgram.lean:174:0: 'Challenge.EvmProof.DataProgramArtifact.isValidJumpDest_index' depends on axioms: [propext,
 Classical.choice,
 Quot.sound]
ℹ [1022/1042] Replayed Challenge.Ripemd160.Submission.Proofs.Bytecode.PairedLaneProduct
info: Challenge/Ripemd160/Submission/Proofs/Bytecode/PairedLaneProduct.lean:39:0: 'Challenge.Ripemd160.Submission.Proofs.Bytecode.PairedLaneProduct.mask_shift_disjoint' depends on axioms: [propext,
 Quot.sound]
info: Challenge/Ripemd160/Submission/Proofs/Bytecode/PairedLaneProduct.lean:40:0: 'Challenge.Ripemd160.Submission.Proofs.Bytecode.PairedLaneProduct.normalized_shift_disjoint' depends on axioms: [propext,
 Classical.choice,
 Quot.sound]
info: Challenge/Ripemd160/Submission/Proofs/Bytecode/PairedLaneProduct.lean:41:0: 'Challenge.Ripemd160.Submission.Proofs.Bytecode.PairedLaneProduct.factor_copies_normalized' depends on axioms: [propext,
 Classical.choice,
 Quot.sound]
ℹ [1023/1042] Replayed Challenge.Ripemd160.Submission.Proofs.Bytecode.PairedLaneRotate
info: Challenge/Ripemd160/Submission/Proofs/Bytecode/PairedLaneRotate.lean:83:0: 'Challenge.Ripemd160.Submission.Proofs.Bytecode.PairedLaneRotate.factor_pack' depends on axioms: [propext,
 Classical.choice,
 Quot.sound]
info: Challenge/Ripemd160/Submission/Proofs/Bytecode/PairedLaneRotate.lean:84:0: 'Challenge.Ripemd160.Submission.Proofs.Bytecode.PairedLaneRotate.low_rotate_product' depends on axioms: [propext,
 Classical.choice,
 Quot.sound]
info: Challenge/Ripemd160/Submission/Proofs/Bytecode/PairedLaneRotate.lean:85:0: 'Challenge.Ripemd160.Submission.Proofs.Bytecode.PairedLaneRotate.high_rotate_product' depends on axioms: [propext,
 Classical.choice,
 Quot.sound]
info: Challenge/Ripemd160/Submission/Proofs/Bytecode/PairedLaneRotate.lean:86:0: 'Challenge.Ripemd160.Submission.Proofs.Bytecode.PairedLaneRotate.normalize_rotate_product' depends on axioms: [propext,
 Classical.choice,
 Quot.sound]
ℹ [1024/1042] Replayed Challenge.Ripemd160.Submission.Proofs.Bytecode.PairedLaneSumsBase
info: Challenge/Ripemd160/Submission/Proofs/Bytecode/PairedLaneSumsBase.lean:27:0: 'Challenge.Ripemd160.Submission.Proofs.Bytecode.PairedLaneCore.pack_toNat' depends on axioms: [propext, Quot.sound]
info: Challenge/Ripemd160/Submission/Proofs/Bytecode/PairedLaneSumsBase.lean:28:0: 'Challenge.Ripemd160.Submission.Proofs.Bytecode.PairedLaneCore.pack_eq_ofNat' depends on axioms: [propext, Quot.sound]
ℹ [1025/1042] Replayed Challenge.Ripemd160.Submission.Proofs.Bytecode.PairedLaneCarry
info: Challenge/Ripemd160/Submission/Proofs/Bytecode/PairedLaneCarry.lean:50:0: 'Challenge.Ripemd160.Submission.Proofs.Bytecode.PairedLaneCarry.add32_no_carry128' depends on axioms: [propext,
 Quot.sound]
info: Challenge/Ripemd160/Submission/Proofs/Bytecode/PairedLaneCarry.lean:51:0: 'Challenge.Ripemd160.Submission.Proofs.Bytecode.PairedLaneCarry.shifted_product_gap' depends on axioms: [propext,
 Classical.choice,
 Quot.sound]
info: Challenge/Ripemd160/Submission/Proofs/Bytecode/PairedLaneCarry.lean:52:0: 'Challenge.Ripemd160.Submission.Proofs.Bytecode.PairedLaneCarry.blend_gap' depends on axioms: [propext, Quot.sound]
info: Challenge/Ripemd160/Submission/Proofs/Bytecode/PairedLaneCarry.lean:53:0: 'Challenge.Ripemd160.Submission.Proofs.Bytecode.PairedLaneCarry.blend_shifted_gap' depends on axioms: [propext,
 Classical.choice,
 Quot.sound]
ℹ [1026/1042] Replayed Challenge.Ripemd160.Submission.Proofs.Bytecode.PairedLaneWordBlend
info: Challenge/Ripemd160/Submission/Proofs/Bytecode/PairedLaneWordBlend.lean:17:0: 'Challenge.Ripemd160.Submission.Proofs.Bytecode.PairedLaneWordBlend.bits_wordBlend' depends on axioms: [propext,
 Quot.sound]
ℹ [1027/1042] Replayed Challenge.Ripemd160.Submission.Proofs.Bytecode.PairedLaneSumsBounds
info: Challenge/Ripemd160/Submission/Proofs/Bytecode/PairedLaneSumsBounds.lean:17:0: 'Challenge.Ripemd160.Submission.Proofs.Bytecode.PairedLaneCore.pair128_nat_bound' depends on axioms: [propext]
ℹ [1028/1042] Replayed Challenge.Ripemd160.Submission.Proofs.Bytecode.PairedLaneSumsLow
info: Challenge/Ripemd160/Submission/Proofs/Bytecode/PairedLaneSumsLow.lean:23:0: 'Challenge.Ripemd160.Submission.Proofs.Bytecode.PairedLaneCore.low_ofNat_pair' depends on axioms: [propext,
 Classical.choice,
 Quot.sound]
ℹ [1029/1042] Replayed Challenge.Ripemd160.Submission.Proofs.Bytecode.PairedLaneSumsHigh
info: Challenge/Ripemd160/Submission/Proofs/Bytecode/PairedLaneSumsHigh.lean:25:0: 'Challenge.Ripemd160.Submission.Proofs.Bytecode.PairedLaneCore.high_ofNat_pair' depends on axioms: [propext]
ℹ [1030/1042] Replayed Challenge.Ripemd160.Submission.Proofs.Bytecode.PairedLaneSumsNormalize
info: Challenge/Ripemd160/Submission/Proofs/Bytecode/PairedLaneSumsNormalize.lean:20:0: 'Challenge.Ripemd160.Submission.Proofs.Bytecode.PairedLaneCore.normalize_ofNat' depends on axioms: [propext,
 Classical.choice,
 Quot.sound]
ℹ [1031/1042] Replayed Challenge.Ripemd160.Submission.Proofs.Bytecode.PairedLaneSums
info: Challenge/Ripemd160/Submission/Proofs/Bytecode/PairedLaneSums.lean:42:0: 'Challenge.Ripemd160.Submission.Proofs.Bytecode.PairedLaneCore.normalize_four_adds' depends on axioms: [propext,
 Classical.choice,
 Quot.sound]
info: Challenge/Ripemd160/Submission/Proofs/Bytecode/PairedLaneSums.lean:43:0: 'Challenge.Ripemd160.Submission.Proofs.Bytecode.PairedLaneCore.and_four_adds' depends on axioms: [propext,
 Classical.choice,
 Quot.sound]
ℹ [1032/1042] Replayed Challenge.Ripemd160.Submission.Proofs.Bytecode.PairedLaneCarryAdd
info: Challenge/Ripemd160/Submission/Proofs/Bytecode/PairedLaneCarryAdd.lean:43:0: 'Challenge.Ripemd160.Submission.Proofs.Bytecode.PairedLaneCarry.high_add_nat' depends on axioms: [propext, Quot.sound]
info: Challenge/Ripemd160/Submission/Proofs/Bytecode/PairedLaneCarryAdd.lean:44:0: 'Challenge.Ripemd160.Submission.Proofs.Bytecode.PairedLaneCarry.normalize_add_pack' depends on axioms: [propext,
 Quot.sound]
ℹ [1033/1042] Replayed Challenge.Ripemd160.Submission.Proofs.Bytecode.PairedLaneScaledRotate
info: Challenge/Ripemd160/Submission/Proofs/Bytecode/PairedLaneScaledRotate.lean:278:0: 'Challenge.Ripemd160.Submission.Proofs.Bytecode.PairedLaneScaledRotate.low_scaleLow' depends on axioms: [propext,
 Classical.choice,
 Quot.sound]
info: Challenge/Ripemd160/Submission/Proofs/Bytecode/PairedLaneScaledRotate.lean:279:0: 'Challenge.Ripemd160.Submission.Proofs.Bytecode.PairedLaneScaledRotate.high_scaleLow' depends on axioms: [propext,
 Classical.choice,
 Quot.sound]
info: Challenge/Ripemd160/Submission/Proofs/Bytecode/PairedLaneScaledRotate.lean:280:0: 'Challenge.Ripemd160.Submission.Proofs.Bytecode.PairedLaneScaledRotate.gap_scaleLow' depends on axioms: [propext,
 Classical.choice,
 Quot.sound]
info: Challenge/Ripemd160/Submission/Proofs/Bytecode/PairedLaneScaledRotate.lean:281:0: 'Challenge.Ripemd160.Submission.Proofs.Bytecode.PairedLaneScaledRotate.low_scaleHigh' depends on axioms: [propext,
 Classical.choice,
 Quot.sound]
info: Challenge/Ripemd160/Submission/Proofs/Bytecode/PairedLaneScaledRotate.lean:282:0: 'Challenge.Ripemd160.Submission.Proofs.Bytecode.PairedLaneScaledRotate.high_scaleHigh' depends on axioms: [propext,
 Classical.choice,
 Quot.sound]
info: Challenge/Ripemd160/Submission/Proofs/Bytecode/PairedLaneScaledRotate.lean:283:0: 'Challenge.Ripemd160.Submission.Proofs.Bytecode.PairedLaneScaledRotate.gap_scaleHigh' depends on axioms: [propext,
 Classical.choice,
 Quot.sound]
ℹ [1034/1042] Replayed Challenge.Ripemd160.Submission.Proofs.Bytecode.PairedLaneRoundSemantic
info: Challenge/Ripemd160/Submission/Proofs/Bytecode/PairedLaneRoundSemantic.lean:133:0: 'Challenge.Ripemd160.Submission.Proofs.Bytecode.PairedLaneRoundSemantic.low_blend' depends on axioms: [propext,
 Quot.sound]
info: Challenge/Ripemd160/Submission/Proofs/Bytecode/PairedLaneRoundSemantic.lean:134:0: 'Challenge.Ripemd160.Submission.Proofs.Bytecode.PairedLaneRoundSemantic.high_blend' depends on axioms: [propext,
 Classical.choice,
 Quot.sound]
info: Challenge/Ripemd160/Submission/Proofs/Bytecode/PairedLaneRoundSemantic.lean:135:0: 'Challenge.Ripemd160.Submission.Proofs.Bytecode.PairedLaneRoundSemantic.low_rawRotate' depends on axioms: [propext,
 Classical.choice,
 Quot.sound]
info: Challenge/Ripemd160/Submission/Proofs/Bytecode/PairedLaneRoundSemantic.lean:136:0: 'Challenge.Ripemd160.Submission.Proofs.Bytecode.PairedLaneRoundSemantic.high_rawRotate' depends on axioms: [propext,
 Classical.choice,
 Quot.sound]
info: Challenge/Ripemd160/Submission/Proofs/Bytecode/PairedLaneRoundSemantic.lean:137:0: 'Challenge.Ripemd160.Submission.Proofs.Bytecode.PairedLaneRoundSemantic.rawRotate_gap' depends on axioms: [propext,
 Classical.choice,
 Quot.sound]
info: Challenge/Ripemd160/Submission/Proofs/Bytecode/PairedLaneRoundSemantic.lean:138:0: 'Challenge.Ripemd160.Submission.Proofs.Bytecode.PairedLaneRoundSemantic.pairedSum_pack' depends on axioms: [propext,
 Classical.choice,
 Quot.sound]
info: Challenge/Ripemd160/Submission/Proofs/Bytecode/PairedLaneRoundSemantic.lean:139:0: 'Challenge.Ripemd160.Submission.Proofs.Bytecode.PairedLaneRoundSemantic.pairedT_pack' depends on axioms: [propext,
 Classical.choice,
 Quot.sound]
info: Challenge/Ripemd160/Submission/Proofs/Bytecode/PairedLaneRoundSemantic.lean:140:0: 'Challenge.Ripemd160.Submission.Proofs.Bytecode.PairedLaneRoundSemantic.pairedStep_pack' depends on axioms: [propext,
 Classical.choice,
 Quot.sound]
ℹ [1035/1042] Replayed Challenge.Ripemd160.Submission.Proofs.Bytecode.PairedLaneWordRotate
info: Challenge/Ripemd160/Submission/Proofs/Bytecode/PairedLaneWordRotate.lean:17:0: 'Challenge.Ripemd160.Submission.Proofs.Bytecode.PairedLaneWordRotate.bits_productShift' depends on axioms: [propext]
info: Challenge/Ripemd160/Submission/Proofs/Bytecode/PairedLaneWordRotate.lean:29:0: 'Challenge.Ripemd160.Submission.Proofs.Bytecode.PairedLaneWordRotate.bits_wordShift' depends on axioms: [propext]
info: Challenge/Ripemd160/Submission/Proofs/Bytecode/PairedLaneWordRotate.lean:43:0: 'Challenge.Ripemd160.Submission.Proofs.Bytecode.PairedLaneWordRotate.bits_wordScale_lower' depends on axioms: [propext,
 Quot.sound]
info: Challenge/Ripemd160/Submission/Proofs/Bytecode/PairedLaneWordRotate.lean:44:0: 'Challenge.Ripemd160.Submission.Proofs.Bytecode.PairedLaneWordRotate.bits_wordScale_upper' depends on axioms: [propext,
 Quot.sound]
info: Challenge/Ripemd160/Submission/Proofs/Bytecode/PairedLaneWordRotate.lean:64:0: 'Challenge.Ripemd160.Submission.Proofs.Bytecode.PairedLaneWordRotate.bits_wordRotate' depends on axioms: [propext,
 Quot.sound]
ℹ [1036/1042] Replayed Challenge.Ripemd160.Submission.Proofs.Bytecode.PairedLaneCryptoBridge
info: Challenge/Ripemd160/Submission/Proofs/Bytecode/PairedLaneCryptoBridge.lean:97:0: 'Challenge.Ripemd160.Submission.Proofs.Bytecode.PairedLaneCryptoBridge.select_xor' depends on axioms: [propext,
 Classical.choice,
 Quot.sound]
info: Challenge/Ripemd160/Submission/Proofs/Bytecode/PairedLaneCryptoBridge.lean:98:0: 'Challenge.Ripemd160.Submission.Proofs.Bytecode.PairedLaneCryptoBridge.crypto_f_toBitVec' depends on axioms: [propext,
 Classical.choice,
 Quot.sound]
info: Challenge/Ripemd160/Submission/Proofs/Bytecode/PairedLaneCryptoBridge.lean:99:0: 'Challenge.Ripemd160.Submission.Proofs.Bytecode.PairedLaneCryptoBridge.crypto_rotl_toBitVec' depends on axioms: [propext,
 Quot.sound]
info: Challenge/Ripemd160/Submission/Proofs/Bytecode/PairedLaneCryptoBridge.lean:100:0: 'Challenge.Ripemd160.Submission.Proofs.Bytecode.PairedLaneCryptoBridge.cryptoStep_bits' depends on axioms: [propext,
 Classical.choice,
 Quot.sound]
info: Challenge/Ripemd160/Submission/Proofs/Bytecode/PairedLaneCryptoBridge.lean:101:0: 'Challenge.Ripemd160.Submission.Proofs.Bytecode.PairedLaneCryptoBridge.pairedStep_of_crypto' depends on axioms: [propext,
 Classical.choice,
 Quot.sound]
ℹ [1037/1042] Replayed Challenge.Ripemd160.Submission.Proofs.Bytecode.PairedLaneWordRound
info: Challenge/Ripemd160/Submission/Proofs/Bytecode/PairedLaneWordRound.lean:23:0: 'Challenge.Ripemd160.Submission.Proofs.Bytecode.PairedLaneWordRound.bits_wordSum' depends on axioms: [propext,
 Classical.choice,
 Quot.sound]
info: Challenge/Ripemd160/Submission/Proofs/Bytecode/PairedLaneWordRound.lean:34:0: 'Challenge.Ripemd160.Submission.Proofs.Bytecode.PairedLaneWordRound.bits_wordT' depends on axioms: [propext,
 Classical.choice,
 Quot.sound]
info: Challenge/Ripemd160/Submission/Proofs/Bytecode/PairedLaneWordRound.lean:52:0: 'Challenge.Ripemd160.Submission.Proofs.Bytecode.PairedLaneWordRound.bitLane_injective' does not depend on any axioms
info: Challenge/Ripemd160/Submission/Proofs/Bytecode/PairedLaneWordRound.lean:66:0: 'Challenge.Ripemd160.Submission.Proofs.Bytecode.PairedLaneWordRound.bitLane_wordStep' depends on axioms: [propext,
 Classical.choice,
 Quot.sound]
info: Challenge/Ripemd160/Submission/Proofs/Bytecode/PairedLaneWordRound.lean:83:0: 'Challenge.Ripemd160.Submission.Proofs.Bytecode.PairedLaneWordRound.bitLane_liftLane' does not depend on any axioms
info: Challenge/Ripemd160/Submission/Proofs/Bytecode/PairedLaneWordRound.lean:84:0: 'Challenge.Ripemd160.Submission.Proofs.Bytecode.PairedLaneWordRound.wordStep_of_crypto' depends on axioms: [propext,
 Classical.choice,
 Quot.sound]
ℹ [1040/1042] Replayed Challenge.Ripemd160.Submission.Proofs.Bytecode.ScheduleLayout
info: Challenge/Ripemd160/Submission/Proofs/Bytecode/ScheduleLayout.lean:95:0: 'Challenge.Ripemd160.Submission.Proofs.Bytecode.ScheduleLayout.perm_of_ge' depends on axioms: [propext, Quot.sound]
info: Challenge/Ripemd160/Submission/Proofs/Bytecode/ScheduleLayout.lean:96:0: 'Challenge.Ripemd160.Submission.Proofs.Bytecode.ScheduleLayout.perm_perm' depends on axioms: [propext, Quot.sound]
info: Challenge/Ripemd160/Submission/Proofs/Bytecode/ScheduleLayout.lean:97:0: 'Challenge.Ripemd160.Submission.Proofs.Bytecode.ScheduleLayout.perm_inj' depends on axioms: [propext, Quot.sound]
info: Challenge/Ripemd160/Submission/Proofs/Bytecode/ScheduleLayout.lean:98:0: 'Challenge.Ripemd160.Submission.Proofs.Bytecode.ScheduleLayout.perm_lt' does not depend on any axioms
info: Challenge/Ripemd160/Submission/Proofs/Bytecode/ScheduleLayout.lean:99:0: 'Challenge.Ripemd160.Submission.Proofs.Bytecode.ScheduleLayout.perm_le' depends on axioms: [propext, Quot.sound]
info: Challenge/Ripemd160/Submission/Proofs/Bytecode/ScheduleLayout.lean:100:0: 'Challenge.Ripemd160.Submission.Proofs.Bytecode.ScheduleLayout.perm_table' does not depend on any axioms
info: Challenge/Ripemd160/Submission/Proofs/Bytecode/ScheduleLayout.lean:101:0: 'Challenge.Ripemd160.Submission.Proofs.Bytecode.ScheduleLayout.perm_sixteen' does not depend on any axioms
info: Challenge/Ripemd160/Submission/Proofs/Bytecode/ScheduleLayout.lean:102:0: 'Challenge.Ripemd160.Submission.Proofs.Bytecode.ScheduleLayout.cell_sixteen' does not depend on any axioms
info: Challenge/Ripemd160/Submission/Proofs/Bytecode/ScheduleLayout.lean:103:0: 'Challenge.Ripemd160.Submission.Proofs.Bytecode.ScheduleLayout.cell_le' depends on axioms: [propext, Quot.sound]
info: Challenge/Ripemd160/Submission/Proofs/Bytecode/ScheduleLayout.lean:104:0: 'Challenge.Ripemd160.Submission.Proofs.Bytecode.ScheduleLayout.cell_lt_word' depends on axioms: [propext, Quot.sound]
info: Challenge/Ripemd160/Submission/Proofs/Bytecode/ScheduleLayout.lean:105:0: 'Challenge.Ripemd160.Submission.Proofs.Bytecode.ScheduleLayout.cell_disjoint' depends on axioms: [propext, Quot.sound]
ℹ [1041/1042] Replayed Challenge.Ripemd160.Submission.Proofs.Bytecode.PairedHelperBooleanTrace
info: Challenge/Ripemd160/Submission/Proofs/Bytecode/PairedHelperBooleanTrace.lean:756:0: 'Challenge.Ripemd160.Submission.Proofs.Bytecode.PairedHelperBooleanTrace.scaledT_of_boolean_low' depends on axioms: [propext,
 Quot.sound]
info: Challenge/Ripemd160/Submission/Proofs/Bytecode/PairedHelperBooleanTrace.lean:757:0: 'Challenge.Ripemd160.Submission.Proofs.Bytecode.PairedHelperBooleanTrace.scaledT_of_boolean_high' depends on axioms: [propext,
 Quot.sound]
info: Challenge/Ripemd160/Submission/Proofs/Bytecode/PairedHelperBooleanTrace.lean:758:0: 'Challenge.Ripemd160.Submission.Proofs.Bytecode.PairedHelperBooleanTrace.scaledOneT_of_boolean_low' depends on axioms: [propext,
 Quot.sound]
info: Challenge/Ripemd160/Submission/Proofs/Bytecode/PairedHelperBooleanTrace.lean:759:0: 'Challenge.Ripemd160.Submission.Proofs.Bytecode.PairedHelperBooleanTrace.scaledOneT_of_boolean_high' depends on axioms: [propext,
 Quot.sound]
info: Challenge/Ripemd160/Submission/Proofs/Bytecode/PairedHelperBooleanTrace.lean:760:0: 'Challenge.Ripemd160.Submission.Proofs.Bytecode.PairedHelperBooleanTrace.singleT_of_boolean' depends on axioms: [propext,
 Quot.sound]
info: Challenge/Ripemd160/Submission/Proofs/Bytecode/PairedHelperBooleanTrace.lean:8463:0: 'Challenge.Ripemd160.Submission.Proofs.Bytecode.PairedHelperBooleanTrace.template_length' does not depend on any axioms
info: Challenge/Ripemd160/Submission/Proofs/Bytecode/PairedHelperBooleanTrace.lean:8464:0: 'Challenge.Ripemd160.Submission.Proofs.Bytecode.PairedHelperBooleanTrace.run_template' depends on axioms: [propext,
 Quot.sound]
info: Challenge/Ripemd160/Submission/Proofs/Bytecode/PairedHelperBooleanTrace.lean:8465:0: 'Challenge.Ripemd160.Submission.Proofs.Bytecode.PairedHelperBooleanTrace.rawBoolean_eq' depends on axioms: [propext,
 Classical.choice,
 Quot.sound]
info: Challenge/Ripemd160/Submission/Proofs/Bytecode/PairedHelperBooleanTrace.lean:8466:0: 'Challenge.Ripemd160.Submission.Proofs.Bytecode.PairedHelperBooleanTrace.firstTTemplate_length' does not depend on any axioms
info: Challenge/Ripemd160/Submission/Proofs/Bytecode/PairedHelperBooleanTrace.lean:8467:0: 'Challenge.Ripemd160.Submission.Proofs.Bytecode.PairedHelperBooleanTrace.run_firstTTemplate' depends on axioms: [propext,
 Quot.sound]
info: Challenge/Ripemd160/Submission/Proofs/Bytecode/PairedHelperBooleanTrace.lean:8468:0: 'Challenge.Ripemd160.Submission.Proofs.Bytecode.PairedHelperBooleanTrace.firstC10Template_length' does not depend on any axioms
info: Challenge/Ripemd160/Submission/Proofs/Bytecode/PairedHelperBooleanTrace.lean:8469:0: 'Challenge.Ripemd160.Submission.Proofs.Bytecode.PairedHelperBooleanTrace.run_firstC10Template' depends on axioms: [propext,
 Quot.sound]
info: Challenge/Ripemd160/Submission/Proofs/Bytecode/PairedHelperBooleanTrace.lean:8470:0: 'Challenge.Ripemd160.Submission.Proofs.Bytecode.PairedHelperBooleanTrace.secondBooleanTemplate_length' does not depend on any axioms
info: Challenge/Ripemd160/Submission/Proofs/Bytecode/PairedHelperBooleanTrace.lean:8471:0: 'Challenge.Ripemd160.Submission.Proofs.Bytecode.PairedHelperBooleanTrace.run_secondBooleanTemplate' depends on axioms: [propext,
 Quot.sound]
info: Challenge/Ripemd160/Submission/Proofs/Bytecode/PairedHelperBooleanTrace.lean:8472:0: 'Challenge.Ripemd160.Submission.Proofs.Bytecode.PairedHelperBooleanTrace.secondTTemplate_length' does not depend on any axioms
info: Challenge/Ripemd160/Submission/Proofs/Bytecode/PairedHelperBooleanTrace.lean:8473:0: 'Challenge.Ripemd160.Submission.Proofs.Bytecode.PairedHelperBooleanTrace.run_secondTTemplate' depends on axioms: [propext,
 Quot.sound]
info: Challenge/Ripemd160/Submission/Proofs/Bytecode/PairedHelperBooleanTrace.lean:8474:0: 'Challenge.Ripemd160.Submission.Proofs.Bytecode.PairedHelperBooleanTrace.secondC10Template_length' does not depend on any axioms
info: Challenge/Ripemd160/Submission/Proofs/Bytecode/PairedHelperBooleanTrace.lean:8475:0: 'Challenge.Ripemd160.Submission.Proofs.Bytecode.PairedHelperBooleanTrace.run_secondC10Template' depends on axioms: [propext,
 Quot.sound]
info: Challenge/Ripemd160/Submission/Proofs/Bytecode/PairedHelperBooleanTrace.lean:8476:0: 'Challenge.Ripemd160.Submission.Proofs.Bytecode.PairedHelperBooleanTrace.run_returnTemplate' depends on axioms: [propext,
 Quot.sound]
info: Challenge/Ripemd160/Submission/Proofs/Bytecode/PairedHelperBooleanTrace.lean:8477:0: 'Challenge.Ripemd160.Submission.Proofs.Bytecode.PairedHelperBooleanTrace.fullTemplate_length' does not depend on any axioms
info: Challenge/Ripemd160/Submission/Proofs/Bytecode/PairedHelperBooleanTrace.lean:8478:0: 'Challenge.Ripemd160.Submission.Proofs.Bytecode.PairedHelperBooleanTrace.fullTemplate_byteLength' depends on axioms: [propext]
info: Challenge/Ripemd160/Submission/Proofs/Bytecode/PairedHelperBooleanTrace.lean:8479:0: 'Challenge.Ripemd160.Submission.Proofs.Bytecode.PairedHelperBooleanTrace.run_fullTemplate' depends on axioms: [propext,
 Quot.sound]
info: Challenge/Ripemd160/Submission/Proofs/Bytecode/PairedHelperBooleanTrace.lean:8480:0: 'Challenge.Ripemd160.Submission.Proofs.Bytecode.PairedHelperBooleanTrace.uand_comm' depends on axioms: [propext,
 Quot.sound]
info: Challenge/Ripemd160/Submission/Proofs/Bytecode/PairedHelperBooleanTrace.lean:8481:0: 'Challenge.Ripemd160.Submission.Proofs.Bytecode.PairedHelperBooleanTrace.umul_comm' does not depend on any axioms
info: Challenge/Ripemd160/Submission/Proofs/Bytecode/PairedHelperBooleanTrace.lean:8482:0: 'Challenge.Ripemd160.Submission.Proofs.Bytecode.PairedHelperBooleanTrace.wordBlend_self' depends on axioms: [propext,
 Quot.sound]
info: Challenge/Ripemd160/Submission/Proofs/Bytecode/PairedHelperBooleanTrace.lean:8483:0: 'Challenge.Ripemd160.Submission.Proofs.Bytecode.PairedHelperBooleanTrace.rawSum_eq' depends on axioms: [propext,
 Quot.sound]
info: Challenge/Ripemd160/Submission/Proofs/Bytecode/PairedHelperBooleanTrace.lean:8484:0: 'Challenge.Ripemd160.Submission.Proofs.Bytecode.PairedHelperBooleanTrace.rawC10_eq' depends on axioms: [propext,
 Quot.sound]
info: Challenge/Ripemd160/Submission/Proofs/Bytecode/PairedHelperBooleanTrace.lean:8485:0: 'Challenge.Ripemd160.Submission.Proofs.Bytecode.PairedHelperBooleanTrace.fullTemplate_eq_frozenHelper' does not depend on any axioms
info: Challenge/Ripemd160/Submission/Proofs/Bytecode/PairedHelperBooleanTrace.lean:8486:0: 'Challenge.Ripemd160.Submission.Proofs.Bytecode.PairedHelperBooleanTrace.active_schedule_preserved' depends on axioms: [propext,
 Quot.sound]
info: Challenge/Ripemd160/Submission/Proofs/Bytecode/PairedHelperBooleanTrace.lean:8487:0: 'Challenge.Ripemd160.Submission.Proofs.Bytecode.PairedHelperBooleanTrace.rawSum_of_boolean' depends on axioms: [propext,
 Quot.sound]
info: Challenge/Ripemd160/Submission/Proofs/Bytecode/PairedHelperBooleanTrace.lean:8488:0: 'Challenge.Ripemd160.Submission.Proofs.Bytecode.PairedHelperBooleanTrace.inline0Boolean_eq' depends on axioms: [propext,
 Classical.choice,
 Quot.sound]
info: Challenge/Ripemd160/Submission/Proofs/Bytecode/PairedHelperBooleanTrace.lean:8489:0: 'Challenge.Ripemd160.Submission.Proofs.Bytecode.PairedHelperBooleanTrace.inline2Boolean_eq' depends on axioms: [propext,
 Quot.sound]
info: Challenge/Ripemd160/Submission/Proofs/Bytecode/PairedHelperBooleanTrace.lean:8490:0: 'Challenge.Ripemd160.Submission.Proofs.Bytecode.PairedHelperBooleanTrace.inline3Boolean_eq' depends on axioms: [propext,
 Classical.choice,
 Quot.sound]
info: Challenge/Ripemd160/Submission/Proofs/Bytecode/PairedHelperBooleanTrace.lean:8491:0: 'Challenge.Ripemd160.Submission.Proofs.Bytecode.PairedHelperBooleanTrace.inline4Boolean_eq' depends on axioms: [propext,
 Classical.choice,
 Quot.sound]
info: Challenge/Ripemd160/Submission/Proofs/Bytecode/PairedHelperBooleanTrace.lean:8492:0: 'Challenge.Ripemd160.Submission.Proofs.Bytecode.PairedHelperBooleanTrace.inlineProduct_eq' depends on axioms: [propext,
 Quot.sound]
info: Challenge/Ripemd160/Submission/Proofs/Bytecode/PairedHelperBooleanTrace.lean:8493:0: 'Challenge.Ripemd160.Submission.Proofs.Bytecode.PairedHelperBooleanTrace.inlineT_eq_rawT' depends on axioms: [propext,
 Quot.sound]
info: Challenge/Ripemd160/Submission/Proofs/Bytecode/PairedHelperBooleanTrace.lean:8494:0: 'Challenge.Ripemd160.Submission.Proofs.Bytecode.PairedHelperBooleanTrace.singleT_eq_rawT' depends on axioms: [propext,
 Quot.sound]
info: Challenge/Ripemd160/Submission/Proofs/Bytecode/PairedHelperBooleanTrace.lean:8495:0: 'Challenge.Ripemd160.Submission.Proofs.Bytecode.PairedHelperBooleanTrace.inline0Template_length' does not depend on any axioms
info: Challenge/Ripemd160/Submission/Proofs/Bytecode/PairedHelperBooleanTrace.lean:8496:0: 'Challenge.Ripemd160.Submission.Proofs.Bytecode.PairedHelperBooleanTrace.run_inline0Template' depends on axioms: [propext,
 Quot.sound]
info: Challenge/Ripemd160/Submission/Proofs/Bytecode/PairedHelperBooleanTrace.lean:8497:0: 'Challenge.Ripemd160.Submission.Proofs.Bytecode.PairedHelperBooleanTrace.inline1Template_length' does not depend on any axioms
info: Challenge/Ripemd160/Submission/Proofs/Bytecode/PairedHelperBooleanTrace.lean:8498:0: 'Challenge.Ripemd160.Submission.Proofs.Bytecode.PairedHelperBooleanTrace.run_inline1Template' depends on axioms: [propext,
 Quot.sound]
info: Challenge/Ripemd160/Submission/Proofs/Bytecode/PairedHelperBooleanTrace.lean:8499:0: 'Challenge.Ripemd160.Submission.Proofs.Bytecode.PairedHelperBooleanTrace.inline2Template_length' does not depend on any axioms
info: Challenge/Ripemd160/Submission/Proofs/Bytecode/PairedHelperBooleanTrace.lean:8500:0: 'Challenge.Ripemd160.Submission.Proofs.Bytecode.PairedHelperBooleanTrace.run_inline2Template' depends on axioms: [propext,
 Quot.sound]
info: Challenge/Ripemd160/Submission/Proofs/Bytecode/PairedHelperBooleanTrace.lean:8501:0: 'Challenge.Ripemd160.Submission.Proofs.Bytecode.PairedHelperBooleanTrace.inline3Template_length' does not depend on any axioms
info: Challenge/Ripemd160/Submission/Proofs/Bytecode/PairedHelperBooleanTrace.lean:8502:0: 'Challenge.Ripemd160.Submission.Proofs.Bytecode.PairedHelperBooleanTrace.run_inline3Template' depends on axioms: [propext,
 Quot.sound]
info: Challenge/Ripemd160/Submission/Proofs/Bytecode/PairedHelperBooleanTrace.lean:8503:0: 'Challenge.Ripemd160.Submission.Proofs.Bytecode.PairedHelperBooleanTrace.inline4Template_length' does not depend on any axioms
info: Challenge/Ripemd160/Submission/Proofs/Bytecode/PairedHelperBooleanTrace.lean:8504:0: 'Challenge.Ripemd160.Submission.Proofs.Bytecode.PairedHelperBooleanTrace.run_inline4Template' depends on axioms: [propext,
 Quot.sound]
info: Challenge/Ripemd160/Submission/Proofs/Bytecode/PairedHelperBooleanTrace.lean:8505:0: 'Challenge.Ripemd160.Submission.Proofs.Bytecode.PairedHelperBooleanTrace.inline5Template_length' does not depend on any axioms
info: Challenge/Ripemd160/Submission/Proofs/Bytecode/PairedHelperBooleanTrace.lean:8506:0: 'Challenge.Ripemd160.Submission.Proofs.Bytecode.PairedHelperBooleanTrace.run_inline5Template' depends on axioms: [propext,
 Quot.sound]
info: Challenge/Ripemd160/Submission/Proofs/Bytecode/PairedHelperBooleanTrace.lean:8507:0: 'Challenge.Ripemd160.Submission.Proofs.Bytecode.PairedHelperBooleanTrace.inline6Template_length' does not depend on any axioms
info: Challenge/Ripemd160/Submission/Proofs/Bytecode/PairedHelperBooleanTrace.lean:8508:0: 'Challenge.Ripemd160.Submission.Proofs.Bytecode.PairedHelperBooleanTrace.run_inline6Template' depends on axioms: [propext,
 Quot.sound]
info: Challenge/Ripemd160/Submission/Proofs/Bytecode/PairedHelperBooleanTrace.lean:8509:0: 'Challenge.Ripemd160.Submission.Proofs.Bytecode.PairedHelperBooleanTrace.inline7Template_length' does not depend on any axioms
info: Challenge/Ripemd160/Submission/Proofs/Bytecode/PairedHelperBooleanTrace.lean:8510:0: 'Challenge.Ripemd160.Submission.Proofs.Bytecode.PairedHelperBooleanTrace.run_inline7Template' depends on axioms: [propext,
 Quot.sound]
info: Challenge/Ripemd160/Submission/Proofs/Bytecode/PairedHelperBooleanTrace.lean:8511:0: 'Challenge.Ripemd160.Submission.Proofs.Bytecode.PairedHelperBooleanTrace.inline8Template_length' does not depend on any axioms
info: Challenge/Ripemd160/Submission/Proofs/Bytecode/PairedHelperBooleanTrace.lean:8512:0: 'Challenge.Ripemd160.Submission.Proofs.Bytecode.PairedHelperBooleanTrace.run_inline8Template' depends on axioms: [propext,
 Quot.sound]
info: Challenge/Ripemd160/Submission/Proofs/Bytecode/PairedHelperBooleanTrace.lean:8513:0: 'Challenge.Ripemd160.Submission.Proofs.Bytecode.PairedHelperBooleanTrace.inline9Template_length' does not depend on any axioms
info: Challenge/Ripemd160/Submission/Proofs/Bytecode/PairedHelperBooleanTrace.lean:8514:0: 'Challenge.Ripemd160.Submission.Proofs.Bytecode.PairedHelperBooleanTrace.run_inline9Template' depends on axioms: [propext,
 Quot.sound]
info: Challenge/Ripemd160/Submission/Proofs/Bytecode/PairedHelperBooleanTrace.lean:8515:0: 'Challenge.Ripemd160.Submission.Proofs.Bytecode.PairedHelperBooleanTrace.inline10Template_length' does not depend on any axioms
info: Challenge/Ripemd160/Submission/Proofs/Bytecode/PairedHelperBooleanTrace.lean:8516:0: 'Challenge.Ripemd160.Submission.Proofs.Bytecode.PairedHelperBooleanTrace.run_inline10Template' depends on axioms: [propext,
 Quot.sound]
info: Challenge/Ripemd160/Submission/Proofs/Bytecode/PairedHelperBooleanTrace.lean:8517:0: 'Challenge.Ripemd160.Submission.Proofs.Bytecode.PairedHelperBooleanTrace.inline11Template_length' does not depend on any axioms
info: Challenge/Ripemd160/Submission/Proofs/Bytecode/PairedHelperBooleanTrace.lean:8518:0: 'Challenge.Ripemd160.Submission.Proofs.Bytecode.PairedHelperBooleanTrace.run_inline11Template' depends on axioms: [propext,
 Quot.sound]
info: Challenge/Ripemd160/Submission/Proofs/Bytecode/PairedHelperBooleanTrace.lean:8519:0: 'Challenge.Ripemd160.Submission.Proofs.Bytecode.PairedHelperBooleanTrace.inline12Template_length' does not depend on any axioms
info: Challenge/Ripemd160/Submission/Proofs/Bytecode/PairedHelperBooleanTrace.lean:8520:0: 'Challenge.Ripemd160.Submission.Proofs.Bytecode.PairedHelperBooleanTrace.run_inline12Template' depends on axioms: [propext,
 Quot.sound]
info: Challenge/Ripemd160/Submission/Proofs/Bytecode/PairedHelperBooleanTrace.lean:8521:0: 'Challenge.Ripemd160.Submission.Proofs.Bytecode.PairedHelperBooleanTrace.inline13Template_length' does not depend on any axioms
info: Challenge/Ripemd160/Submission/Proofs/Bytecode/PairedHelperBooleanTrace.lean:8522:0: 'Challenge.Ripemd160.Submission.Proofs.Bytecode.PairedHelperBooleanTrace.run_inline13Template' depends on axioms: [propext,
 Quot.sound]
info: Challenge/Ripemd160/Submission/Proofs/Bytecode/PairedHelperBooleanTrace.lean:8523:0: 'Challenge.Ripemd160.Submission.Proofs.Bytecode.PairedHelperBooleanTrace.inline14Template_length' does not depend on any axioms
info: Challenge/Ripemd160/Submission/Proofs/Bytecode/PairedHelperBooleanTrace.lean:8524:0: 'Challenge.Ripemd160.Submission.Proofs.Bytecode.PairedHelperBooleanTrace.run_inline14Template' depends on axioms: [propext,
 Quot.sound]
info: Challenge/Ripemd160/Submission/Proofs/Bytecode/PairedHelperBooleanTrace.lean:8525:0: 'Challenge.Ripemd160.Submission.Proofs.Bytecode.PairedHelperBooleanTrace.inline15Template_length' does not depend on any axioms
info: Challenge/Ripemd160/Submission/Proofs/Bytecode/PairedHelperBooleanTrace.lean:8526:0: 'Challenge.Ripemd160.Submission.Proofs.Bytecode.PairedHelperBooleanTrace.run_inline15Template' depends on axioms: [propext,
 Quot.sound]
info: Challenge/Ripemd160/Submission/Proofs/Bytecode/PairedHelperBooleanTrace.lean:8527:0: 'Challenge.Ripemd160.Submission.Proofs.Bytecode.PairedHelperBooleanTrace.inline18Template_length' does not depend on any axioms
info: Challenge/Ripemd160/Submission/Proofs/Bytecode/PairedHelperBooleanTrace.lean:8528:0: 'Challenge.Ripemd160.Submission.Proofs.Bytecode.PairedHelperBooleanTrace.run_inline18Template' depends on axioms: [propext,
 Quot.sound]
info: Challenge/Ripemd160/Submission/Proofs/Bytecode/PairedHelperBooleanTrace.lean:8529:0: 'Challenge.Ripemd160.Submission.Proofs.Bytecode.PairedHelperBooleanTrace.inline19Template_length' does not depend on any axioms
info: Challenge/Ripemd160/Submission/Proofs/Bytecode/PairedHelperBooleanTrace.lean:8530:0: 'Challenge.Ripemd160.Submission.Proofs.Bytecode.PairedHelperBooleanTrace.run_inline19Template' depends on axioms: [propext,
 Quot.sound]
info: Challenge/Ripemd160/Submission/Proofs/Bytecode/PairedHelperBooleanTrace.lean:8531:0: 'Challenge.Ripemd160.Submission.Proofs.Bytecode.PairedHelperBooleanTrace.inline24Template_length' does not depend on any axioms
info: Challenge/Ripemd160/Submission/Proofs/Bytecode/PairedHelperBooleanTrace.lean:8532:0: 'Challenge.Ripemd160.Submission.Proofs.Bytecode.PairedHelperBooleanTrace.run_inline24Template' depends on axioms: [propext,
 Quot.sound]
info: Challenge/Ripemd160/Submission/Proofs/Bytecode/PairedHelperBooleanTrace.lean:8533:0: 'Challenge.Ripemd160.Submission.Proofs.Bytecode.PairedHelperBooleanTrace.inline25Template_length' does not depend on any axioms
info: Challenge/Ripemd160/Submission/Proofs/Bytecode/PairedHelperBooleanTrace.lean:8534:0: 'Challenge.Ripemd160.Submission.Proofs.Bytecode.PairedHelperBooleanTrace.run_inline25Template' depends on axioms: [propext,
 Quot.sound]
info: Challenge/Ripemd160/Submission/Proofs/Bytecode/PairedHelperBooleanTrace.lean:8535:0: 'Challenge.Ripemd160.Submission.Proofs.Bytecode.PairedHelperBooleanTrace.inline30Template_length' does not depend on any axioms
info: Challenge/Ripemd160/Submission/Proofs/Bytecode/PairedHelperBooleanTrace.lean:8536:0: 'Challenge.Ripemd160.Submission.Proofs.Bytecode.PairedHelperBooleanTrace.run_inline30Template' depends on axioms: [propext,
 Quot.sound]
info: Challenge/Ripemd160/Submission/Proofs/Bytecode/PairedHelperBooleanTrace.lean:8537:0: 'Challenge.Ripemd160.Submission.Proofs.Bytecode.PairedHelperBooleanTrace.inline31Template_length' does not depend on any axioms
info: Challenge/Ripemd160/Submission/Proofs/Bytecode/PairedHelperBooleanTrace.lean:8538:0: 'Challenge.Ripemd160.Submission.Proofs.Bytecode.PairedHelperBooleanTrace.run_inline31Template' depends on axioms: [propext,
 Quot.sound]
info: Challenge/Ripemd160/Submission/Proofs/Bytecode/PairedHelperBooleanTrace.lean:8539:0: 'Challenge.Ripemd160.Submission.Proofs.Bytecode.PairedHelperBooleanTrace.inline32Template_length' does not depend on any axioms
info: Challenge/Ripemd160/Submission/Proofs/Bytecode/PairedHelperBooleanTrace.lean:8540:0: 'Challenge.Ripemd160.Submission.Proofs.Bytecode.PairedHelperBooleanTrace.run_inline32Template' depends on axioms: [propext,
 Quot.sound]
info: Challenge/Ripemd160/Submission/Proofs/Bytecode/PairedHelperBooleanTrace.lean:8541:0: 'Challenge.Ripemd160.Submission.Proofs.Bytecode.PairedHelperBooleanTrace.inline33Template_length' does not depend on any axioms
info: Challenge/Ripemd160/Submission/Proofs/Bytecode/PairedHelperBooleanTrace.lean:8542:0: 'Challenge.Ripemd160.Submission.Proofs.Bytecode.PairedHelperBooleanTrace.run_inline33Template' depends on axioms: [propext,
 Quot.sound]
info: Challenge/Ripemd160/Submission/Proofs/Bytecode/PairedHelperBooleanTrace.lean:8543:0: 'Challenge.Ripemd160.Submission.Proofs.Bytecode.PairedHelperBooleanTrace.inline34Template_length' does not depend on any axioms
info: Challenge/Ripemd160/Submission/Proofs/Bytecode/PairedHelperBooleanTrace.lean:8544:0: 'Challenge.Ripemd160.Submission.Proofs.Bytecode.PairedHelperBooleanTrace.run_inline34Template' depends on axioms: [propext,
 Quot.sound]
info: Challenge/Ripemd160/Submission/Proofs/Bytecode/PairedHelperBooleanTrace.lean:8545:0: 'Challenge.Ripemd160.Submission.Proofs.Bytecode.PairedHelperBooleanTrace.inline35Template_length' does not depend on any axioms
info: Challenge/Ripemd160/Submission/Proofs/Bytecode/PairedHelperBooleanTrace.lean:8546:0: 'Challenge.Ripemd160.Submission.Proofs.Bytecode.PairedHelperBooleanTrace.run_inline35Template' depends on axioms: [propext,
 Quot.sound]
info: Challenge/Ripemd160/Submission/Proofs/Bytecode/PairedHelperBooleanTrace.lean:8547:0: 'Challenge.Ripemd160.Submission.Proofs.Bytecode.PairedHelperBooleanTrace.inline36Template_length' does not depend on any axioms
info: Challenge/Ripemd160/Submission/Proofs/Bytecode/PairedHelperBooleanTrace.lean:8548:0: 'Challenge.Ripemd160.Submission.Proofs.Bytecode.PairedHelperBooleanTrace.run_inline36Template' depends on axioms: [propext,
 Quot.sound]
info: Challenge/Ripemd160/Submission/Proofs/Bytecode/PairedHelperBooleanTrace.lean:8549:0: 'Challenge.Ripemd160.Submission.Proofs.Bytecode.PairedHelperBooleanTrace.inline37Template_length' does not depend on any axioms
info: Challenge/Ripemd160/Submission/Proofs/Bytecode/PairedHelperBooleanTrace.lean:8550:0: 'Challenge.Ripemd160.Submission.Proofs.Bytecode.PairedHelperBooleanTrace.run_inline37Template' depends on axioms: [propext,
 Quot.sound]
info: Challenge/Ripemd160/Submission/Proofs/Bytecode/PairedHelperBooleanTrace.lean:8551:0: 'Challenge.Ripemd160.Submission.Proofs.Bytecode.PairedHelperBooleanTrace.inline38Template_length' does not depend on any axioms
info: Challenge/Ripemd160/Submission/Proofs/Bytecode/PairedHelperBooleanTrace.lean:8552:0: 'Challenge.Ripemd160.Submission.Proofs.Bytecode.PairedHelperBooleanTrace.run_inline38Template' depends on axioms: [propext,
 Quot.sound]
info: Challenge/Ripemd160/Submission/Proofs/Bytecode/PairedHelperBooleanTrace.lean:8553:0: 'Challenge.Ripemd160.Submission.Proofs.Bytecode.PairedHelperBooleanTrace.inline39Template_length' does not depend on any axioms
info: Challenge/Ripemd160/Submission/Proofs/Bytecode/PairedHelperBooleanTrace.lean:8554:0: 'Challenge.Ripemd160.Submission.Proofs.Bytecode.PairedHelperBooleanTrace.run_inline39Template' depends on axioms: [propext,
 Quot.sound]
info: Challenge/Ripemd160/Submission/Proofs/Bytecode/PairedHelperBooleanTrace.lean:8555:0: 'Challenge.Ripemd160.Submission.Proofs.Bytecode.PairedHelperBooleanTrace.inline40Template_length' does not depend on any axioms
info: Challenge/Ripemd160/Submission/Proofs/Bytecode/PairedHelperBooleanTrace.lean:8556:0: 'Challenge.Ripemd160.Submission.Proofs.Bytecode.PairedHelperBooleanTrace.run_inline40Template' depends on axioms: [propext,
 Quot.sound]
info: Challenge/Ripemd160/Submission/Proofs/Bytecode/PairedHelperBooleanTrace.lean:8557:0: 'Challenge.Ripemd160.Submission.Proofs.Bytecode.PairedHelperBooleanTrace.inline41Template_length' does not depend on any axioms
info: Challenge/Ripemd160/Submission/Proofs/Bytecode/PairedHelperBooleanTrace.lean:8558:0: 'Challenge.Ripemd160.Submission.Proofs.Bytecode.PairedHelperBooleanTrace.run_inline41Template' depends on axioms: [propext,
 Quot.sound]
info: Challenge/Ripemd160/Submission/Proofs/Bytecode/PairedHelperBooleanTrace.lean:8559:0: 'Challenge.Ripemd160.Submission.Proofs.Bytecode.PairedHelperBooleanTrace.inline42Template_length' does not depend on any axioms
info: Challenge/Ripemd160/Submission/Proofs/Bytecode/PairedHelperBooleanTrace.lean:8560:0: 'Challenge.Ripemd160.Submission.Proofs.Bytecode.PairedHelperBooleanTrace.run_inline42Template' depends on axioms: [propext,
 Quot.sound]
info: Challenge/Ripemd160/Submission/Proofs/Bytecode/PairedHelperBooleanTrace.lean:8561:0: 'Challenge.Ripemd160.Submission.Proofs.Bytecode.PairedHelperBooleanTrace.inline43Template_length' does not depend on any axioms
info: Challenge/Ripemd160/Submission/Proofs/Bytecode/PairedHelperBooleanTrace.lean:8562:0: 'Challenge.Ripemd160.Submission.Proofs.Bytecode.PairedHelperBooleanTrace.run_inline43Template' depends on axioms: [propext,
 Quot.sound]
info: Challenge/Ripemd160/Submission/Proofs/Bytecode/PairedHelperBooleanTrace.lean:8563:0: 'Challenge.Ripemd160.Submission.Proofs.Bytecode.PairedHelperBooleanTrace.inline44Template_length' does not depend on any axioms
info: Challenge/Ripemd160/Submission/Proofs/Bytecode/PairedHelperBooleanTrace.lean:8564:0: 'Challenge.Ripemd160.Submission.Proofs.Bytecode.PairedHelperBooleanTrace.run_inline44Template' depends on axioms: [propext,
 Quot.sound]
info: Challenge/Ripemd160/Submission/Proofs/Bytecode/PairedHelperBooleanTrace.lean:8565:0: 'Challenge.Ripemd160.Submission.Proofs.Bytecode.PairedHelperBooleanTrace.inline45Template_length' does not depend on any axioms
info: Challenge/Ripemd160/Submission/Proofs/Bytecode/PairedHelperBooleanTrace.lean:8566:0: 'Challenge.Ripemd160.Submission.Proofs.Bytecode.PairedHelperBooleanTrace.run_inline45Template' depends on axioms: [propext,
 Quot.sound]
info: Challenge/Ripemd160/Submission/Proofs/Bytecode/PairedHelperBooleanTrace.lean:8567:0: 'Challenge.Ripemd160.Submission.Proofs.Bytecode.PairedHelperBooleanTrace.inline46Template_length' does not depend on any axioms
info: Challenge/Ripemd160/Submission/Proofs/Bytecode/PairedHelperBooleanTrace.lean:8568:0: 'Challenge.Ripemd160.Submission.Proofs.Bytecode.PairedHelperBooleanTrace.run_inline46Template' depends on axioms: [propext,
 Quot.sound]
info: Challenge/Ripemd160/Submission/Proofs/Bytecode/PairedHelperBooleanTrace.lean:8569:0: 'Challenge.Ripemd160.Submission.Proofs.Bytecode.PairedHelperBooleanTrace.inline47Template_length' does not depend on any axioms
info: Challenge/Ripemd160/Submission/Proofs/Bytecode/PairedHelperBooleanTrace.lean:8570:0: 'Challenge.Ripemd160.Submission.Proofs.Bytecode.PairedHelperBooleanTrace.run_inline47Template' depends on axioms: [propext,
 Quot.sound]
info: Challenge/Ripemd160/Submission/Proofs/Bytecode/PairedHelperBooleanTrace.lean:8571:0: 'Challenge.Ripemd160.Submission.Proofs.Bytecode.PairedHelperBooleanTrace.inline48Template_length' does not depend on any axioms
info: Challenge/Ripemd160/Submission/Proofs/Bytecode/PairedHelperBooleanTrace.lean:8572:0: 'Challenge.Ripemd160.Submission.Proofs.Bytecode.PairedHelperBooleanTrace.run_inline48Template' depends on axioms: [propext,
 Quot.sound]
info: Challenge/Ripemd160/Submission/Proofs/Bytecode/PairedHelperBooleanTrace.lean:8573:0: 'Challenge.Ripemd160.Submission.Proofs.Bytecode.PairedHelperBooleanTrace.inline49Template_length' does not depend on any axioms
info: Challenge/Ripemd160/Submission/Proofs/Bytecode/PairedHelperBooleanTrace.lean:8574:0: 'Challenge.Ripemd160.Submission.Proofs.Bytecode.PairedHelperBooleanTrace.run_inline49Template' depends on axioms: [propext,
 Quot.sound]
info: Challenge/Ripemd160/Submission/Proofs/Bytecode/PairedHelperBooleanTrace.lean:8575:0: 'Challenge.Ripemd160.Submission.Proofs.Bytecode.PairedHelperBooleanTrace.inline50Template_length' does not depend on any axioms
info: Challenge/Ripemd160/Submission/Proofs/Bytecode/PairedHelperBooleanTrace.lean:8576:0: 'Challenge.Ripemd160.Submission.Proofs.Bytecode.PairedHelperBooleanTrace.run_inline50Template' depends on axioms: [propext,
 Quot.sound]
info: Challenge/Ripemd160/Submission/Proofs/Bytecode/PairedHelperBooleanTrace.lean:8577:0: 'Challenge.Ripemd160.Submission.Proofs.Bytecode.PairedHelperBooleanTrace.inline51Template_length' does not depend on any axioms
info: Challenge/Ripemd160/Submission/Proofs/Bytecode/PairedHelperBooleanTrace.lean:8578:0: 'Challenge.Ripemd160.Submission.Proofs.Bytecode.PairedHelperBooleanTrace.run_inline51Template' depends on axioms: [propext,
 Quot.sound]
info: Challenge/Ripemd160/Submission/Proofs/Bytecode/PairedHelperBooleanTrace.lean:8579:0: 'Challenge.Ripemd160.Submission.Proofs.Bytecode.PairedHelperBooleanTrace.inline52Template_length' does not depend on any axioms
info: Challenge/Ripemd160/Submission/Proofs/Bytecode/PairedHelperBooleanTrace.lean:8580:0: 'Challenge.Ripemd160.Submission.Proofs.Bytecode.PairedHelperBooleanTrace.run_inline52Template' depends on axioms: [propext,
 Quot.sound]
info: Challenge/Ripemd160/Submission/Proofs/Bytecode/PairedHelperBooleanTrace.lean:8581:0: 'Challenge.Ripemd160.Submission.Proofs.Bytecode.PairedHelperBooleanTrace.inline53Template_length' does not depend on any axioms
info: Challenge/Ripemd160/Submission/Proofs/Bytecode/PairedHelperBooleanTrace.lean:8582:0: 'Challenge.Ripemd160.Submission.Proofs.Bytecode.PairedHelperBooleanTrace.run_inline53Template' depends on axioms: [propext,
 Quot.sound]
info: Challenge/Ripemd160/Submission/Proofs/Bytecode/PairedHelperBooleanTrace.lean:8583:0: 'Challenge.Ripemd160.Submission.Proofs.Bytecode.PairedHelperBooleanTrace.inline54Template_length' does not depend on any axioms
info: Challenge/Ripemd160/Submission/Proofs/Bytecode/PairedHelperBooleanTrace.lean:8584:0: 'Challenge.Ripemd160.Submission.Proofs.Bytecode.PairedHelperBooleanTrace.run_inline54Template' depends on axioms: [propext,
 Quot.sound]
info: Challenge/Ripemd160/Submission/Proofs/Bytecode/PairedHelperBooleanTrace.lean:8585:0: 'Challenge.Ripemd160.Submission.Proofs.Bytecode.PairedHelperBooleanTrace.inline55Template_length' does not depend on any axioms
info: Challenge/Ripemd160/Submission/Proofs/Bytecode/PairedHelperBooleanTrace.lean:8586:0: 'Challenge.Ripemd160.Submission.Proofs.Bytecode.PairedHelperBooleanTrace.run_inline55Template' depends on axioms: [propext,
 Quot.sound]
info: Challenge/Ripemd160/Submission/Proofs/Bytecode/PairedHelperBooleanTrace.lean:8587:0: 'Challenge.Ripemd160.Submission.Proofs.Bytecode.PairedHelperBooleanTrace.inline56Template_length' does not depend on any axioms
info: Challenge/Ripemd160/Submission/Proofs/Bytecode/PairedHelperBooleanTrace.lean:8588:0: 'Challenge.Ripemd160.Submission.Proofs.Bytecode.PairedHelperBooleanTrace.run_inline56Template' depends on axioms: [propext,
 Quot.sound]
info: Challenge/Ripemd160/Submission/Proofs/Bytecode/PairedHelperBooleanTrace.lean:8589:0: 'Challenge.Ripemd160.Submission.Proofs.Bytecode.PairedHelperBooleanTrace.inline57Template_length' does not depend on any axioms
info: Challenge/Ripemd160/Submission/Proofs/Bytecode/PairedHelperBooleanTrace.lean:8590:0: 'Challenge.Ripemd160.Submission.Proofs.Bytecode.PairedHelperBooleanTrace.run_inline57Template' depends on axioms: [propext,
 Quot.sound]
info: Challenge/Ripemd160/Submission/Proofs/Bytecode/PairedHelperBooleanTrace.lean:8591:0: 'Challenge.Ripemd160.Submission.Proofs.Bytecode.PairedHelperBooleanTrace.inline58Template_length' does not depend on any axioms
info: Challenge/Ripemd160/Submission/Proofs/Bytecode/PairedHelperBooleanTrace.lean:8592:0: 'Challenge.Ripemd160.Submission.Proofs.Bytecode.PairedHelperBooleanTrace.run_inline58Template' depends on axioms: [propext,
 Quot.sound]
info: Challenge/Ripemd160/Submission/Proofs/Bytecode/PairedHelperBooleanTrace.lean:8593:0: 'Challenge.Ripemd160.Submission.Proofs.Bytecode.PairedHelperBooleanTrace.inline59Template_length' does not depend on any axioms
info: Challenge/Ripemd160/Submission/Proofs/Bytecode/PairedHelperBooleanTrace.lean:8594:0: 'Challenge.Ripemd160.Submission.Proofs.Bytecode.PairedHelperBooleanTrace.run_inline59Template' depends on axioms: [propext,
 Quot.sound]
info: Challenge/Ripemd160/Submission/Proofs/Bytecode/PairedHelperBooleanTrace.lean:8595:0: 'Challenge.Ripemd160.Submission.Proofs.Bytecode.PairedHelperBooleanTrace.inline60Template_length' does not depend on any axioms
info: Challenge/Ripemd160/Submission/Proofs/Bytecode/PairedHelperBooleanTrace.lean:8596:0: 'Challenge.Ripemd160.Submission.Proofs.Bytecode.PairedHelperBooleanTrace.run_inline60Template' depends on axioms: [propext,
 Quot.sound]
info: Challenge/Ripemd160/Submission/Proofs/Bytecode/PairedHelperBooleanTrace.lean:8597:0: 'Challenge.Ripemd160.Submission.Proofs.Bytecode.PairedHelperBooleanTrace.inline61Template_length' does not depend on any axioms
info: Challenge/Ripemd160/Submission/Proofs/Bytecode/PairedHelperBooleanTrace.lean:8598:0: 'Challenge.Ripemd160.Submission.Proofs.Bytecode.PairedHelperBooleanTrace.run_inline61Template' depends on axioms: [propext,
 Quot.sound]
info: Challenge/Ripemd160/Submission/Proofs/Bytecode/PairedHelperBooleanTrace.lean:8599:0: 'Challenge.Ripemd160.Submission.Proofs.Bytecode.PairedHelperBooleanTrace.inline62Template_length' does not depend on any axioms
info: Challenge/Ripemd160/Submission/Proofs/Bytecode/PairedHelperBooleanTrace.lean:8600:0: 'Challenge.Ripemd160.Submission.Proofs.Bytecode.PairedHelperBooleanTrace.run_inline62Template' depends on axioms: [propext,
 Quot.sound]
info: Challenge/Ripemd160/Submission/Proofs/Bytecode/PairedHelperBooleanTrace.lean:8601:0: 'Challenge.Ripemd160.Submission.Proofs.Bytecode.PairedHelperBooleanTrace.inline63Template_length' does not depend on any axioms
info: Challenge/Ripemd160/Submission/Proofs/Bytecode/PairedHelperBooleanTrace.lean:8602:0: 'Challenge.Ripemd160.Submission.Proofs.Bytecode.PairedHelperBooleanTrace.run_inline63Template' depends on axioms: [propext,
 Quot.sound]
info: Challenge/Ripemd160/Submission/Proofs/Bytecode/PairedHelperBooleanTrace.lean:8603:0: 'Challenge.Ripemd160.Submission.Proofs.Bytecode.PairedHelperBooleanTrace.inline64Template_length' does not depend on any axioms
info: Challenge/Ripemd160/Submission/Proofs/Bytecode/PairedHelperBooleanTrace.lean:8604:0: 'Challenge.Ripemd160.Submission.Proofs.Bytecode.PairedHelperBooleanTrace.run_inline64Template' depends on axioms: [propext,
 Quot.sound]
info: Challenge/Ripemd160/Submission/Proofs/Bytecode/PairedHelperBooleanTrace.lean:8605:0: 'Challenge.Ripemd160.Submission.Proofs.Bytecode.PairedHelperBooleanTrace.inline65Template_length' does not depend on any axioms
info: Challenge/Ripemd160/Submission/Proofs/Bytecode/PairedHelperBooleanTrace.lean:8606:0: 'Challenge.Ripemd160.Submission.Proofs.Bytecode.PairedHelperBooleanTrace.run_inline65Template' depends on axioms: [propext,
 Quot.sound]
info: Challenge/Ripemd160/Submission/Proofs/Bytecode/PairedHelperBooleanTrace.lean:8607:0: 'Challenge.Ripemd160.Submission.Proofs.Bytecode.PairedHelperBooleanTrace.inline66Template_length' does not depend on any axioms
info: Challenge/Ripemd160/Submission/Proofs/Bytecode/PairedHelperBooleanTrace.lean:8608:0: 'Challenge.Ripemd160.Submission.Proofs.Bytecode.PairedHelperBooleanTrace.run_inline66Template' depends on axioms: [propext,
 Quot.sound]
info: Challenge/Ripemd160/Submission/Proofs/Bytecode/PairedHelperBooleanTrace.lean:8609:0: 'Challenge.Ripemd160.Submission.Proofs.Bytecode.PairedHelperBooleanTrace.inline67Template_length' does not depend on any axioms
info: Challenge/Ripemd160/Submission/Proofs/Bytecode/PairedHelperBooleanTrace.lean:8610:0: 'Challenge.Ripemd160.Submission.Proofs.Bytecode.PairedHelperBooleanTrace.run_inline67Template' depends on axioms: [propext,
 Quot.sound]
info: Challenge/Ripemd160/Submission/Proofs/Bytecode/PairedHelperBooleanTrace.lean:8611:0: 'Challenge.Ripemd160.Submission.Proofs.Bytecode.PairedHelperBooleanTrace.inline68Template_length' does not depend on any axioms
info: Challenge/Ripemd160/Submission/Proofs/Bytecode/PairedHelperBooleanTrace.lean:8612:0: 'Challenge.Ripemd160.Submission.Proofs.Bytecode.PairedHelperBooleanTrace.run_inline68Template' depends on axioms: [propext,
 Quot.sound]
info: Challenge/Ripemd160/Submission/Proofs/Bytecode/PairedHelperBooleanTrace.lean:8613:0: 'Challenge.Ripemd160.Submission.Proofs.Bytecode.PairedHelperBooleanTrace.inline69Template_length' does not depend on any axioms
info: Challenge/Ripemd160/Submission/Proofs/Bytecode/PairedHelperBooleanTrace.lean:8614:0: 'Challenge.Ripemd160.Submission.Proofs.Bytecode.PairedHelperBooleanTrace.run_inline69Template' depends on axioms: [propext,
 Quot.sound]
info: Challenge/Ripemd160/Submission/Proofs/Bytecode/PairedHelperBooleanTrace.lean:8615:0: 'Challenge.Ripemd160.Submission.Proofs.Bytecode.PairedHelperBooleanTrace.inline70Template_length' does not depend on any axioms
info: Challenge/Ripemd160/Submission/Proofs/Bytecode/PairedHelperBooleanTrace.lean:8616:0: 'Challenge.Ripemd160.Submission.Proofs.Bytecode.PairedHelperBooleanTrace.run_inline70Template' depends on axioms: [propext,
 Quot.sound]
info: Challenge/Ripemd160/Submission/Proofs/Bytecode/PairedHelperBooleanTrace.lean:8617:0: 'Challenge.Ripemd160.Submission.Proofs.Bytecode.PairedHelperBooleanTrace.inline71Template_length' does not depend on any axioms
info: Challenge/Ripemd160/Submission/Proofs/Bytecode/PairedHelperBooleanTrace.lean:8618:0: 'Challenge.Ripemd160.Submission.Proofs.Bytecode.PairedHelperBooleanTrace.run_inline71Template' depends on axioms: [propext,
 Quot.sound]
info: Challenge/Ripemd160/Submission/Proofs/Bytecode/PairedHelperBooleanTrace.lean:8619:0: 'Challenge.Ripemd160.Submission.Proofs.Bytecode.PairedHelperBooleanTrace.inline72Template_length' does not depend on any axioms
info: Challenge/Ripemd160/Submission/Proofs/Bytecode/PairedHelperBooleanTrace.lean:8620:0: 'Challenge.Ripemd160.Submission.Proofs.Bytecode.PairedHelperBooleanTrace.run_inline72Template' depends on axioms: [propext,
 Quot.sound]
info: Challenge/Ripemd160/Submission/Proofs/Bytecode/PairedHelperBooleanTrace.lean:8621:0: 'Challenge.Ripemd160.Submission.Proofs.Bytecode.PairedHelperBooleanTrace.inline73Template_length' does not depend on any axioms
info: Challenge/Ripemd160/Submission/Proofs/Bytecode/PairedHelperBooleanTrace.lean:8622:0: 'Challenge.Ripemd160.Submission.Proofs.Bytecode.PairedHelperBooleanTrace.run_inline73Template' depends on axioms: [propext,
 Quot.sound]
info: Challenge/Ripemd160/Submission/Proofs/Bytecode/PairedHelperBooleanTrace.lean:8623:0: 'Challenge.Ripemd160.Submission.Proofs.Bytecode.PairedHelperBooleanTrace.inline74Template_length' does not depend on any axioms
info: Challenge/Ripemd160/Submission/Proofs/Bytecode/PairedHelperBooleanTrace.lean:8624:0: 'Challenge.Ripemd160.Submission.Proofs.Bytecode.PairedHelperBooleanTrace.run_inline74Template' depends on axioms: [propext,
 Quot.sound]
info: Challenge/Ripemd160/Submission/Proofs/Bytecode/PairedHelperBooleanTrace.lean:8625:0: 'Challenge.Ripemd160.Submission.Proofs.Bytecode.PairedHelperBooleanTrace.inline75Template_length' does not depend on any axioms
info: Challenge/Ripemd160/Submission/Proofs/Bytecode/PairedHelperBooleanTrace.lean:8626:0: 'Challenge.Ripemd160.Submission.Proofs.Bytecode.PairedHelperBooleanTrace.run_inline75Template' depends on axioms: [propext,
 Quot.sound]
info: Challenge/Ripemd160/Submission/Proofs/Bytecode/PairedHelperBooleanTrace.lean:8627:0: 'Challenge.Ripemd160.Submission.Proofs.Bytecode.PairedHelperBooleanTrace.inline76Template_length' does not depend on any axioms
info: Challenge/Ripemd160/Submission/Proofs/Bytecode/PairedHelperBooleanTrace.lean:8628:0: 'Challenge.Ripemd160.Submission.Proofs.Bytecode.PairedHelperBooleanTrace.run_inline76Template' depends on axioms: [propext,
 Quot.sound]
info: Challenge/Ripemd160/Submission/Proofs/Bytecode/PairedHelperBooleanTrace.lean:8629:0: 'Challenge.Ripemd160.Submission.Proofs.Bytecode.PairedHelperBooleanTrace.inline77Template_length' does not depend on any axioms
info: Challenge/Ripemd160/Submission/Proofs/Bytecode/PairedHelperBooleanTrace.lean:8630:0: 'Challenge.Ripemd160.Submission.Proofs.Bytecode.PairedHelperBooleanTrace.run_inline77Template' depends on axioms: [propext,
 Quot.sound]
info: Challenge/Ripemd160/Submission/Proofs/Bytecode/PairedHelperBooleanTrace.lean:8631:0: 'Challenge.Ripemd160.Submission.Proofs.Bytecode.PairedHelperBooleanTrace.inline78Template_length' does not depend on any axioms
info: Challenge/Ripemd160/Submission/Proofs/Bytecode/PairedHelperBooleanTrace.lean:8632:0: 'Challenge.Ripemd160.Submission.Proofs.Bytecode.PairedHelperBooleanTrace.run_inline78Template' depends on axioms: [propext,
 Quot.sound]
info: Challenge/Ripemd160/Submission/Proofs/Bytecode/PairedHelperBooleanTrace.lean:8633:0: 'Challenge.Ripemd160.Submission.Proofs.Bytecode.PairedHelperBooleanTrace.inline79Template_length' does not depend on any axioms
info: Challenge/Ripemd160/Submission/Proofs/Bytecode/PairedHelperBooleanTrace.lean:8634:0: 'Challenge.Ripemd160.Submission.Proofs.Bytecode.PairedHelperBooleanTrace.run_inline79Template' depends on axioms: [propext,
 Quot.sound]
info: Challenge/Ripemd160/Submission/Proofs/Bytecode/PairedHelperBooleanTrace.lean:8635:0: 'Challenge.Ripemd160.Submission.Proofs.Bytecode.PairedHelperBooleanTrace.call16Template_length' does not depend on any axioms
info: Challenge/Ripemd160/Submission/Proofs/Bytecode/PairedHelperBooleanTrace.lean:8636:0: 'Challenge.Ripemd160.Submission.Proofs.Bytecode.PairedHelperBooleanTrace.run_call16Template' depends on axioms: [propext,
 Quot.sound]
info: Challenge/Ripemd160/Submission/Proofs/Bytecode/PairedHelperBooleanTrace.lean:8637:0: 'Challenge.Ripemd160.Submission.Proofs.Bytecode.PairedHelperBooleanTrace.call20Template_length' does not depend on any axioms
info: Challenge/Ripemd160/Submission/Proofs/Bytecode/PairedHelperBooleanTrace.lean:8638:0: 'Challenge.Ripemd160.Submission.Proofs.Bytecode.PairedHelperBooleanTrace.run_call20Template' depends on axioms: [propext,
 Quot.sound]
info: Challenge/Ripemd160/Submission/Proofs/Bytecode/PairedHelperBooleanTrace.lean:8639:0: 'Challenge.Ripemd160.Submission.Proofs.Bytecode.PairedHelperBooleanTrace.call22Template_length' does not depend on any axioms
info: Challenge/Ripemd160/Submission/Proofs/Bytecode/PairedHelperBooleanTrace.lean:8640:0: 'Challenge.Ripemd160.Submission.Proofs.Bytecode.PairedHelperBooleanTrace.run_call22Template' depends on axioms: [propext,
 Quot.sound]
info: Challenge/Ripemd160/Submission/Proofs/Bytecode/PairedHelperBooleanTrace.lean:8641:0: 'Challenge.Ripemd160.Submission.Proofs.Bytecode.PairedHelperBooleanTrace.call26Template_length' does not depend on any axioms
info: Challenge/Ripemd160/Submission/Proofs/Bytecode/PairedHelperBooleanTrace.lean:8642:0: 'Challenge.Ripemd160.Submission.Proofs.Bytecode.PairedHelperBooleanTrace.run_call26Template' depends on axioms: [propext,
 Quot.sound]
info: Challenge/Ripemd160/Submission/Proofs/Bytecode/PairedHelperBooleanTrace.lean:8643:0: 'Challenge.Ripemd160.Submission.Proofs.Bytecode.PairedHelperBooleanTrace.call28Template_length' does not depend on any axioms
info: Challenge/Ripemd160/Submission/Proofs/Bytecode/PairedHelperBooleanTrace.lean:8644:0: 'Challenge.Ripemd160.Submission.Proofs.Bytecode.PairedHelperBooleanTrace.run_call28Template' depends on axioms: [propext,
 Quot.sound]
info: Challenge/Ripemd160/Submission/Proofs/Bytecode/PairedHelperBooleanTrace.lean:8645:0: 'Challenge.Ripemd160.Submission.Proofs.Bytecode.PairedHelperBooleanTrace.run_group0Template' depends on axioms: [propext,
 Quot.sound]
info: Challenge/Ripemd160/Submission/Proofs/Bytecode/PairedHelperBooleanTrace.lean:8646:0: 'Challenge.Ripemd160.Submission.Proofs.Bytecode.PairedHelperBooleanTrace.run_group16Template' depends on axioms: [propext,
 Quot.sound]
info: Challenge/Ripemd160/Submission/Proofs/Bytecode/PairedHelperBooleanTrace.lean:8647:0: 'Challenge.Ripemd160.Submission.Proofs.Bytecode.PairedHelperBooleanTrace.run_return18Template' depends on axioms: [propext,
 Quot.sound]
info: Challenge/Ripemd160/Submission/Proofs/Bytecode/PairedHelperBooleanTrace.lean:8648:0: 'Challenge.Ripemd160.Submission.Proofs.Bytecode.PairedHelperBooleanTrace.run_return24Template' depends on axioms: [propext,
 Quot.sound]
info: Challenge/Ripemd160/Submission/Proofs/Bytecode/PairedHelperBooleanTrace.lean:8649:0: 'Challenge.Ripemd160.Submission.Proofs.Bytecode.PairedHelperBooleanTrace.run_return30Template' depends on axioms: [propext,
 Quot.sound]
info: Challenge/Ripemd160/Submission/Proofs/Bytecode/PairedHelperBooleanTrace.lean:8650:0: 'Challenge.Ripemd160.Submission.Proofs.Bytecode.PairedHelperBooleanTrace.run_group32Template' depends on axioms: [propext,
 Quot.sound]
info: Challenge/Ripemd160/Submission/Proofs/Bytecode/PairedHelperBooleanTrace.lean:8651:0: 'Challenge.Ripemd160.Submission.Proofs.Bytecode.PairedHelperBooleanTrace.run_group48Template' depends on axioms: [propext,
 Quot.sound]
info: Challenge/Ripemd160/Submission/Proofs/Bytecode/PairedHelperBooleanTrace.lean:8652:0: 'Challenge.Ripemd160.Submission.Proofs.Bytecode.PairedHelperBooleanTrace.run_group64Template' depends on axioms: [propext,
 Quot.sound]
info: Challenge/Ripemd160/Submission/Proofs/Bytecode/PairedHelperBooleanTrace.lean:8653:0: 'Challenge.Ripemd160.Submission.Proofs.Bytecode.PairedHelperBooleanTrace.run_coreExitTemplate' depends on axioms: [propext,
 Quot.sound]
info: Challenge/Ripemd160/Submission/Proofs/Bytecode/PairedHelperBooleanTrace.lean:8654:0: 'Challenge.Ripemd160.Submission.Proofs.Bytecode.PairedHelperBooleanTrace.CoreChain.run' depends on axioms: [propext,
 Quot.sound]
info: Challenge/Ripemd160/Submission/Proofs/Bytecode/PairedHelperBooleanTrace.lean:8655:0: 'Challenge.Ripemd160.Submission.Proofs.Bytecode.PairedHelperBooleanTrace.group0Block' depends on axioms: [propext,
 Quot.sound]
info: Challenge/Ripemd160/Submission/Proofs/Bytecode/PairedHelperBooleanTrace.lean:8656:0: 'Challenge.Ripemd160.Submission.Proofs.Bytecode.PairedHelperBooleanTrace.group16Block' depends on axioms: [propext,
 Quot.sound]
info: Challenge/Ripemd160/Submission/Proofs/Bytecode/PairedHelperBooleanTrace.lean:8657:0: 'Challenge.Ripemd160.Submission.Proofs.Bytecode.PairedHelperBooleanTrace.return18Block' depends on axioms: [propext,
 Quot.sound]
info: Challenge/Ripemd160/Submission/Proofs/Bytecode/PairedHelperBooleanTrace.lean:8658:0: 'Challenge.Ripemd160.Submission.Proofs.Bytecode.PairedHelperBooleanTrace.return24Block' depends on axioms: [propext,
 Quot.sound]
info: Challenge/Ripemd160/Submission/Proofs/Bytecode/PairedHelperBooleanTrace.lean:8659:0: 'Challenge.Ripemd160.Submission.Proofs.Bytecode.PairedHelperBooleanTrace.return30Block' depends on axioms: [propext,
 Quot.sound]
info: Challenge/Ripemd160/Submission/Proofs/Bytecode/PairedHelperBooleanTrace.lean:8660:0: 'Challenge.Ripemd160.Submission.Proofs.Bytecode.PairedHelperBooleanTrace.group32Block' depends on axioms: [propext,
 Quot.sound]
info: Challenge/Ripemd160/Submission/Proofs/Bytecode/PairedHelperBooleanTrace.lean:8661:0: 'Challenge.Ripemd160.Submission.Proofs.Bytecode.PairedHelperBooleanTrace.group48Block' depends on axioms: [propext,
 Quot.sound]
info: Challenge/Ripemd160/Submission/Proofs/Bytecode/PairedHelperBooleanTrace.lean:8662:0: 'Challenge.Ripemd160.Submission.Proofs.Bytecode.PairedHelperBooleanTrace.group64Block' depends on axioms: [propext,
 Quot.sound]
info: Challenge/Ripemd160/Submission/Proofs/Bytecode/PairedHelperBooleanTrace.lean:8663:0: 'Challenge.Ripemd160.Submission.Proofs.Bytecode.PairedHelperBooleanTrace.coreExitBlock' depends on axioms: [propext,
 Quot.sound]
info: Challenge/Ripemd160/Submission/Proofs/Bytecode/PairedHelperBooleanTrace.lean:8664:0: 'Challenge.Ripemd160.Submission.Proofs.Bytecode.PairedHelperBooleanTrace.pairedWordFold_crypto' depends on axioms: [propext,
 Classical.choice,
 Quot.sound]
info: Challenge/Ripemd160/Submission/Proofs/Bytecode/PairedHelperBooleanTrace.lean:8665:0: 'Challenge.Ripemd160.Submission.Proofs.Bytecode.PairedHelperBooleanTrace.pairedWordFold_add' depends on axioms: [propext,
 Quot.sound]
info: Challenge/Ripemd160/Submission/Proofs/Bytecode/PairedHelperBooleanTrace.lean:8666:0: 'Challenge.Ripemd160.Submission.Proofs.Bytecode.PairedHelperBooleanTrace.group0Block_eval' depends on axioms: [propext,
 Quot.sound]
info: Challenge/Ripemd160/Submission/Proofs/Bytecode/PairedHelperBooleanTrace.lean:8667:0: 'Challenge.Ripemd160.Submission.Proofs.Bytecode.PairedHelperBooleanTrace.group16Block_eval' depends on axioms: [propext,
 Quot.sound]
info: Challenge/Ripemd160/Submission/Proofs/Bytecode/PairedHelperBooleanTrace.lean:8668:0: 'Challenge.Ripemd160.Submission.Proofs.Bytecode.PairedHelperBooleanTrace.return18Block_eval' depends on axioms: [propext,
 Quot.sound]
info: Challenge/Ripemd160/Submission/Proofs/Bytecode/PairedHelperBooleanTrace.lean:8669:0: 'Challenge.Ripemd160.Submission.Proofs.Bytecode.PairedHelperBooleanTrace.return24Block_eval' depends on axioms: [propext,
 Quot.sound]
info: Challenge/Ripemd160/Submission/Proofs/Bytecode/PairedHelperBooleanTrace.lean:8670:0: 'Challenge.Ripemd160.Submission.Proofs.Bytecode.PairedHelperBooleanTrace.return30Block_eval' depends on axioms: [propext,
 Quot.sound]
info: Challenge/Ripemd160/Submission/Proofs/Bytecode/PairedHelperBooleanTrace.lean:8671:0: 'Challenge.Ripemd160.Submission.Proofs.Bytecode.PairedHelperBooleanTrace.group32Block_eval' depends on axioms: [propext,
 Quot.sound]
info: Challenge/Ripemd160/Submission/Proofs/Bytecode/PairedHelperBooleanTrace.lean:8672:0: 'Challenge.Ripemd160.Submission.Proofs.Bytecode.PairedHelperBooleanTrace.group48Block_eval' depends on axioms: [propext,
 Quot.sound]
info: Challenge/Ripemd160/Submission/Proofs/Bytecode/PairedHelperBooleanTrace.lean:8673:0: 'Challenge.Ripemd160.Submission.Proofs.Bytecode.PairedHelperBooleanTrace.group64Block_eval' depends on axioms: [propext,
 Quot.sound]
info: Challenge/Ripemd160/Submission/Proofs/Bytecode/PairedHelperBooleanTrace.lean:8674:0: 'Challenge.Ripemd160.Submission.Proofs.Bytecode.PairedHelperBooleanTrace.coreExitBlock_eval' depends on axioms: [propext,
 Quot.sound]
info: Challenge/Ripemd160/Submission/Proofs/Bytecode/PairedHelperBooleanTrace.lean:8675:0: 'Challenge.Ripemd160.Submission.Proofs.Bytecode.PairedHelperBooleanTrace.CoreEvalCert.sound' depends on axioms: [propext,
 Quot.sound]
info: Challenge/Ripemd160/Submission/Proofs/Bytecode/PairedHelperBooleanTrace.lean:8676:0: 'Challenge.Ripemd160.Submission.Proofs.Bytecode.PairedHelperBooleanTrace.algorithmFold_succ' depends on axioms: [propext,
 Quot.sound]
info: Challenge/Ripemd160/Submission/Proofs/Bytecode/PairedHelperBooleanTrace.lean:8677:0: 'Challenge.Ripemd160.Submission.Proofs.Bytecode.PairedHelperBooleanTrace.algorithmRotation_group0' does not depend on any axioms
info: Challenge/Ripemd160/Submission/Proofs/Bytecode/PairedHelperBooleanTrace.lean:8678:0: 'Challenge.Ripemd160.Submission.Proofs.Bytecode.PairedHelperBooleanTrace.algorithmRotation_group1' does not depend on any axioms
info: Challenge/Ripemd160/Submission/Proofs/Bytecode/PairedHelperBooleanTrace.lean:8679:0: 'Challenge.Ripemd160.Submission.Proofs.Bytecode.PairedHelperBooleanTrace.algorithmRotation_group2' does not depend on any axioms
info: Challenge/Ripemd160/Submission/Proofs/Bytecode/PairedHelperBooleanTrace.lean:8680:0: 'Challenge.Ripemd160.Submission.Proofs.Bytecode.PairedHelperBooleanTrace.algorithmRotation_group3' does not depend on any axioms
info: Challenge/Ripemd160/Submission/Proofs/Bytecode/PairedHelperBooleanTrace.lean:8681:0: 'Challenge.Ripemd160.Submission.Proofs.Bytecode.PairedHelperBooleanTrace.algorithmRotation_group4' does not depend on any axioms
info: Challenge/Ripemd160/Submission/Proofs/Bytecode/PairedHelperBooleanTrace.lean:8682:0: 'Challenge.Ripemd160.Submission.Proofs.Bytecode.PairedHelperBooleanTrace.algorithmKey_packed' depends on axioms: [propext,
 Quot.sound]
info: Challenge/Ripemd160/Submission/Proofs/Bytecode/PairedHelperBooleanTrace.lean:8683:0: 'Challenge.Ripemd160.Submission.Proofs.Bytecode.PairedHelperBooleanTrace.algorithmRotation_bounds' depends on axioms: [propext,
 Quot.sound]
info: Challenge/Ripemd160/Submission/Proofs/Bytecode/PairedHelperBooleanTrace.lean:8684:0: 'Challenge.Ripemd160.Submission.Proofs.Bytecode.PairedHelperBooleanTrace.pairedWordFold_congr' depends on axioms: [propext,
 Quot.sound]
info: Challenge/Ripemd160/Submission/Proofs/Bytecode/PairedHelperBooleanTrace.lean:8685:0: 'Challenge.Ripemd160.Submission.Proofs.Bytecode.PairedHelperBooleanTrace.algorithmFold_crypto' depends on axioms: [propext,
 Classical.choice,
 Quot.sound]
info: Challenge/Ripemd160/Submission/Proofs/Bytecode/PairedHelperBooleanTrace.lean:8686:0: 'Challenge.Ripemd160.Submission.Proofs.Bytecode.PairedHelperBooleanTrace.packed32_eq_or' depends on axioms: [propext,
 Classical.choice,
 Quot.sound]
info: Challenge/Ripemd160/Submission/Proofs/Bytecode/PairedHelperBooleanTrace.lean:8687:0: 'Challenge.Ripemd160.Submission.Proofs.Bytecode.PairedHelperBooleanTrace.algorithmIndex_group0' does not depend on any axioms
info: Challenge/Ripemd160/Submission/Proofs/Bytecode/PairedHelperBooleanTrace.lean:8688:0: 'Challenge.Ripemd160.Submission.Proofs.Bytecode.PairedHelperBooleanTrace.algorithmIndex_group1' does not depend on any axioms
info: Challenge/Ripemd160/Submission/Proofs/Bytecode/PairedHelperBooleanTrace.lean:8689:0: 'Challenge.Ripemd160.Submission.Proofs.Bytecode.PairedHelperBooleanTrace.algorithmIndex_group2' does not depend on any axioms
info: Challenge/Ripemd160/Submission/Proofs/Bytecode/PairedHelperBooleanTrace.lean:8690:0: 'Challenge.Ripemd160.Submission.Proofs.Bytecode.PairedHelperBooleanTrace.algorithmIndex_group3' does not depend on any axioms
info: Challenge/Ripemd160/Submission/Proofs/Bytecode/PairedHelperBooleanTrace.lean:8691:0: 'Challenge.Ripemd160.Submission.Proofs.Bytecode.PairedHelperBooleanTrace.algorithmIndex_group4' does not depend on any axioms
info: Challenge/Ripemd160/Submission/Proofs/Bytecode/PairedHelperBooleanTrace.lean:8692:0: 'Challenge.Ripemd160.Submission.Proofs.Bytecode.PairedHelperBooleanTrace.algorithmIndex_bounds' depends on axioms: [propext,
 Quot.sound]
info: Challenge/Ripemd160/Submission/Proofs/Bytecode/PairedHelperBooleanTrace.lean:8693:0: 'Challenge.Ripemd160.Submission.Proofs.Bytecode.PairedHelperBooleanTrace.algorithmMessage_of_normalized' depends on axioms: [propext,
 Classical.choice,
 Quot.sound]
info: Challenge/Ripemd160/Submission/Proofs/Bytecode/PairedHelperBooleanTrace.lean:8694:0: 'Challenge.Ripemd160.Submission.Proofs.Bytecode.PairedHelperBooleanTrace.runLocatedBlock_eq_raw_terminal_sites' depends on axioms: [propext,
 Quot.sound]
info: Challenge/Ripemd160/Submission/Proofs/Bytecode/PairedHelperBooleanTrace.lean:8695:0: 'Challenge.Ripemd160.Submission.Proofs.Bytecode.PairedHelperBooleanTrace.runLocatedBlock_eq_raw_terminal' depends on axioms: [propext,
 Quot.sound]
info: Challenge/Ripemd160/Submission/Proofs/Bytecode/PairedHelperBooleanTrace.lean:8696:0: 'Challenge.Ripemd160.Submission.Proofs.Bytecode.PairedHelperBooleanTrace.gasSteps_terminal_of_raw' depends on axioms: [propext,
 Classical.choice,
 Quot.sound]
info: Challenge/Ripemd160/Submission/Proofs/Bytecode/PairedHelperBooleanTrace.lean:8697:0: 'Challenge.Ripemd160.Submission.Proofs.Bytecode.PairedHelperBooleanTrace.coreAdvancesCheck_sound' depends on axioms: [propext]
info: Challenge/Ripemd160/Submission/Proofs/Bytecode/PairedHelperBooleanTrace.lean:8698:0: 'Challenge.Ripemd160.Submission.Proofs.Bytecode.PairedHelperBooleanTrace.coreAdvancesAll_sound' depends on axioms: [propext,
 Quot.sound]
info: Challenge/Ripemd160/Submission/Proofs/Bytecode/PairedHelperBooleanTrace.lean:8699:0: 'Challenge.Ripemd160.Submission.Proofs.Bytecode.PairedHelperBooleanTrace.fullTemplate_terminal_advances' depends on axioms: [propext,
 Quot.sound]
info: Challenge/Ripemd160/Submission/Proofs/Bytecode/PairedHelperBooleanTrace.lean:8700:0: 'Challenge.Ripemd160.Submission.Proofs.Bytecode.PairedHelperBooleanTrace.call16Template_terminal_advances' depends on axioms: [propext,
 Quot.sound]
info: Challenge/Ripemd160/Submission/Proofs/Bytecode/PairedHelperBooleanTrace.lean:8701:0: 'Challenge.Ripemd160.Submission.Proofs.Bytecode.PairedHelperBooleanTrace.inline0Template_terminal_advances' depends on axioms: [propext,
 Quot.sound]
info: Challenge/Ripemd160/Submission/Proofs/Bytecode/PairedHelperBooleanTrace.lean:8702:0: 'Challenge.Ripemd160.Submission.Proofs.Bytecode.PairedHelperBooleanTrace.gasSteps_fullTemplate' depends on axioms: [propext,
 Classical.choice,
 Quot.sound]
info: Challenge/Ripemd160/Submission/Proofs/Bytecode/PairedHelperBooleanTrace.lean:8703:0: 'Challenge.Ripemd160.Submission.Proofs.Bytecode.PairedHelperBooleanTrace.runInstrSeq_append_tail' depends on axioms: [propext,
 Quot.sound]
info: Challenge/Ripemd160/Submission/Proofs/Bytecode/PairedHelperBooleanTrace.lean:8704:0: 'Challenge.Ripemd160.Submission.Proofs.Bytecode.PairedHelperBooleanTrace.CoreGasBlock.of_site' depends on axioms: [propext,
 Classical.choice,
 Quot.sound]
info: Challenge/Ripemd160/Submission/Proofs/Bytecode/PairedHelperBooleanTrace.lean:8705:0: 'Challenge.Ripemd160.Submission.Proofs.Bytecode.PairedHelperBooleanTrace.CoreGasChain.run' depends on axioms: [propext,
 Classical.choice,
 Quot.sound]
info: Challenge/Ripemd160/Submission/Proofs/Bytecode/PairedHelperBooleanTrace.lean:8706:0: 'Challenge.Ripemd160.Submission.Proofs.Bytecode.PairedHelperBooleanTrace.group0Template_terminal_advances' depends on axioms: [propext,
 Quot.sound]
info: Challenge/Ripemd160/Submission/Proofs/Bytecode/PairedHelperBooleanTrace.lean:8707:0: 'Challenge.Ripemd160.Submission.Proofs.Bytecode.PairedHelperBooleanTrace.inline1Template_terminal_advances' depends on axioms: [propext,
 Quot.sound]
info: Challenge/Ripemd160/Submission/Proofs/Bytecode/PairedHelperBooleanTrace.lean:8708:0: 'Challenge.Ripemd160.Submission.Proofs.Bytecode.PairedHelperBooleanTrace.inline2Template_terminal_advances' depends on axioms: [propext,
 Quot.sound]
info: Challenge/Ripemd160/Submission/Proofs/Bytecode/PairedHelperBooleanTrace.lean:8709:0: 'Challenge.Ripemd160.Submission.Proofs.Bytecode.PairedHelperBooleanTrace.inline3Template_terminal_advances' depends on axioms: [propext,
 Quot.sound]
info: Challenge/Ripemd160/Submission/Proofs/Bytecode/PairedHelperBooleanTrace.lean:8710:0: 'Challenge.Ripemd160.Submission.Proofs.Bytecode.PairedHelperBooleanTrace.inline4Template_terminal_advances' depends on axioms: [propext,
 Quot.sound]
info: Challenge/Ripemd160/Submission/Proofs/Bytecode/PairedHelperBooleanTrace.lean:8711:0: 'Challenge.Ripemd160.Submission.Proofs.Bytecode.PairedHelperBooleanTrace.inline5Template_terminal_advances' depends on axioms: [propext,
 Quot.sound]
info: Challenge/Ripemd160/Submission/Proofs/Bytecode/PairedHelperBooleanTrace.lean:8712:0: 'Challenge.Ripemd160.Submission.Proofs.Bytecode.PairedHelperBooleanTrace.inline6Template_terminal_advances' depends on axioms: [propext,
 Quot.sound]
info: Challenge/Ripemd160/Submission/Proofs/Bytecode/PairedHelperBooleanTrace.lean:8713:0: 'Challenge.Ripemd160.Submission.Proofs.Bytecode.PairedHelperBooleanTrace.inline7Template_terminal_advances' depends on axioms: [propext,
 Quot.sound]
info: Challenge/Ripemd160/Submission/Proofs/Bytecode/PairedHelperBooleanTrace.lean:8714:0: 'Challenge.Ripemd160.Submission.Proofs.Bytecode.PairedHelperBooleanTrace.inline8Template_terminal_advances' depends on axioms: [propext,
 Quot.sound]
info: Challenge/Ripemd160/Submission/Proofs/Bytecode/PairedHelperBooleanTrace.lean:8715:0: 'Challenge.Ripemd160.Submission.Proofs.Bytecode.PairedHelperBooleanTrace.inline9Template_terminal_advances' depends on axioms: [propext,
 Quot.sound]
info: Challenge/Ripemd160/Submission/Proofs/Bytecode/PairedHelperBooleanTrace.lean:8716:0: 'Challenge.Ripemd160.Submission.Proofs.Bytecode.PairedHelperBooleanTrace.inline10Template_terminal_advances' depends on axioms: [propext,
 Quot.sound]
info: Challenge/Ripemd160/Submission/Proofs/Bytecode/PairedHelperBooleanTrace.lean:8717:0: 'Challenge.Ripemd160.Submission.Proofs.Bytecode.PairedHelperBooleanTrace.inline11Template_terminal_advances' depends on axioms: [propext,
 Quot.sound]
info: Challenge/Ripemd160/Submission/Proofs/Bytecode/PairedHelperBooleanTrace.lean:8718:0: 'Challenge.Ripemd160.Submission.Proofs.Bytecode.PairedHelperBooleanTrace.inline12Template_terminal_advances' depends on axioms: [propext,
 Quot.sound]
info: Challenge/Ripemd160/Submission/Proofs/Bytecode/PairedHelperBooleanTrace.lean:8719:0: 'Challenge.Ripemd160.Submission.Proofs.Bytecode.PairedHelperBooleanTrace.inline13Template_terminal_advances' depends on axioms: [propext,
 Quot.sound]
info: Challenge/Ripemd160/Submission/Proofs/Bytecode/PairedHelperBooleanTrace.lean:8720:0: 'Challenge.Ripemd160.Submission.Proofs.Bytecode.PairedHelperBooleanTrace.inline14Template_terminal_advances' depends on axioms: [propext,
 Quot.sound]
info: Challenge/Ripemd160/Submission/Proofs/Bytecode/PairedHelperBooleanTrace.lean:8721:0: 'Challenge.Ripemd160.Submission.Proofs.Bytecode.PairedHelperBooleanTrace.inline15Template_terminal_advances' depends on axioms: [propext,
 Quot.sound]
info: Challenge/Ripemd160/Submission/Proofs/Bytecode/PairedHelperBooleanTrace.lean:8722:0: 'Challenge.Ripemd160.Submission.Proofs.Bytecode.PairedHelperBooleanTrace.group16Template_terminal_advances' depends on axioms: [propext,
 Quot.sound]
info: Challenge/Ripemd160/Submission/Proofs/Bytecode/PairedHelperBooleanTrace.lean:8723:0: 'Challenge.Ripemd160.Submission.Proofs.Bytecode.PairedHelperBooleanTrace.return18Template_terminal_advances' depends on axioms: [propext,
 Quot.sound]
info: Challenge/Ripemd160/Submission/Proofs/Bytecode/PairedHelperBooleanTrace.lean:8724:0: 'Challenge.Ripemd160.Submission.Proofs.Bytecode.PairedHelperBooleanTrace.inline18Template_terminal_advances' depends on axioms: [propext,
 Quot.sound]
info: Challenge/Ripemd160/Submission/Proofs/Bytecode/PairedHelperBooleanTrace.lean:8725:0: 'Challenge.Ripemd160.Submission.Proofs.Bytecode.PairedHelperBooleanTrace.inline19Template_terminal_advances' depends on axioms: [propext,
 Quot.sound]
info: Challenge/Ripemd160/Submission/Proofs/Bytecode/PairedHelperBooleanTrace.lean:8726:0: 'Challenge.Ripemd160.Submission.Proofs.Bytecode.PairedHelperBooleanTrace.call20Template_terminal_advances' depends on axioms: [propext,
 Quot.sound]
info: Challenge/Ripemd160/Submission/Proofs/Bytecode/PairedHelperBooleanTrace.lean:8727:0: 'Challenge.Ripemd160.Submission.Proofs.Bytecode.PairedHelperBooleanTrace.call22Template_terminal_advances' depends on axioms: [propext,
 Quot.sound]
info: Challenge/Ripemd160/Submission/Proofs/Bytecode/PairedHelperBooleanTrace.lean:8728:0: 'Challenge.Ripemd160.Submission.Proofs.Bytecode.PairedHelperBooleanTrace.return24Template_terminal_advances' depends on axioms: [propext,
 Quot.sound]
info: Challenge/Ripemd160/Submission/Proofs/Bytecode/PairedHelperBooleanTrace.lean:8729:0: 'Challenge.Ripemd160.Submission.Proofs.Bytecode.PairedHelperBooleanTrace.inline24Template_terminal_advances' depends on axioms: [propext,
 Quot.sound]
info: Challenge/Ripemd160/Submission/Proofs/Bytecode/PairedHelperBooleanTrace.lean:8730:0: 'Challenge.Ripemd160.Submission.Proofs.Bytecode.PairedHelperBooleanTrace.inline25Template_terminal_advances' depends on axioms: [propext,
 Quot.sound]
info: Challenge/Ripemd160/Submission/Proofs/Bytecode/PairedHelperBooleanTrace.lean:8731:0: 'Challenge.Ripemd160.Submission.Proofs.Bytecode.PairedHelperBooleanTrace.call26Template_terminal_advances' depends on axioms: [propext,
 Quot.sound]
info: Challenge/Ripemd160/Submission/Proofs/Bytecode/PairedHelperBooleanTrace.lean:8732:0: 'Challenge.Ripemd160.Submission.Proofs.Bytecode.PairedHelperBooleanTrace.call28Template_terminal_advances' depends on axioms: [propext,
 Quot.sound]
info: Challenge/Ripemd160/Submission/Proofs/Bytecode/PairedHelperBooleanTrace.lean:8733:0: 'Challenge.Ripemd160.Submission.Proofs.Bytecode.PairedHelperBooleanTrace.return30Template_terminal_advances' depends on axioms: [propext,
 Quot.sound]
info: Challenge/Ripemd160/Submission/Proofs/Bytecode/PairedHelperBooleanTrace.lean:8734:0: 'Challenge.Ripemd160.Submission.Proofs.Bytecode.PairedHelperBooleanTrace.inline30Template_terminal_advances' depends on axioms: [propext,
 Quot.sound]
info: Challenge/Ripemd160/Submission/Proofs/Bytecode/PairedHelperBooleanTrace.lean:8735:0: 'Challenge.Ripemd160.Submission.Proofs.Bytecode.PairedHelperBooleanTrace.inline31Template_terminal_advances' depends on axioms: [propext,
 Quot.sound]
info: Challenge/Ripemd160/Submission/Proofs/Bytecode/PairedHelperBooleanTrace.lean:8736:0: 'Challenge.Ripemd160.Submission.Proofs.Bytecode.PairedHelperBooleanTrace.group32Template_terminal_advances' depends on axioms: [propext,
 Quot.sound]
info: Challenge/Ripemd160/Submission/Proofs/Bytecode/PairedHelperBooleanTrace.lean:8737:0: 'Challenge.Ripemd160.Submission.Proofs.Bytecode.PairedHelperBooleanTrace.inline32Template_terminal_advances' depends on axioms: [propext,
 Quot.sound]
info: Challenge/Ripemd160/Submission/Proofs/Bytecode/PairedHelperBooleanTrace.lean:8738:0: 'Challenge.Ripemd160.Submission.Proofs.Bytecode.PairedHelperBooleanTrace.inline33Template_terminal_advances' depends on axioms: [propext,
 Quot.sound]
info: Challenge/Ripemd160/Submission/Proofs/Bytecode/PairedHelperBooleanTrace.lean:8739:0: 'Challenge.Ripemd160.Submission.Proofs.Bytecode.PairedHelperBooleanTrace.inline34Template_terminal_advances' depends on axioms: [propext,
 Quot.sound]
info: Challenge/Ripemd160/Submission/Proofs/Bytecode/PairedHelperBooleanTrace.lean:8740:0: 'Challenge.Ripemd160.Submission.Proofs.Bytecode.PairedHelperBooleanTrace.inline35Template_terminal_advances' depends on axioms: [propext,
 Quot.sound]
info: Challenge/Ripemd160/Submission/Proofs/Bytecode/PairedHelperBooleanTrace.lean:8741:0: 'Challenge.Ripemd160.Submission.Proofs.Bytecode.PairedHelperBooleanTrace.inline36Template_terminal_advances' depends on axioms: [propext,
 Quot.sound]
info: Challenge/Ripemd160/Submission/Proofs/Bytecode/PairedHelperBooleanTrace.lean:8742:0: 'Challenge.Ripemd160.Submission.Proofs.Bytecode.PairedHelperBooleanTrace.inline37Template_terminal_advances' depends on axioms: [propext,
 Quot.sound]
info: Challenge/Ripemd160/Submission/Proofs/Bytecode/PairedHelperBooleanTrace.lean:8743:0: 'Challenge.Ripemd160.Submission.Proofs.Bytecode.PairedHelperBooleanTrace.inline38Template_terminal_advances' depends on axioms: [propext,
 Quot.sound]
info: Challenge/Ripemd160/Submission/Proofs/Bytecode/PairedHelperBooleanTrace.lean:8744:0: 'Challenge.Ripemd160.Submission.Proofs.Bytecode.PairedHelperBooleanTrace.inline39Template_terminal_advances' depends on axioms: [propext,
 Quot.sound]
info: Challenge/Ripemd160/Submission/Proofs/Bytecode/PairedHelperBooleanTrace.lean:8745:0: 'Challenge.Ripemd160.Submission.Proofs.Bytecode.PairedHelperBooleanTrace.inline40Template_terminal_advances' depends on axioms: [propext,
 Quot.sound]
info: Challenge/Ripemd160/Submission/Proofs/Bytecode/PairedHelperBooleanTrace.lean:8746:0: 'Challenge.Ripemd160.Submission.Proofs.Bytecode.PairedHelperBooleanTrace.inline41Template_terminal_advances' depends on axioms: [propext,
 Quot.sound]
info: Challenge/Ripemd160/Submission/Proofs/Bytecode/PairedHelperBooleanTrace.lean:8747:0: 'Challenge.Ripemd160.Submission.Proofs.Bytecode.PairedHelperBooleanTrace.inline42Template_terminal_advances' depends on axioms: [propext,
 Quot.sound]
info: Challenge/Ripemd160/Submission/Proofs/Bytecode/PairedHelperBooleanTrace.lean:8748:0: 'Challenge.Ripemd160.Submission.Proofs.Bytecode.PairedHelperBooleanTrace.inline43Template_terminal_advances' depends on axioms: [propext,
 Quot.sound]
info: Challenge/Ripemd160/Submission/Proofs/Bytecode/PairedHelperBooleanTrace.lean:8749:0: 'Challenge.Ripemd160.Submission.Proofs.Bytecode.PairedHelperBooleanTrace.inline44Template_terminal_advances' depends on axioms: [propext,
 Quot.sound]
info: Challenge/Ripemd160/Submission/Proofs/Bytecode/PairedHelperBooleanTrace.lean:8750:0: 'Challenge.Ripemd160.Submission.Proofs.Bytecode.PairedHelperBooleanTrace.inline45Template_terminal_advances' depends on axioms: [propext,
 Quot.sound]
info: Challenge/Ripemd160/Submission/Proofs/Bytecode/PairedHelperBooleanTrace.lean:8751:0: 'Challenge.Ripemd160.Submission.Proofs.Bytecode.PairedHelperBooleanTrace.inline46Template_terminal_advances' depends on axioms: [propext,
 Quot.sound]
info: Challenge/Ripemd160/Submission/Proofs/Bytecode/PairedHelperBooleanTrace.lean:8752:0: 'Challenge.Ripemd160.Submission.Proofs.Bytecode.PairedHelperBooleanTrace.inline47Template_terminal_advances' depends on axioms: [propext,
 Quot.sound]
info: Challenge/Ripemd160/Submission/Proofs/Bytecode/PairedHelperBooleanTrace.lean:8753:0: 'Challenge.Ripemd160.Submission.Proofs.Bytecode.PairedHelperBooleanTrace.group48Template_terminal_advances' depends on axioms: [propext,
 Quot.sound]
info: Challenge/Ripemd160/Submission/Proofs/Bytecode/PairedHelperBooleanTrace.lean:8754:0: 'Challenge.Ripemd160.Submission.Proofs.Bytecode.PairedHelperBooleanTrace.inline48Template_terminal_advances' depends on axioms: [propext,
 Quot.sound]
info: Challenge/Ripemd160/Submission/Proofs/Bytecode/PairedHelperBooleanTrace.lean:8755:0: 'Challenge.Ripemd160.Submission.Proofs.Bytecode.PairedHelperBooleanTrace.inline49Template_terminal_advances' depends on axioms: [propext,
 Quot.sound]
info: Challenge/Ripemd160/Submission/Proofs/Bytecode/PairedHelperBooleanTrace.lean:8756:0: 'Challenge.Ripemd160.Submission.Proofs.Bytecode.PairedHelperBooleanTrace.inline50Template_terminal_advances' depends on axioms: [propext,
 Quot.sound]
info: Challenge/Ripemd160/Submission/Proofs/Bytecode/PairedHelperBooleanTrace.lean:8757:0: 'Challenge.Ripemd160.Submission.Proofs.Bytecode.PairedHelperBooleanTrace.inline51Template_terminal_advances' depends on axioms: [propext,
 Quot.sound]
info: Challenge/Ripemd160/Submission/Proofs/Bytecode/PairedHelperBooleanTrace.lean:8758:0: 'Challenge.Ripemd160.Submission.Proofs.Bytecode.PairedHelperBooleanTrace.inline52Template_terminal_advances' depends on axioms: [propext,
 Quot.sound]
info: Challenge/Ripemd160/Submission/Proofs/Bytecode/PairedHelperBooleanTrace.lean:8759:0: 'Challenge.Ripemd160.Submission.Proofs.Bytecode.PairedHelperBooleanTrace.inline53Template_terminal_advances' depends on axioms: [propext,
 Quot.sound]
info: Challenge/Ripemd160/Submission/Proofs/Bytecode/PairedHelperBooleanTrace.lean:8760:0: 'Challenge.Ripemd160.Submission.Proofs.Bytecode.PairedHelperBooleanTrace.inline54Template_terminal_advances' depends on axioms: [propext,
 Quot.sound]
info: Challenge/Ripemd160/Submission/Proofs/Bytecode/PairedHelperBooleanTrace.lean:8761:0: 'Challenge.Ripemd160.Submission.Proofs.Bytecode.PairedHelperBooleanTrace.inline55Template_terminal_advances' depends on axioms: [propext,
 Quot.sound]
info: Challenge/Ripemd160/Submission/Proofs/Bytecode/PairedHelperBooleanTrace.lean:8762:0: 'Challenge.Ripemd160.Submission.Proofs.Bytecode.PairedHelperBooleanTrace.inline56Template_terminal_advances' depends on axioms: [propext,
 Quot.sound]
info: Challenge/Ripemd160/Submission/Proofs/Bytecode/PairedHelperBooleanTrace.lean:8763:0: 'Challenge.Ripemd160.Submission.Proofs.Bytecode.PairedHelperBooleanTrace.inline57Template_terminal_advances' depends on axioms: [propext,
 Quot.sound]
info: Challenge/Ripemd160/Submission/Proofs/Bytecode/PairedHelperBooleanTrace.lean:8764:0: 'Challenge.Ripemd160.Submission.Proofs.Bytecode.PairedHelperBooleanTrace.inline58Template_terminal_advances' depends on axioms: [propext,
 Quot.sound]
info: Challenge/Ripemd160/Submission/Proofs/Bytecode/PairedHelperBooleanTrace.lean:8765:0: 'Challenge.Ripemd160.Submission.Proofs.Bytecode.PairedHelperBooleanTrace.inline59Template_terminal_advances' depends on axioms: [propext,
 Quot.sound]
info: Challenge/Ripemd160/Submission/Proofs/Bytecode/PairedHelperBooleanTrace.lean:8766:0: 'Challenge.Ripemd160.Submission.Proofs.Bytecode.PairedHelperBooleanTrace.inline60Template_terminal_advances' depends on axioms: [propext,
 Quot.sound]
info: Challenge/Ripemd160/Submission/Proofs/Bytecode/PairedHelperBooleanTrace.lean:8767:0: 'Challenge.Ripemd160.Submission.Proofs.Bytecode.PairedHelperBooleanTrace.inline61Template_terminal_advances' depends on axioms: [propext,
 Quot.sound]
info: Challenge/Ripemd160/Submission/Proofs/Bytecode/PairedHelperBooleanTrace.lean:8768:0: 'Challenge.Ripemd160.Submission.Proofs.Bytecode.PairedHelperBooleanTrace.inline62Template_terminal_advances' depends on axioms: [propext,
 Quot.sound]
info: Challenge/Ripemd160/Submission/Proofs/Bytecode/PairedHelperBooleanTrace.lean:8769:0: 'Challenge.Ripemd160.Submission.Proofs.Bytecode.PairedHelperBooleanTrace.inline63Template_terminal_advances' depends on axioms: [propext,
 Quot.sound]
info: Challenge/Ripemd160/Submission/Proofs/Bytecode/PairedHelperBooleanTrace.lean:8770:0: 'Challenge.Ripemd160.Submission.Proofs.Bytecode.PairedHelperBooleanTrace.group64Template_terminal_advances' depends on axioms: [propext,
 Quot.sound]
info: Challenge/Ripemd160/Submission/Proofs/Bytecode/PairedHelperBooleanTrace.lean:8771:0: 'Challenge.Ripemd160.Submission.Proofs.Bytecode.PairedHelperBooleanTrace.inline64Template_terminal_advances' depends on axioms: [propext,
 Quot.sound]
info: Challenge/Ripemd160/Submission/Proofs/Bytecode/PairedHelperBooleanTrace.lean:8772:0: 'Challenge.Ripemd160.Submission.Proofs.Bytecode.PairedHelperBooleanTrace.inline65Template_terminal_advances' depends on axioms: [propext,
 Quot.sound]
info: Challenge/Ripemd160/Submission/Proofs/Bytecode/PairedHelperBooleanTrace.lean:8773:0: 'Challenge.Ripemd160.Submission.Proofs.Bytecode.PairedHelperBooleanTrace.inline66Template_terminal_advances' depends on axioms: [propext,
 Quot.sound]
info: Challenge/Ripemd160/Submission/Proofs/Bytecode/PairedHelperBooleanTrace.lean:8774:0: 'Challenge.Ripemd160.Submission.Proofs.Bytecode.PairedHelperBooleanTrace.inline67Template_terminal_advances' depends on axioms: [propext,
 Quot.sound]
info: Challenge/Ripemd160/Submission/Proofs/Bytecode/PairedHelperBooleanTrace.lean:8775:0: 'Challenge.Ripemd160.Submission.Proofs.Bytecode.PairedHelperBooleanTrace.inline68Template_terminal_advances' depends on axioms: [propext,
 Quot.sound]
info: Challenge/Ripemd160/Submission/Proofs/Bytecode/PairedHelperBooleanTrace.lean:8776:0: 'Challenge.Ripemd160.Submission.Proofs.Bytecode.PairedHelperBooleanTrace.inline69Template_terminal_advances' depends on axioms: [propext,
 Quot.sound]
info: Challenge/Ripemd160/Submission/Proofs/Bytecode/PairedHelperBooleanTrace.lean:8777:0: 'Challenge.Ripemd160.Submission.Proofs.Bytecode.PairedHelperBooleanTrace.inline70Template_terminal_advances' depends on axioms: [propext,
 Quot.sound]
info: Challenge/Ripemd160/Submission/Proofs/Bytecode/PairedHelperBooleanTrace.lean:8778:0: 'Challenge.Ripemd160.Submission.Proofs.Bytecode.PairedHelperBooleanTrace.inline71Template_terminal_advances' depends on axioms: [propext,
 Quot.sound]
info: Challenge/Ripemd160/Submission/Proofs/Bytecode/PairedHelperBooleanTrace.lean:8779:0: 'Challenge.Ripemd160.Submission.Proofs.Bytecode.PairedHelperBooleanTrace.inline72Template_terminal_advances' depends on axioms: [propext,
 Quot.sound]
info: Challenge/Ripemd160/Submission/Proofs/Bytecode/PairedHelperBooleanTrace.lean:8780:0: 'Challenge.Ripemd160.Submission.Proofs.Bytecode.PairedHelperBooleanTrace.inline73Template_terminal_advances' depends on axioms: [propext,
 Quot.sound]
info: Challenge/Ripemd160/Submission/Proofs/Bytecode/PairedHelperBooleanTrace.lean:8781:0: 'Challenge.Ripemd160.Submission.Proofs.Bytecode.PairedHelperBooleanTrace.inline74Template_terminal_advances' depends on axioms: [propext,
 Quot.sound]
info: Challenge/Ripemd160/Submission/Proofs/Bytecode/PairedHelperBooleanTrace.lean:8782:0: 'Challenge.Ripemd160.Submission.Proofs.Bytecode.PairedHelperBooleanTrace.inline75Template_terminal_advances' depends on axioms: [propext,
 Quot.sound]
info: Challenge/Ripemd160/Submission/Proofs/Bytecode/PairedHelperBooleanTrace.lean:8783:0: 'Challenge.Ripemd160.Submission.Proofs.Bytecode.PairedHelperBooleanTrace.inline76Template_terminal_advances' depends on axioms: [propext,
 Quot.sound]
info: Challenge/Ripemd160/Submission/Proofs/Bytecode/PairedHelperBooleanTrace.lean:8784:0: 'Challenge.Ripemd160.Submission.Proofs.Bytecode.PairedHelperBooleanTrace.inline77Template_terminal_advances' depends on axioms: [propext,
 Quot.sound]
info: Challenge/Ripemd160/Submission/Proofs/Bytecode/PairedHelperBooleanTrace.lean:8785:0: 'Challenge.Ripemd160.Submission.Proofs.Bytecode.PairedHelperBooleanTrace.inline78Template_terminal_advances' depends on axioms: [propext,
 Quot.sound]
info: Challenge/Ripemd160/Submission/Proofs/Bytecode/PairedHelperBooleanTrace.lean:8786:0: 'Challenge.Ripemd160.Submission.Proofs.Bytecode.PairedHelperBooleanTrace.inline79Template_terminal_advances' depends on axioms: [propext,
 Quot.sound]
info: Challenge/Ripemd160/Submission/Proofs/Bytecode/PairedHelperBooleanTrace.lean:8787:0: 'Challenge.Ripemd160.Submission.Proofs.Bytecode.PairedHelperBooleanTrace.coreExitTemplate_terminal_advances' depends on axioms: [propext,
 Quot.sound]
⚠ [1042/1042] Built Challenge.Ripemd160.Submission.Proofs.Bytecode.PadLift (1.9s)
warning: Challenge/Ripemd160/Submission/Proofs/Bytecode/PadLift.lean:95:8: 'exact Or.inl (coreAdvancesCheck_sound _ h)' tactic does nothing

Note: This linter can be disabled with `set_option linter.unusedTactic false`
warning: Challenge/Ripemd160/Submission/Proofs/Bytecode/PadLift.lean:95:8: this tactic is never executed

Note: This linter can be disabled with `set_option linter.unreachableTactic false`
info: Challenge/Ripemd160/Submission/Proofs/Bytecode/PadLift.lean:125:0: 'Challenge.Ripemd160.Submission.Proofs.Bytecode.PadLift.gasSteps_of_raw' depends on axioms: [propext,
 Classical.choice,
 Quot.sound]
Build completed successfully (1042 jobs).
