[2m$[22m bash -lc "./benchmark.sh ripemd160"
Running as unit: run-u1572.service; invocation ID: 0219b3ecaa914b3b926f3db38e32eb7a
Building Challenge.Ripemd160.Benchmark.Challenge
⚠ [546/546] Built Challenge.Ripemd160.Benchmark.Challenge (557ms)
warning: Challenge/Ripemd160/Benchmark/Challenge.lean:6:8: declaration uses `sorry`
Build completed successfully (546 jobs).
Exporting #[Challenge.Ripemd160.Benchmark.candidate, propext, Quot.sound, Classical.choice, Nat.add, Nat.sub, Nat.mul, Nat.pow, Nat.gcd, Nat.div, Nat.mod, Nat.beq, Nat.ble, Nat.land, Nat.lor, Nat.xor, Nat.shiftLeft, Nat.shiftRight, String.ofList, Char.ofNat, List, eagerReduce] from Challenge.Ripemd160.Benchmark.Challenge
Building Challenge.Ripemd160.Submission.Solution
ℹ [1002/1641] Replayed Challenge.Ripemd160.Submission.Proofs.Bytecode.DataProgram
info: Challenge/Ripemd160/Submission/Proofs/Bytecode/DataProgram.lean:172:0: 'Challenge.EvmProof.DataProgramArtifact.decodeAt_op_index' depends on axioms: [propext, Classical.choice, Quot.sound]
info: Challenge/Ripemd160/Submission/Proofs/Bytecode/DataProgram.lean:173:0: 'Challenge.EvmProof.DataProgramArtifact.decodeAt_push_index' depends on axioms: [propext, Classical.choice, Quot.sound]
info: Challenge/Ripemd160/Submission/Proofs/Bytecode/DataProgram.lean:174:0: 'Challenge.EvmProof.DataProgramArtifact.isValidJumpDest_index' depends on axioms: [propext,
 Classical.choice,
 Quot.sound]
ℹ [1004/1641] Replayed Challenge.Ripemd160.Submission.Proofs.Bytecode.StackTail
info: Challenge/Ripemd160/Submission/Proofs/Bytecode/StackTail.lean:185:0: 'Challenge.Ripemd160.Submission.Proofs.Bytecode.StackTail.runInstr_append' depends on axioms: [propext,
 Classical.choice,
 Quot.sound]
info: Challenge/Ripemd160/Submission/Proofs/Bytecode/StackTail.lean:186:0: 'Challenge.Ripemd160.Submission.Proofs.Bytecode.StackTail.runLocatedBlock_append' depends on axioms: [propext,
 Classical.choice,
 Quot.sound]
info: Challenge/Ripemd160/Submission/Proofs/Bytecode/StackTail.lean:187:0: 'Challenge.Ripemd160.Submission.Proofs.Bytecode.StackTail.gasSteps' depends on axioms: [propext,
 Classical.choice,
 Quot.sound]
ℹ [1005/1641] Replayed Challenge.Ripemd160.Submission.Proofs.Bytecode.PairedLaneUInt256Bridge
info: Challenge/Ripemd160/Submission/Proofs/Bytecode/PairedLaneUInt256Bridge.lean:88:0: 'Challenge.Ripemd160.Submission.Proofs.Bytecode.PairedLaneUInt256Bridge.bits_word' does not depend on any axioms
info: Challenge/Ripemd160/Submission/Proofs/Bytecode/PairedLaneUInt256Bridge.lean:89:0: 'Challenge.Ripemd160.Submission.Proofs.Bytecode.PairedLaneUInt256Bridge.word_bits' does not depend on any axioms
info: Challenge/Ripemd160/Submission/Proofs/Bytecode/PairedLaneUInt256Bridge.lean:90:0: 'Challenge.Ripemd160.Submission.Proofs.Bytecode.PairedLaneUInt256Bridge.bits_injective' does not depend on any axioms
info: Challenge/Ripemd160/Submission/Proofs/Bytecode/PairedLaneUInt256Bridge.lean:91:0: 'Challenge.Ripemd160.Submission.Proofs.Bytecode.PairedLaneUInt256Bridge.bits_toNat' does not depend on any axioms
info: Challenge/Ripemd160/Submission/Proofs/Bytecode/PairedLaneUInt256Bridge.lean:92:0: 'Challenge.Ripemd160.Submission.Proofs.Bytecode.PairedLaneUInt256Bridge.bits_ofNat' does not depend on any axioms
info: Challenge/Ripemd160/Submission/Proofs/Bytecode/PairedLaneUInt256Bridge.lean:93:0: 'Challenge.Ripemd160.Submission.Proofs.Bytecode.PairedLaneUInt256Bridge.bits_add' does not depend on any axioms
info: Challenge/Ripemd160/Submission/Proofs/Bytecode/PairedLaneUInt256Bridge.lean:94:0: 'Challenge.Ripemd160.Submission.Proofs.Bytecode.PairedLaneUInt256Bridge.bits_mul' does not depend on any axioms
info: Challenge/Ripemd160/Submission/Proofs/Bytecode/PairedLaneUInt256Bridge.lean:95:0: 'Challenge.Ripemd160.Submission.Proofs.Bytecode.PairedLaneUInt256Bridge.bits_land' depends on axioms: [propext,
 Quot.sound]
info: Challenge/Ripemd160/Submission/Proofs/Bytecode/PairedLaneUInt256Bridge.lean:96:0: 'Challenge.Ripemd160.Submission.Proofs.Bytecode.PairedLaneUInt256Bridge.bits_lor' depends on axioms: [propext,
 Quot.sound]
info: Challenge/Ripemd160/Submission/Proofs/Bytecode/PairedLaneUInt256Bridge.lean:97:0: 'Challenge.Ripemd160.Submission.Proofs.Bytecode.PairedLaneUInt256Bridge.bits_xor' depends on axioms: [propext,
 Quot.sound]
info: Challenge/Ripemd160/Submission/Proofs/Bytecode/PairedLaneUInt256Bridge.lean:98:0: 'Challenge.Ripemd160.Submission.Proofs.Bytecode.PairedLaneUInt256Bridge.bits_lnot' depends on axioms: [propext,
 Classical.choice,
 Quot.sound]
info: Challenge/Ripemd160/Submission/Proofs/Bytecode/PairedLaneUInt256Bridge.lean:99:0: 'Challenge.Ripemd160.Submission.Proofs.Bytecode.PairedLaneUInt256Bridge.small_shift_toNat' depends on axioms: [propext]
info: Challenge/Ripemd160/Submission/Proofs/Bytecode/PairedLaneUInt256Bridge.lean:100:0: 'Challenge.Ripemd160.Submission.Proofs.Bytecode.PairedLaneUInt256Bridge.bits_shr' depends on axioms: [propext]
info: Challenge/Ripemd160/Submission/Proofs/Bytecode/PairedLaneUInt256Bridge.lean:101:0: 'Challenge.Ripemd160.Submission.Proofs.Bytecode.PairedLaneUInt256Bridge.bits_shl' depends on axioms: [propext]
ℹ [1018/1641] Replayed Challenge.Ripemd160.Submission.Proofs.Bytecode.PadLimitArithmetic
info: Challenge/Ripemd160/Submission/Proofs/Bytecode/PadLimitArithmetic.lean:130:0: 'Challenge.Ripemd160.Submission.Proofs.Bytecode.PadLimitArithmetic.rounded_input' depends on axioms: [propext,
 Classical.choice,
 Quot.sound]
info: Challenge/Ripemd160/Submission/Proofs/Bytecode/PadLimitArithmetic.lean:131:0: 'Challenge.Ripemd160.Submission.Proofs.Bytecode.PadLimitArithmetic.coldRounded_input' depends on axioms: [propext,
 Classical.choice,
 Quot.sound]
info: Challenge/Ripemd160/Submission/Proofs/Bytecode/PadLimitArithmetic.lean:132:0: 'Challenge.Ripemd160.Submission.Proofs.Bytecode.PadLimitArithmetic.footer_addr' depends on axioms: [propext,
 Classical.choice,
 Quot.sound]
ℹ [1019/1641] Replayed Challenge.Ripemd160.Submission.Proofs.Bytecode.PairedLaneCore
info: Challenge/Ripemd160/Submission/Proofs/Bytecode/PairedLaneCore.lean:77:0: 'Challenge.Ripemd160.Submission.Proofs.Bytecode.PairedLaneCore.low_pack' depends on axioms: [propext, Quot.sound]
info: Challenge/Ripemd160/Submission/Proofs/Bytecode/PairedLaneCore.lean:78:0: 'Challenge.Ripemd160.Submission.Proofs.Bytecode.PairedLaneCore.high_pack' depends on axioms: [propext, Quot.sound]
info: Challenge/Ripemd160/Submission/Proofs/Bytecode/PairedLaneCore.lean:79:0: 'Challenge.Ripemd160.Submission.Proofs.Bytecode.PairedLaneCore.pack_injective' depends on axioms: [propext, Quot.sound]
info: Challenge/Ripemd160/Submission/Proofs/Bytecode/PairedLaneCore.lean:80:0: 'Challenge.Ripemd160.Submission.Proofs.Bytecode.PairedLaneCore.normalize_pack' depends on axioms: [propext, Quot.sound]
info: Challenge/Ripemd160/Submission/Proofs/Bytecode/PairedLaneCore.lean:81:0: 'Challenge.Ripemd160.Submission.Proofs.Bytecode.PairedLaneCore.normalize_idem' depends on axioms: [propext, Quot.sound]
info: Challenge/Ripemd160/Submission/Proofs/Bytecode/PairedLaneCore.lean:82:0: 'Challenge.Ripemd160.Submission.Proofs.Bytecode.PairedLaneCore.normalize_eq_and' depends on axioms: [propext,
 Classical.choice,
 Quot.sound]
info: Challenge/Ripemd160/Submission/Proofs/Bytecode/PairedLaneCore.lean:83:0: 'Challenge.Ripemd160.Submission.Proofs.Bytecode.PairedLaneCore.pairMask_value' depends on axioms: [propext, Quot.sound]
ℹ [1020/1641] Replayed Challenge.Ripemd160.Submission.Proofs.Bytecode.PairedLaneBoolean
info: Challenge/Ripemd160/Submission/Proofs/Bytecode/PairedLaneBoolean.lean:118:0: 'Challenge.Ripemd160.Submission.Proofs.Bytecode.PairedLaneBoolean.pack_and' depends on axioms: [propext, Quot.sound]
info: Challenge/Ripemd160/Submission/Proofs/Bytecode/PairedLaneBoolean.lean:119:0: 'Challenge.Ripemd160.Submission.Proofs.Bytecode.PairedLaneBoolean.pack_or' depends on axioms: [propext, Quot.sound]
info: Challenge/Ripemd160/Submission/Proofs/Bytecode/PairedLaneBoolean.lean:120:0: 'Challenge.Ripemd160.Submission.Proofs.Bytecode.PairedLaneBoolean.pack_xor' depends on axioms: [propext, Quot.sound]
info: Challenge/Ripemd160/Submission/Proofs/Bytecode/PairedLaneBoolean.lean:121:0: 'Challenge.Ripemd160.Submission.Proofs.Bytecode.PairedLaneBoolean.pack_complement' depends on axioms: [propext,
 Classical.choice,
 Quot.sound]
info: Challenge/Ripemd160/Submission/Proofs/Bytecode/PairedLaneBoolean.lean:122:0: 'Challenge.Ripemd160.Submission.Proofs.Bytecode.PairedLaneBoolean.blend_pack' depends on axioms: [propext,
 Classical.choice,
 Quot.sound]
info: Challenge/Ripemd160/Submission/Proofs/Bytecode/PairedLaneBoolean.lean:123:0: 'Challenge.Ripemd160.Submission.Proofs.Bytecode.PairedLaneBoolean.f_pack' depends on axioms: [propext, Quot.sound]
info: Challenge/Ripemd160/Submission/Proofs/Bytecode/PairedLaneBoolean.lean:124:0: 'Challenge.Ripemd160.Submission.Proofs.Bytecode.PairedLaneBoolean.f04_correction' depends on axioms: [propext,
 Classical.choice,
 Quot.sound]
info: Challenge/Ripemd160/Submission/Proofs/Bytecode/PairedLaneBoolean.lean:125:0: 'Challenge.Ripemd160.Submission.Proofs.Bytecode.PairedLaneBoolean.pairedF_pack' depends on axioms: [propext,
 Classical.choice,
 Quot.sound]
ℹ [1021/1641] Replayed Challenge.Ripemd160.Submission.Proofs.Bytecode.PairedLaneMaskedNot
info: Challenge/Ripemd160/Submission/Proofs/Bytecode/PairedLaneMaskedNot.lean:32:0: 'Challenge.Ripemd160.Submission.Proofs.Bytecode.PairedLaneMaskedNot.masked_complement' depends on axioms: [propext,
 Classical.choice,
 Quot.sound]
info: Challenge/Ripemd160/Submission/Proofs/Bytecode/PairedLaneMaskedNot.lean:33:0: 'Challenge.Ripemd160.Submission.Proofs.Bytecode.PairedLaneMaskedNot.upper_masked_not' depends on axioms: [propext,
 Classical.choice,
 Quot.sound]
info: Challenge/Ripemd160/Submission/Proofs/Bytecode/PairedLaneMaskedNot.lean:34:0: 'Challenge.Ripemd160.Submission.Proofs.Bytecode.PairedLaneMaskedNot.lower_masked_not' depends on axioms: [propext,
 Classical.choice,
 Quot.sound]
ℹ [1022/1641] Replayed Challenge.Ripemd160.Submission.Proofs.Bytecode.PairedLaneWordBoolean
info: Challenge/Ripemd160/Submission/Proofs/Bytecode/PairedLaneWordBoolean.lean:35:0: 'Challenge.Ripemd160.Submission.Proofs.Bytecode.PairedLaneWordBoolean.bits_wordF' depends on axioms: [propext,
 Quot.sound]
info: Challenge/Ripemd160/Submission/Proofs/Bytecode/PairedLaneWordBoolean.lean:67:0: 'Challenge.Ripemd160.Submission.Proofs.Bytecode.PairedLaneWordBoolean.bits_booleanPair' depends on axioms: [propext,
 Classical.choice,
 Quot.sound]
ℹ [1023/1641] Replayed Challenge.Ripemd160.Submission.Proofs.Bytecode.PairedLaneProduct
info: Challenge/Ripemd160/Submission/Proofs/Bytecode/PairedLaneProduct.lean:39:0: 'Challenge.Ripemd160.Submission.Proofs.Bytecode.PairedLaneProduct.mask_shift_disjoint' depends on axioms: [propext,
 Quot.sound]
info: Challenge/Ripemd160/Submission/Proofs/Bytecode/PairedLaneProduct.lean:40:0: 'Challenge.Ripemd160.Submission.Proofs.Bytecode.PairedLaneProduct.normalized_shift_disjoint' depends on axioms: [propext,
 Classical.choice,
 Quot.sound]
info: Challenge/Ripemd160/Submission/Proofs/Bytecode/PairedLaneProduct.lean:41:0: 'Challenge.Ripemd160.Submission.Proofs.Bytecode.PairedLaneProduct.factor_copies_normalized' depends on axioms: [propext,
 Classical.choice,
 Quot.sound]
ℹ [1024/1641] Replayed Challenge.Ripemd160.Submission.Proofs.Bytecode.PairedLaneRotate
info: Challenge/Ripemd160/Submission/Proofs/Bytecode/PairedLaneRotate.lean:83:0: 'Challenge.Ripemd160.Submission.Proofs.Bytecode.PairedLaneRotate.factor_pack' depends on axioms: [propext,
 Classical.choice,
 Quot.sound]
info: Challenge/Ripemd160/Submission/Proofs/Bytecode/PairedLaneRotate.lean:84:0: 'Challenge.Ripemd160.Submission.Proofs.Bytecode.PairedLaneRotate.low_rotate_product' depends on axioms: [propext,
 Classical.choice,
 Quot.sound]
info: Challenge/Ripemd160/Submission/Proofs/Bytecode/PairedLaneRotate.lean:85:0: 'Challenge.Ripemd160.Submission.Proofs.Bytecode.PairedLaneRotate.high_rotate_product' depends on axioms: [propext,
 Classical.choice,
 Quot.sound]
info: Challenge/Ripemd160/Submission/Proofs/Bytecode/PairedLaneRotate.lean:86:0: 'Challenge.Ripemd160.Submission.Proofs.Bytecode.PairedLaneRotate.normalize_rotate_product' depends on axioms: [propext,
 Classical.choice,
 Quot.sound]
ℹ [1025/1641] Replayed Challenge.Ripemd160.Submission.Proofs.Bytecode.PairedLaneSumsBase
info: Challenge/Ripemd160/Submission/Proofs/Bytecode/PairedLaneSumsBase.lean:27:0: 'Challenge.Ripemd160.Submission.Proofs.Bytecode.PairedLaneCore.pack_toNat' depends on axioms: [propext, Quot.sound]
info: Challenge/Ripemd160/Submission/Proofs/Bytecode/PairedLaneSumsBase.lean:28:0: 'Challenge.Ripemd160.Submission.Proofs.Bytecode.PairedLaneCore.pack_eq_ofNat' depends on axioms: [propext, Quot.sound]
ℹ [1026/1641] Replayed Challenge.Ripemd160.Submission.Proofs.Bytecode.PairedLaneCarry
info: Challenge/Ripemd160/Submission/Proofs/Bytecode/PairedLaneCarry.lean:50:0: 'Challenge.Ripemd160.Submission.Proofs.Bytecode.PairedLaneCarry.add32_no_carry128' depends on axioms: [propext,
 Quot.sound]
info: Challenge/Ripemd160/Submission/Proofs/Bytecode/PairedLaneCarry.lean:51:0: 'Challenge.Ripemd160.Submission.Proofs.Bytecode.PairedLaneCarry.shifted_product_gap' depends on axioms: [propext,
 Classical.choice,
 Quot.sound]
info: Challenge/Ripemd160/Submission/Proofs/Bytecode/PairedLaneCarry.lean:52:0: 'Challenge.Ripemd160.Submission.Proofs.Bytecode.PairedLaneCarry.blend_gap' depends on axioms: [propext, Quot.sound]
info: Challenge/Ripemd160/Submission/Proofs/Bytecode/PairedLaneCarry.lean:53:0: 'Challenge.Ripemd160.Submission.Proofs.Bytecode.PairedLaneCarry.blend_shifted_gap' depends on axioms: [propext,
 Classical.choice,
 Quot.sound]
ℹ [1027/1641] Replayed Challenge.Ripemd160.Submission.Proofs.Bytecode.PairedLaneWordBlend
info: Challenge/Ripemd160/Submission/Proofs/Bytecode/PairedLaneWordBlend.lean:17:0: 'Challenge.Ripemd160.Submission.Proofs.Bytecode.PairedLaneWordBlend.bits_wordBlend' depends on axioms: [propext,
 Quot.sound]
ℹ [1028/1641] Replayed Challenge.Ripemd160.Submission.Proofs.Bytecode.PairedLaneSumsBounds
info: Challenge/Ripemd160/Submission/Proofs/Bytecode/PairedLaneSumsBounds.lean:17:0: 'Challenge.Ripemd160.Submission.Proofs.Bytecode.PairedLaneCore.pair128_nat_bound' depends on axioms: [propext]
ℹ [1029/1641] Replayed Challenge.Ripemd160.Submission.Proofs.Bytecode.PairedLaneSumsLow
info: Challenge/Ripemd160/Submission/Proofs/Bytecode/PairedLaneSumsLow.lean:23:0: 'Challenge.Ripemd160.Submission.Proofs.Bytecode.PairedLaneCore.low_ofNat_pair' depends on axioms: [propext,
 Classical.choice,
 Quot.sound]
ℹ [1030/1641] Replayed Challenge.Ripemd160.Submission.Proofs.Bytecode.PairedLaneSumsHigh
info: Challenge/Ripemd160/Submission/Proofs/Bytecode/PairedLaneSumsHigh.lean:25:0: 'Challenge.Ripemd160.Submission.Proofs.Bytecode.PairedLaneCore.high_ofNat_pair' depends on axioms: [propext]
ℹ [1031/1641] Replayed Challenge.Ripemd160.Submission.Proofs.Bytecode.PairedLaneSumsNormalize
info: Challenge/Ripemd160/Submission/Proofs/Bytecode/PairedLaneSumsNormalize.lean:20:0: 'Challenge.Ripemd160.Submission.Proofs.Bytecode.PairedLaneCore.normalize_ofNat' depends on axioms: [propext,
 Classical.choice,
 Quot.sound]
ℹ [1032/1641] Replayed Challenge.Ripemd160.Submission.Proofs.Bytecode.PairedLaneSums
info: Challenge/Ripemd160/Submission/Proofs/Bytecode/PairedLaneSums.lean:42:0: 'Challenge.Ripemd160.Submission.Proofs.Bytecode.PairedLaneCore.normalize_four_adds' depends on axioms: [propext,
 Classical.choice,
 Quot.sound]
info: Challenge/Ripemd160/Submission/Proofs/Bytecode/PairedLaneSums.lean:43:0: 'Challenge.Ripemd160.Submission.Proofs.Bytecode.PairedLaneCore.and_four_adds' depends on axioms: [propext,
 Classical.choice,
 Quot.sound]
ℹ [1033/1641] Replayed Challenge.Ripemd160.Submission.Proofs.Bytecode.PairedLaneCarryAdd
info: Challenge/Ripemd160/Submission/Proofs/Bytecode/PairedLaneCarryAdd.lean:43:0: 'Challenge.Ripemd160.Submission.Proofs.Bytecode.PairedLaneCarry.high_add_nat' depends on axioms: [propext, Quot.sound]
info: Challenge/Ripemd160/Submission/Proofs/Bytecode/PairedLaneCarryAdd.lean:44:0: 'Challenge.Ripemd160.Submission.Proofs.Bytecode.PairedLaneCarry.normalize_add_pack' depends on axioms: [propext,
 Quot.sound]
ℹ [1034/1641] Replayed Challenge.Ripemd160.Submission.Proofs.Bytecode.PairedLaneScaledRotate
info: Challenge/Ripemd160/Submission/Proofs/Bytecode/PairedLaneScaledRotate.lean:278:0: 'Challenge.Ripemd160.Submission.Proofs.Bytecode.PairedLaneScaledRotate.low_scaleLow' depends on axioms: [propext,
 Classical.choice,
 Quot.sound]
info: Challenge/Ripemd160/Submission/Proofs/Bytecode/PairedLaneScaledRotate.lean:279:0: 'Challenge.Ripemd160.Submission.Proofs.Bytecode.PairedLaneScaledRotate.high_scaleLow' depends on axioms: [propext,
 Classical.choice,
 Quot.sound]
info: Challenge/Ripemd160/Submission/Proofs/Bytecode/PairedLaneScaledRotate.lean:280:0: 'Challenge.Ripemd160.Submission.Proofs.Bytecode.PairedLaneScaledRotate.gap_scaleLow' depends on axioms: [propext,
 Classical.choice,
 Quot.sound]
info: Challenge/Ripemd160/Submission/Proofs/Bytecode/PairedLaneScaledRotate.lean:281:0: 'Challenge.Ripemd160.Submission.Proofs.Bytecode.PairedLaneScaledRotate.low_scaleHigh' depends on axioms: [propext,
 Classical.choice,
 Quot.sound]
info: Challenge/Ripemd160/Submission/Proofs/Bytecode/PairedLaneScaledRotate.lean:282:0: 'Challenge.Ripemd160.Submission.Proofs.Bytecode.PairedLaneScaledRotate.high_scaleHigh' depends on axioms: [propext,
 Classical.choice,
 Quot.sound]
info: Challenge/Ripemd160/Submission/Proofs/Bytecode/PairedLaneScaledRotate.lean:283:0: 'Challenge.Ripemd160.Submission.Proofs.Bytecode.PairedLaneScaledRotate.gap_scaleHigh' depends on axioms: [propext,
 Classical.choice,
 Quot.sound]
ℹ [1035/1641] Replayed Challenge.Ripemd160.Submission.Proofs.Bytecode.PairedLaneRoundSemantic
info: Challenge/Ripemd160/Submission/Proofs/Bytecode/PairedLaneRoundSemantic.lean:133:0: 'Challenge.Ripemd160.Submission.Proofs.Bytecode.PairedLaneRoundSemantic.low_blend' depends on axioms: [propext,
 Quot.sound]
info: Challenge/Ripemd160/Submission/Proofs/Bytecode/PairedLaneRoundSemantic.lean:134:0: 'Challenge.Ripemd160.Submission.Proofs.Bytecode.PairedLaneRoundSemantic.high_blend' depends on axioms: [propext,
 Classical.choice,
 Quot.sound]
info: Challenge/Ripemd160/Submission/Proofs/Bytecode/PairedLaneRoundSemantic.lean:135:0: 'Challenge.Ripemd160.Submission.Proofs.Bytecode.PairedLaneRoundSemantic.low_rawRotate' depends on axioms: [propext,
 Classical.choice,
 Quot.sound]
info: Challenge/Ripemd160/Submission/Proofs/Bytecode/PairedLaneRoundSemantic.lean:136:0: 'Challenge.Ripemd160.Submission.Proofs.Bytecode.PairedLaneRoundSemantic.high_rawRotate' depends on axioms: [propext,
 Classical.choice,
 Quot.sound]
info: Challenge/Ripemd160/Submission/Proofs/Bytecode/PairedLaneRoundSemantic.lean:137:0: 'Challenge.Ripemd160.Submission.Proofs.Bytecode.PairedLaneRoundSemantic.rawRotate_gap' depends on axioms: [propext,
 Classical.choice,
 Quot.sound]
info: Challenge/Ripemd160/Submission/Proofs/Bytecode/PairedLaneRoundSemantic.lean:138:0: 'Challenge.Ripemd160.Submission.Proofs.Bytecode.PairedLaneRoundSemantic.pairedSum_pack' depends on axioms: [propext,
 Classical.choice,
 Quot.sound]
info: Challenge/Ripemd160/Submission/Proofs/Bytecode/PairedLaneRoundSemantic.lean:139:0: 'Challenge.Ripemd160.Submission.Proofs.Bytecode.PairedLaneRoundSemantic.pairedT_pack' depends on axioms: [propext,
 Classical.choice,
 Quot.sound]
info: Challenge/Ripemd160/Submission/Proofs/Bytecode/PairedLaneRoundSemantic.lean:140:0: 'Challenge.Ripemd160.Submission.Proofs.Bytecode.PairedLaneRoundSemantic.pairedStep_pack' depends on axioms: [propext,
 Classical.choice,
 Quot.sound]
ℹ [1036/1641] Replayed Challenge.Ripemd160.Submission.Proofs.Bytecode.PairedLaneWordRotate
info: Challenge/Ripemd160/Submission/Proofs/Bytecode/PairedLaneWordRotate.lean:17:0: 'Challenge.Ripemd160.Submission.Proofs.Bytecode.PairedLaneWordRotate.bits_productShift' depends on axioms: [propext]
info: Challenge/Ripemd160/Submission/Proofs/Bytecode/PairedLaneWordRotate.lean:29:0: 'Challenge.Ripemd160.Submission.Proofs.Bytecode.PairedLaneWordRotate.bits_wordShift' depends on axioms: [propext]
info: Challenge/Ripemd160/Submission/Proofs/Bytecode/PairedLaneWordRotate.lean:43:0: 'Challenge.Ripemd160.Submission.Proofs.Bytecode.PairedLaneWordRotate.bits_wordScale_lower' depends on axioms: [propext,
 Quot.sound]
info: Challenge/Ripemd160/Submission/Proofs/Bytecode/PairedLaneWordRotate.lean:44:0: 'Challenge.Ripemd160.Submission.Proofs.Bytecode.PairedLaneWordRotate.bits_wordScale_upper' depends on axioms: [propext,
 Quot.sound]
info: Challenge/Ripemd160/Submission/Proofs/Bytecode/PairedLaneWordRotate.lean:64:0: 'Challenge.Ripemd160.Submission.Proofs.Bytecode.PairedLaneWordRotate.bits_wordRotate' depends on axioms: [propext,
 Quot.sound]
ℹ [1037/1641] Replayed Challenge.Ripemd160.Submission.Proofs.Bytecode.PairedLaneCryptoBridge
info: Challenge/Ripemd160/Submission/Proofs/Bytecode/PairedLaneCryptoBridge.lean:97:0: 'Challenge.Ripemd160.Submission.Proofs.Bytecode.PairedLaneCryptoBridge.select_xor' depends on axioms: [propext,
 Classical.choice,
 Quot.sound]
info: Challenge/Ripemd160/Submission/Proofs/Bytecode/PairedLaneCryptoBridge.lean:98:0: 'Challenge.Ripemd160.Submission.Proofs.Bytecode.PairedLaneCryptoBridge.crypto_f_toBitVec' depends on axioms: [propext,
 Classical.choice,
 Quot.sound]
info: Challenge/Ripemd160/Submission/Proofs/Bytecode/PairedLaneCryptoBridge.lean:99:0: 'Challenge.Ripemd160.Submission.Proofs.Bytecode.PairedLaneCryptoBridge.crypto_rotl_toBitVec' depends on axioms: [propext,
 Quot.sound]
info: Challenge/Ripemd160/Submission/Proofs/Bytecode/PairedLaneCryptoBridge.lean:100:0: 'Challenge.Ripemd160.Submission.Proofs.Bytecode.PairedLaneCryptoBridge.cryptoStep_bits' depends on axioms: [propext,
 Classical.choice,
 Quot.sound]
info: Challenge/Ripemd160/Submission/Proofs/Bytecode/PairedLaneCryptoBridge.lean:101:0: 'Challenge.Ripemd160.Submission.Proofs.Bytecode.PairedLaneCryptoBridge.pairedStep_of_crypto' depends on axioms: [propext,
 Classical.choice,
 Quot.sound]
ℹ [1038/1641] Replayed Challenge.Ripemd160.Submission.Proofs.Bytecode.PairedLaneWordRound
info: Challenge/Ripemd160/Submission/Proofs/Bytecode/PairedLaneWordRound.lean:23:0: 'Challenge.Ripemd160.Submission.Proofs.Bytecode.PairedLaneWordRound.bits_wordSum' depends on axioms: [propext,
 Classical.choice,
 Quot.sound]
info: Challenge/Ripemd160/Submission/Proofs/Bytecode/PairedLaneWordRound.lean:34:0: 'Challenge.Ripemd160.Submission.Proofs.Bytecode.PairedLaneWordRound.bits_wordT' depends on axioms: [propext,
 Classical.choice,
 Quot.sound]
info: Challenge/Ripemd160/Submission/Proofs/Bytecode/PairedLaneWordRound.lean:52:0: 'Challenge.Ripemd160.Submission.Proofs.Bytecode.PairedLaneWordRound.bitLane_injective' does not depend on any axioms
info: Challenge/Ripemd160/Submission/Proofs/Bytecode/PairedLaneWordRound.lean:66:0: 'Challenge.Ripemd160.Submission.Proofs.Bytecode.PairedLaneWordRound.bitLane_wordStep' depends on axioms: [propext,
 Classical.choice,
 Quot.sound]
info: Challenge/Ripemd160/Submission/Proofs/Bytecode/PairedLaneWordRound.lean:83:0: 'Challenge.Ripemd160.Submission.Proofs.Bytecode.PairedLaneWordRound.bitLane_liftLane' does not depend on any axioms
info: Challenge/Ripemd160/Submission/Proofs/Bytecode/PairedLaneWordRound.lean:84:0: 'Challenge.Ripemd160.Submission.Proofs.Bytecode.PairedLaneWordRound.wordStep_of_crypto' depends on axioms: [propext,
 Classical.choice,
 Quot.sound]
ℹ [1039/1641] Replayed Challenge.Ripemd160.Submission.Proofs.Bytecode.Paired144Core
info: Challenge/Ripemd160/Submission/Proofs/Bytecode/Paired144Core.lean:77:0: 'Challenge.Ripemd160.Submission.Proofs.Bytecode.Paired144Core.low_pack' depends on axioms: [propext, Quot.sound]
info: Challenge/Ripemd160/Submission/Proofs/Bytecode/Paired144Core.lean:78:0: 'Challenge.Ripemd160.Submission.Proofs.Bytecode.Paired144Core.high_pack' depends on axioms: [propext, Quot.sound]
info: Challenge/Ripemd160/Submission/Proofs/Bytecode/Paired144Core.lean:79:0: 'Challenge.Ripemd160.Submission.Proofs.Bytecode.Paired144Core.pack_injective' depends on axioms: [propext, Quot.sound]
info: Challenge/Ripemd160/Submission/Proofs/Bytecode/Paired144Core.lean:80:0: 'Challenge.Ripemd160.Submission.Proofs.Bytecode.Paired144Core.normalize_pack' depends on axioms: [propext, Quot.sound]
info: Challenge/Ripemd160/Submission/Proofs/Bytecode/Paired144Core.lean:81:0: 'Challenge.Ripemd160.Submission.Proofs.Bytecode.Paired144Core.normalize_idem' depends on axioms: [propext, Quot.sound]
info: Challenge/Ripemd160/Submission/Proofs/Bytecode/Paired144Core.lean:82:0: 'Challenge.Ripemd160.Submission.Proofs.Bytecode.Paired144Core.normalize_eq_and' depends on axioms: [propext,
 Classical.choice,
 Quot.sound]
info: Challenge/Ripemd160/Submission/Proofs/Bytecode/Paired144Core.lean:83:0: 'Challenge.Ripemd160.Submission.Proofs.Bytecode.Paired144Core.pairMask_value' depends on axioms: [propext, Quot.sound]
info: Challenge/Ripemd160/Submission/Proofs/Bytecode/Paired144Core.lean:107:0: 'Challenge.Ripemd160.Submission.Proofs.Bytecode.Paired144Core.pack_toNat' depends on axioms: [propext, Quot.sound]
info: Challenge/Ripemd160/Submission/Proofs/Bytecode/Paired144Core.lean:108:0: 'Challenge.Ripemd160.Submission.Proofs.Bytecode.Paired144Core.pack_eq_ofNat' depends on axioms: [propext, Quot.sound]
ℹ [1040/1641] Replayed Challenge.Ripemd160.Submission.Proofs.Bytecode.Paired144CompactGap
info: Challenge/Ripemd160/Submission/Proofs/Bytecode/Paired144CompactGap.lean:88:0: 'Challenge.Ripemd160.Submission.Proofs.Bytecode.Paired144CompactGap.rawProduct_low72_eq' depends on axioms: [propext,
 Quot.sound]
info: Challenge/Ripemd160/Submission/Proofs/Bytecode/Paired144CompactGap.lean:89:0: 'Challenge.Ripemd160.Submission.Proofs.Bytecode.Paired144CompactGap.rawProduct_low72_lt' depends on axioms: [propext,
 Quot.sound]
info: Challenge/Ripemd160/Submission/Proofs/Bytecode/Paired144CompactGap.lean:90:0: 'Challenge.Ripemd160.Submission.Proofs.Bytecode.Paired144CompactGap.rawProduct_gap71' depends on axioms: [propext,
 Quot.sound]
info: Challenge/Ripemd160/Submission/Proofs/Bytecode/Paired144CompactGap.lean:91:0: 'Challenge.Ripemd160.Submission.Proofs.Bytecode.Paired144CompactGap.shiftedProduct_gap' depends on axioms: [propext,
 Quot.sound]
ℹ [1042/1641] Replayed Challenge.Ripemd160.Submission.Proofs.Bytecode.FusedKeyReconstruction
info: Challenge/Ripemd160/Submission/Proofs/Bytecode/FusedKeyReconstruction.lean:21:0: 'Challenge.Ripemd160.Submission.Proofs.Bytecode.FusedKeyReconstruction.key1' does not depend on any axioms
info: Challenge/Ripemd160/Submission/Proofs/Bytecode/FusedKeyReconstruction.lean:22:0: 'Challenge.Ripemd160.Submission.Proofs.Bytecode.FusedKeyReconstruction.key2' depends on axioms: [propext, Quot.sound]
info: Challenge/Ripemd160/Submission/Proofs/Bytecode/FusedKeyReconstruction.lean:23:0: 'Challenge.Ripemd160.Submission.Proofs.Bytecode.FusedKeyReconstruction.key3' depends on axioms: [propext, Quot.sound]
info: Challenge/Ripemd160/Submission/Proofs/Bytecode/FusedKeyReconstruction.lean:24:0: 'Challenge.Ripemd160.Submission.Proofs.Bytecode.FusedKeyReconstruction.modulusPlus' does not depend on any axioms
info: Challenge/Ripemd160/Submission/Proofs/Bytecode/FusedKeyReconstruction.lean:25:0: 'Challenge.Ripemd160.Submission.Proofs.Bytecode.FusedKeyReconstruction.modulusMinus' does not depend on any axioms
ℹ [1043/1641] Replayed Challenge.Ripemd160.Submission.Proofs.Bytecode.PairedLaneBooleanDelta
info: Challenge/Ripemd160/Submission/Proofs/Bytecode/PairedLaneBooleanDelta.lean:49:0: 'Challenge.Ripemd160.Submission.Proofs.Bytecode.PairedLaneBooleanDelta.f13_delta' depends on axioms: [propext,
 Classical.choice,
 Quot.sound]
info: Challenge/Ripemd160/Submission/Proofs/Bytecode/PairedLaneBooleanDelta.lean:50:0: 'Challenge.Ripemd160.Submission.Proofs.Bytecode.PairedLaneBooleanDelta.word_f13_delta' depends on axioms: [propext,
 Classical.choice,
 Quot.sound]
info: Challenge/Ripemd160/Submission/Proofs/Bytecode/PairedLaneBooleanDelta.lean:51:0: 'Challenge.Ripemd160.Submission.Proofs.Bytecode.PairedLaneBooleanDelta.booleanPair_one_delta' depends on axioms: [propext,
 Classical.choice,
 Quot.sound]
info: Challenge/Ripemd160/Submission/Proofs/Bytecode/PairedLaneBooleanDelta.lean:52:0: 'Challenge.Ripemd160.Submission.Proofs.Bytecode.PairedLaneBooleanDelta.booleanPair_three_delta' depends on axioms: [propext,
 Classical.choice,
 Quot.sound]
ℹ [1063/1641] Replayed Challenge.Ripemd160.Submission.Proofs.Bytecode.ScheduleLayout
info: Challenge/Ripemd160/Submission/Proofs/Bytecode/ScheduleLayout.lean:95:0: 'Challenge.Ripemd160.Submission.Proofs.Bytecode.ScheduleLayout.perm_of_ge' depends on axioms: [propext, Quot.sound]
info: Challenge/Ripemd160/Submission/Proofs/Bytecode/ScheduleLayout.lean:96:0: 'Challenge.Ripemd160.Submission.Proofs.Bytecode.ScheduleLayout.perm_perm' depends on axioms: [propext, Quot.sound]
info: Challenge/Ripemd160/Submission/Proofs/Bytecode/ScheduleLayout.lean:97:0: 'Challenge.Ripemd160.Submission.Proofs.Bytecode.ScheduleLayout.perm_inj' depends on axioms: [propext, Quot.sound]
info: Challenge/Ripemd160/Submission/Proofs/Bytecode/ScheduleLayout.lean:98:0: 'Challenge.Ripemd160.Submission.Proofs.Bytecode.ScheduleLayout.perm_lt' does not depend on any axioms
info: Challenge/Ripemd160/Submission/Proofs/Bytecode/ScheduleLayout.lean:99:0: 'Challenge.Ripemd160.Submission.Proofs.Bytecode.ScheduleLayout.perm_le' depends on axioms: [propext, Quot.sound]
info: Challenge/Ripemd160/Submission/Proofs/Bytecode/ScheduleLayout.lean:100:0: 'Challenge.Ripemd160.Submission.Proofs.Bytecode.ScheduleLayout.perm_table' does not depend on any axioms
info: Challenge/Ripemd160/Submission/Proofs/Bytecode/ScheduleLayout.lean:101:0: 'Challenge.Ripemd160.Submission.Proofs.Bytecode.ScheduleLayout.perm_sixteen' does not depend on any axioms
info: Challenge/Ripemd160/Submission/Proofs/Bytecode/ScheduleLayout.lean:102:0: 'Challenge.Ripemd160.Submission.Proofs.Bytecode.ScheduleLayout.cell_sixteen' does not depend on any axioms
info: Challenge/Ripemd160/Submission/Proofs/Bytecode/ScheduleLayout.lean:103:0: 'Challenge.Ripemd160.Submission.Proofs.Bytecode.ScheduleLayout.cell_le' depends on axioms: [propext, Quot.sound]
info: Challenge/Ripemd160/Submission/Proofs/Bytecode/ScheduleLayout.lean:104:0: 'Challenge.Ripemd160.Submission.Proofs.Bytecode.ScheduleLayout.cell_lt_word' depends on axioms: [propext, Quot.sound]
info: Challenge/Ripemd160/Submission/Proofs/Bytecode/ScheduleLayout.lean:105:0: 'Challenge.Ripemd160.Submission.Proofs.Bytecode.ScheduleLayout.cell_disjoint' depends on axioms: [propext, Quot.sound]
ℹ [1064/1641] Replayed Challenge.Ripemd160.Submission.Proofs.Bytecode.PairedHelperBooleanTrace
info: Challenge/Ripemd160/Submission/Proofs/Bytecode/PairedHelperBooleanTrace.lean:756:0: 'Challenge.Ripemd160.Submission.Proofs.Bytecode.PairedHelperBooleanTrace.scaledT_of_boolean_low' depends on axioms: [propext,
 Quot.sound]
info: Challenge/Ripemd160/Submission/Proofs/Bytecode/PairedHelperBooleanTrace.lean:757:0: 'Challenge.Ripemd160.Submission.Proofs.Bytecode.PairedHelperBooleanTrace.scaledT_of_boolean_high' depends on axioms: [propext,
 Quot.sound]
info: Challenge/Ripemd160/Submission/Proofs/Bytecode/PairedHelperBooleanTrace.lean:758:0: 'Challenge.Ripemd160.Submission.Proofs.Bytecode.PairedHelperBooleanTrace.scaledOneT_of_boolean_low' depends on axioms: [propext,
 Quot.sound]
info: Challenge/Ripemd160/Submission/Proofs/Bytecode/PairedHelperBooleanTrace.lean:759:0: 'Challenge.Ripemd160.Submission.Proofs.Bytecode.PairedHelperBooleanTrace.scaledOneT_of_boolean_high' depends on axioms: [propext,
 Quot.sound]
info: Challenge/Ripemd160/Submission/Proofs/Bytecode/PairedHelperBooleanTrace.lean:760:0: 'Challenge.Ripemd160.Submission.Proofs.Bytecode.PairedHelperBooleanTrace.singleT_of_boolean' depends on axioms: [propext,
 Quot.sound]
info: Challenge/Ripemd160/Submission/Proofs/Bytecode/PairedHelperBooleanTrace.lean:8463:0: 'Challenge.Ripemd160.Submission.Proofs.Bytecode.PairedHelperBooleanTrace.template_length' does not depend on any axioms
info: Challenge/Ripemd160/Submission/Proofs/Bytecode/PairedHelperBooleanTrace.lean:8464:0: 'Challenge.Ripemd160.Submission.Proofs.Bytecode.PairedHelperBooleanTrace.run_template' depends on axioms: [propext,
 Quot.sound]
info: Challenge/Ripemd160/Submission/Proofs/Bytecode/PairedHelperBooleanTrace.lean:8465:0: 'Challenge.Ripemd160.Submission.Proofs.Bytecode.PairedHelperBooleanTrace.rawBoolean_eq' depends on axioms: [propext,
 Classical.choice,
 Quot.sound]
info: Challenge/Ripemd160/Submission/Proofs/Bytecode/PairedHelperBooleanTrace.lean:8466:0: 'Challenge.Ripemd160.Submission.Proofs.Bytecode.PairedHelperBooleanTrace.firstTTemplate_length' does not depend on any axioms
info: Challenge/Ripemd160/Submission/Proofs/Bytecode/PairedHelperBooleanTrace.lean:8467:0: 'Challenge.Ripemd160.Submission.Proofs.Bytecode.PairedHelperBooleanTrace.run_firstTTemplate' depends on axioms: [propext,
 Quot.sound]
info: Challenge/Ripemd160/Submission/Proofs/Bytecode/PairedHelperBooleanTrace.lean:8468:0: 'Challenge.Ripemd160.Submission.Proofs.Bytecode.PairedHelperBooleanTrace.firstC10Template_length' does not depend on any axioms
info: Challenge/Ripemd160/Submission/Proofs/Bytecode/PairedHelperBooleanTrace.lean:8469:0: 'Challenge.Ripemd160.Submission.Proofs.Bytecode.PairedHelperBooleanTrace.run_firstC10Template' depends on axioms: [propext,
 Quot.sound]
info: Challenge/Ripemd160/Submission/Proofs/Bytecode/PairedHelperBooleanTrace.lean:8470:0: 'Challenge.Ripemd160.Submission.Proofs.Bytecode.PairedHelperBooleanTrace.secondBooleanTemplate_length' does not depend on any axioms
info: Challenge/Ripemd160/Submission/Proofs/Bytecode/PairedHelperBooleanTrace.lean:8471:0: 'Challenge.Ripemd160.Submission.Proofs.Bytecode.PairedHelperBooleanTrace.run_secondBooleanTemplate' depends on axioms: [propext,
 Quot.sound]
info: Challenge/Ripemd160/Submission/Proofs/Bytecode/PairedHelperBooleanTrace.lean:8472:0: 'Challenge.Ripemd160.Submission.Proofs.Bytecode.PairedHelperBooleanTrace.secondTTemplate_length' does not depend on any axioms
info: Challenge/Ripemd160/Submission/Proofs/Bytecode/PairedHelperBooleanTrace.lean:8473:0: 'Challenge.Ripemd160.Submission.Proofs.Bytecode.PairedHelperBooleanTrace.run_secondTTemplate' depends on axioms: [propext,
 Quot.sound]
info: Challenge/Ripemd160/Submission/Proofs/Bytecode/PairedHelperBooleanTrace.lean:8474:0: 'Challenge.Ripemd160.Submission.Proofs.Bytecode.PairedHelperBooleanTrace.secondC10Template_length' does not depend on any axioms
info: Challenge/Ripemd160/Submission/Proofs/Bytecode/PairedHelperBooleanTrace.lean:8475:0: 'Challenge.Ripemd160.Submission.Proofs.Bytecode.PairedHelperBooleanTrace.run_secondC10Template' depends on axioms: [propext,
 Quot.sound]
info: Challenge/Ripemd160/Submission/Proofs/Bytecode/PairedHelperBooleanTrace.lean:8476:0: 'Challenge.Ripemd160.Submission.Proofs.Bytecode.PairedHelperBooleanTrace.run_returnTemplate' depends on axioms: [propext,
 Quot.sound]
info: Challenge/Ripemd160/Submission/Proofs/Bytecode/PairedHelperBooleanTrace.lean:8477:0: 'Challenge.Ripemd160.Submission.Proofs.Bytecode.PairedHelperBooleanTrace.fullTemplate_length' does not depend on any axioms
info: Challenge/Ripemd160/Submission/Proofs/Bytecode/PairedHelperBooleanTrace.lean:8478:0: 'Challenge.Ripemd160.Submission.Proofs.Bytecode.PairedHelperBooleanTrace.fullTemplate_byteLength' depends on axioms: [propext]
info: Challenge/Ripemd160/Submission/Proofs/Bytecode/PairedHelperBooleanTrace.lean:8479:0: 'Challenge.Ripemd160.Submission.Proofs.Bytecode.PairedHelperBooleanTrace.run_fullTemplate' depends on axioms: [propext,
 Quot.sound]
info: Challenge/Ripemd160/Submission/Proofs/Bytecode/PairedHelperBooleanTrace.lean:8480:0: 'Challenge.Ripemd160.Submission.Proofs.Bytecode.PairedHelperBooleanTrace.uand_comm' depends on axioms: [propext,
 Quot.sound]
info: Challenge/Ripemd160/Submission/Proofs/Bytecode/PairedHelperBooleanTrace.lean:8481:0: 'Challenge.Ripemd160.Submission.Proofs.Bytecode.PairedHelperBooleanTrace.umul_comm' does not depend on any axioms
info: Challenge/Ripemd160/Submission/Proofs/Bytecode/PairedHelperBooleanTrace.lean:8482:0: 'Challenge.Ripemd160.Submission.Proofs.Bytecode.PairedHelperBooleanTrace.wordBlend_self' depends on axioms: [propext,
 Quot.sound]
info: Challenge/Ripemd160/Submission/Proofs/Bytecode/PairedHelperBooleanTrace.lean:8483:0: 'Challenge.Ripemd160.Submission.Proofs.Bytecode.PairedHelperBooleanTrace.rawSum_eq' depends on axioms: [propext,
 Quot.sound]
info: Challenge/Ripemd160/Submission/Proofs/Bytecode/PairedHelperBooleanTrace.lean:8484:0: 'Challenge.Ripemd160.Submission.Proofs.Bytecode.PairedHelperBooleanTrace.rawC10_eq' depends on axioms: [propext,
 Quot.sound]
info: Challenge/Ripemd160/Submission/Proofs/Bytecode/PairedHelperBooleanTrace.lean:8485:0: 'Challenge.Ripemd160.Submission.Proofs.Bytecode.PairedHelperBooleanTrace.fullTemplate_eq_frozenHelper' does not depend on any axioms
info: Challenge/Ripemd160/Submission/Proofs/Bytecode/PairedHelperBooleanTrace.lean:8486:0: 'Challenge.Ripemd160.Submission.Proofs.Bytecode.PairedHelperBooleanTrace.active_schedule_preserved' depends on axioms: [propext,
 Quot.sound]
info: Challenge/Ripemd160/Submission/Proofs/Bytecode/PairedHelperBooleanTrace.lean:8487:0: 'Challenge.Ripemd160.Submission.Proofs.Bytecode.PairedHelperBooleanTrace.rawSum_of_boolean' depends on axioms: [propext,
 Quot.sound]
info: Challenge/Ripemd160/Submission/Proofs/Bytecode/PairedHelperBooleanTrace.lean:8488:0: 'Challenge.Ripemd160.Submission.Proofs.Bytecode.PairedHelperBooleanTrace.inline0Boolean_eq' depends on axioms: [propext,
 Classical.choice,
 Quot.sound]
info: Challenge/Ripemd160/Submission/Proofs/Bytecode/PairedHelperBooleanTrace.lean:8489:0: 'Challenge.Ripemd160.Submission.Proofs.Bytecode.PairedHelperBooleanTrace.inline2Boolean_eq' depends on axioms: [propext,
 Quot.sound]
info: Challenge/Ripemd160/Submission/Proofs/Bytecode/PairedHelperBooleanTrace.lean:8490:0: 'Challenge.Ripemd160.Submission.Proofs.Bytecode.PairedHelperBooleanTrace.inline3Boolean_eq' depends on axioms: [propext,
 Classical.choice,
 Quot.sound]
info: Challenge/Ripemd160/Submission/Proofs/Bytecode/PairedHelperBooleanTrace.lean:8491:0: 'Challenge.Ripemd160.Submission.Proofs.Bytecode.PairedHelperBooleanTrace.inline4Boolean_eq' depends on axioms: [propext,
 Classical.choice,
 Quot.sound]
info: Challenge/Ripemd160/Submission/Proofs/Bytecode/PairedHelperBooleanTrace.lean:8492:0: 'Challenge.Ripemd160.Submission.Proofs.Bytecode.PairedHelperBooleanTrace.inlineProduct_eq' depends on axioms: [propext,
 Quot.sound]
info: Challenge/Ripemd160/Submission/Proofs/Bytecode/PairedHelperBooleanTrace.lean:8493:0: 'Challenge.Ripemd160.Submission.Proofs.Bytecode.PairedHelperBooleanTrace.inlineT_eq_rawT' depends on axioms: [propext,
 Quot.sound]
info: Challenge/Ripemd160/Submission/Proofs/Bytecode/PairedHelperBooleanTrace.lean:8494:0: 'Challenge.Ripemd160.Submission.Proofs.Bytecode.PairedHelperBooleanTrace.singleT_eq_rawT' depends on axioms: [propext,
 Quot.sound]
info: Challenge/Ripemd160/Submission/Proofs/Bytecode/PairedHelperBooleanTrace.lean:8495:0: 'Challenge.Ripemd160.Submission.Proofs.Bytecode.PairedHelperBooleanTrace.inline0Template_length' does not depend on any axioms
info: Challenge/Ripemd160/Submission/Proofs/Bytecode/PairedHelperBooleanTrace.lean:8496:0: 'Challenge.Ripemd160.Submission.Proofs.Bytecode.PairedHelperBooleanTrace.run_inline0Template' depends on axioms: [propext,
 Quot.sound]
info: Challenge/Ripemd160/Submission/Proofs/Bytecode/PairedHelperBooleanTrace.lean:8497:0: 'Challenge.Ripemd160.Submission.Proofs.Bytecode.PairedHelperBooleanTrace.inline1Template_length' does not depend on any axioms
info: Challenge/Ripemd160/Submission/Proofs/Bytecode/PairedHelperBooleanTrace.lean:8498:0: 'Challenge.Ripemd160.Submission.Proofs.Bytecode.PairedHelperBooleanTrace.run_inline1Template' depends on axioms: [propext,
 Quot.sound]
info: Challenge/Ripemd160/Submission/Proofs/Bytecode/PairedHelperBooleanTrace.lean:8499:0: 'Challenge.Ripemd160.Submission.Proofs.Bytecode.PairedHelperBooleanTrace.inline2Template_length' does not depend on any axioms
info: Challenge/Ripemd160/Submission/Proofs/Bytecode/PairedHelperBooleanTrace.lean:8500:0: 'Challenge.Ripemd160.Submission.Proofs.Bytecode.PairedHelperBooleanTrace.run_inline2Template' depends on axioms: [propext,
 Quot.sound]
info: Challenge/Ripemd160/Submission/Proofs/Bytecode/PairedHelperBooleanTrace.lean:8501:0: 'Challenge.Ripemd160.Submission.Proofs.Bytecode.PairedHelperBooleanTrace.inline3Template_length' does not depend on any axioms
info: Challenge/Ripemd160/Submission/Proofs/Bytecode/PairedHelperBooleanTrace.lean:8502:0: 'Challenge.Ripemd160.Submission.Proofs.Bytecode.PairedHelperBooleanTrace.run_inline3Template' depends on axioms: [propext,
 Quot.sound]
info: Challenge/Ripemd160/Submission/Proofs/Bytecode/PairedHelperBooleanTrace.lean:8503:0: 'Challenge.Ripemd160.Submission.Proofs.Bytecode.PairedHelperBooleanTrace.inline4Template_length' does not depend on any axioms
info: Challenge/Ripemd160/Submission/Proofs/Bytecode/PairedHelperBooleanTrace.lean:8504:0: 'Challenge.Ripemd160.Submission.Proofs.Bytecode.PairedHelperBooleanTrace.run_inline4Template' depends on axioms: [propext,
 Quot.sound]
info: Challenge/Ripemd160/Submission/Proofs/Bytecode/PairedHelperBooleanTrace.lean:8505:0: 'Challenge.Ripemd160.Submission.Proofs.Bytecode.PairedHelperBooleanTrace.inline5Template_length' does not depend on any axioms
info: Challenge/Ripemd160/Submission/Proofs/Bytecode/PairedHelperBooleanTrace.lean:8506:0: 'Challenge.Ripemd160.Submission.Proofs.Bytecode.PairedHelperBooleanTrace.run_inline5Template' depends on axioms: [propext,
 Quot.sound]
info: Challenge/Ripemd160/Submission/Proofs/Bytecode/PairedHelperBooleanTrace.lean:8507:0: 'Challenge.Ripemd160.Submission.Proofs.Bytecode.PairedHelperBooleanTrace.inline6Template_length' does not depend on any axioms
info: Challenge/Ripemd160/Submission/Proofs/Bytecode/PairedHelperBooleanTrace.lean:8508:0: 'Challenge.Ripemd160.Submission.Proofs.Bytecode.PairedHelperBooleanTrace.run_inline6Template' depends on axioms: [propext,
 Quot.sound]
info: Challenge/Ripemd160/Submission/Proofs/Bytecode/PairedHelperBooleanTrace.lean:8509:0: 'Challenge.Ripemd160.Submission.Proofs.Bytecode.PairedHelperBooleanTrace.inline7Template_length' does not depend on any axioms
info: Challenge/Ripemd160/Submission/Proofs/Bytecode/PairedHelperBooleanTrace.lean:8510:0: 'Challenge.Ripemd160.Submission.Proofs.Bytecode.PairedHelperBooleanTrace.run_inline7Template' depends on axioms: [propext,
 Quot.sound]
info: Challenge/Ripemd160/Submission/Proofs/Bytecode/PairedHelperBooleanTrace.lean:8511:0: 'Challenge.Ripemd160.Submission.Proofs.Bytecode.PairedHelperBooleanTrace.inline8Template_length' does not depend on any axioms
info: Challenge/Ripemd160/Submission/Proofs/Bytecode/PairedHelperBooleanTrace.lean:8512:0: 'Challenge.Ripemd160.Submission.Proofs.Bytecode.PairedHelperBooleanTrace.run_inline8Template' depends on axioms: [propext,
 Quot.sound]
info: Challenge/Ripemd160/Submission/Proofs/Bytecode/PairedHelperBooleanTrace.lean:8513:0: 'Challenge.Ripemd160.Submission.Proofs.Bytecode.PairedHelperBooleanTrace.inline9Template_length' does not depend on any axioms
info: Challenge/Ripemd160/Submission/Proofs/Bytecode/PairedHelperBooleanTrace.lean:8514:0: 'Challenge.Ripemd160.Submission.Proofs.Bytecode.PairedHelperBooleanTrace.run_inline9Template' depends on axioms: [propext,
 Quot.sound]
info: Challenge/Ripemd160/Submission/Proofs/Bytecode/PairedHelperBooleanTrace.lean:8515:0: 'Challenge.Ripemd160.Submission.Proofs.Bytecode.PairedHelperBooleanTrace.inline10Template_length' does not depend on any axioms
info: Challenge/Ripemd160/Submission/Proofs/Bytecode/PairedHelperBooleanTrace.lean:8516:0: 'Challenge.Ripemd160.Submission.Proofs.Bytecode.PairedHelperBooleanTrace.run_inline10Template' depends on axioms: [propext,
 Quot.sound]
info: Challenge/Ripemd160/Submission/Proofs/Bytecode/PairedHelperBooleanTrace.lean:8517:0: 'Challenge.Ripemd160.Submission.Proofs.Bytecode.PairedHelperBooleanTrace.inline11Template_length' does not depend on any axioms
info: Challenge/Ripemd160/Submission/Proofs/Bytecode/PairedHelperBooleanTrace.lean:8518:0: 'Challenge.Ripemd160.Submission.Proofs.Bytecode.PairedHelperBooleanTrace.run_inline11Template' depends on axioms: [propext,
 Quot.sound]
info: Challenge/Ripemd160/Submission/Proofs/Bytecode/PairedHelperBooleanTrace.lean:8519:0: 'Challenge.Ripemd160.Submission.Proofs.Bytecode.PairedHelperBooleanTrace.inline12Template_length' does not depend on any axioms
info: Challenge/Ripemd160/Submission/Proofs/Bytecode/PairedHelperBooleanTrace.lean:8520:0: 'Challenge.Ripemd160.Submission.Proofs.Bytecode.PairedHelperBooleanTrace.run_inline12Template' depends on axioms: [propext,
 Quot.sound]
info: Challenge/Ripemd160/Submission/Proofs/Bytecode/PairedHelperBooleanTrace.lean:8521:0: 'Challenge.Ripemd160.Submission.Proofs.Bytecode.PairedHelperBooleanTrace.inline13Template_length' does not depend on any axioms
info: Challenge/Ripemd160/Submission/Proofs/Bytecode/PairedHelperBooleanTrace.lean:8522:0: 'Challenge.Ripemd160.Submission.Proofs.Bytecode.PairedHelperBooleanTrace.run_inline13Template' depends on axioms: [propext,
 Quot.sound]
info: Challenge/Ripemd160/Submission/Proofs/Bytecode/PairedHelperBooleanTrace.lean:8523:0: 'Challenge.Ripemd160.Submission.Proofs.Bytecode.PairedHelperBooleanTrace.inline14Template_length' does not depend on any axioms
info: Challenge/Ripemd160/Submission/Proofs/Bytecode/PairedHelperBooleanTrace.lean:8524:0: 'Challenge.Ripemd160.Submission.Proofs.Bytecode.PairedHelperBooleanTrace.run_inline14Template' depends on axioms: [propext,
 Quot.sound]
info: Challenge/Ripemd160/Submission/Proofs/Bytecode/PairedHelperBooleanTrace.lean:8525:0: 'Challenge.Ripemd160.Submission.Proofs.Bytecode.PairedHelperBooleanTrace.inline15Template_length' does not depend on any axioms
info: Challenge/Ripemd160/Submission/Proofs/Bytecode/PairedHelperBooleanTrace.lean:8526:0: 'Challenge.Ripemd160.Submission.Proofs.Bytecode.PairedHelperBooleanTrace.run_inline15Template' depends on axioms: [propext,
 Quot.sound]
info: Challenge/Ripemd160/Submission/Proofs/Bytecode/PairedHelperBooleanTrace.lean:8527:0: 'Challenge.Ripemd160.Submission.Proofs.Bytecode.PairedHelperBooleanTrace.inline18Template_length' does not depend on any axioms
info: Challenge/Ripemd160/Submission/Proofs/Bytecode/PairedHelperBooleanTrace.lean:8528:0: 'Challenge.Ripemd160.Submission.Proofs.Bytecode.PairedHelperBooleanTrace.run_inline18Template' depends on axioms: [propext,
 Quot.sound]
info: Challenge/Ripemd160/Submission/Proofs/Bytecode/PairedHelperBooleanTrace.lean:8529:0: 'Challenge.Ripemd160.Submission.Proofs.Bytecode.PairedHelperBooleanTrace.inline19Template_length' does not depend on any axioms
info: Challenge/Ripemd160/Submission/Proofs/Bytecode/PairedHelperBooleanTrace.lean:8530:0: 'Challenge.Ripemd160.Submission.Proofs.Bytecode.PairedHelperBooleanTrace.run_inline19Template' depends on axioms: [propext,
 Quot.sound]
info: Challenge/Ripemd160/Submission/Proofs/Bytecode/PairedHelperBooleanTrace.lean:8531:0: 'Challenge.Ripemd160.Submission.Proofs.Bytecode.PairedHelperBooleanTrace.inline24Template_length' does not depend on any axioms
info: Challenge/Ripemd160/Submission/Proofs/Bytecode/PairedHelperBooleanTrace.lean:8532:0: 'Challenge.Ripemd160.Submission.Proofs.Bytecode.PairedHelperBooleanTrace.run_inline24Template' depends on axioms: [propext,
 Quot.sound]
info: Challenge/Ripemd160/Submission/Proofs/Bytecode/PairedHelperBooleanTrace.lean:8533:0: 'Challenge.Ripemd160.Submission.Proofs.Bytecode.PairedHelperBooleanTrace.inline25Template_length' does not depend on any axioms
info: Challenge/Ripemd160/Submission/Proofs/Bytecode/PairedHelperBooleanTrace.lean:8534:0: 'Challenge.Ripemd160.Submission.Proofs.Bytecode.PairedHelperBooleanTrace.run_inline25Template' depends on axioms: [propext,
 Quot.sound]
info: Challenge/Ripemd160/Submission/Proofs/Bytecode/PairedHelperBooleanTrace.lean:8535:0: 'Challenge.Ripemd160.Submission.Proofs.Bytecode.PairedHelperBooleanTrace.inline30Template_length' does not depend on any axioms
info: Challenge/Ripemd160/Submission/Proofs/Bytecode/PairedHelperBooleanTrace.lean:8536:0: 'Challenge.Ripemd160.Submission.Proofs.Bytecode.PairedHelperBooleanTrace.run_inline30Template' depends on axioms: [propext,
 Quot.sound]
info: Challenge/Ripemd160/Submission/Proofs/Bytecode/PairedHelperBooleanTrace.lean:8537:0: 'Challenge.Ripemd160.Submission.Proofs.Bytecode.PairedHelperBooleanTrace.inline31Template_length' does not depend on any axioms
info: Challenge/Ripemd160/Submission/Proofs/Bytecode/PairedHelperBooleanTrace.lean:8538:0: 'Challenge.Ripemd160.Submission.Proofs.Bytecode.PairedHelperBooleanTrace.run_inline31Template' depends on axioms: [propext,
 Quot.sound]
info: Challenge/Ripemd160/Submission/Proofs/Bytecode/PairedHelperBooleanTrace.lean:8539:0: 'Challenge.Ripemd160.Submission.Proofs.Bytecode.PairedHelperBooleanTrace.inline32Template_length' does not depend on any axioms
info: Challenge/Ripemd160/Submission/Proofs/Bytecode/PairedHelperBooleanTrace.lean:8540:0: 'Challenge.Ripemd160.Submission.Proofs.Bytecode.PairedHelperBooleanTrace.run_inline32Template' depends on axioms: [propext,
 Quot.sound]
info: Challenge/Ripemd160/Submission/Proofs/Bytecode/PairedHelperBooleanTrace.lean:8541:0: 'Challenge.Ripemd160.Submission.Proofs.Bytecode.PairedHelperBooleanTrace.inline33Template_length' does not depend on any axioms
info: Challenge/Ripemd160/Submission/Proofs/Bytecode/PairedHelperBooleanTrace.lean:8542:0: 'Challenge.Ripemd160.Submission.Proofs.Bytecode.PairedHelperBooleanTrace.run_inline33Template' depends on axioms: [propext,
 Quot.sound]
info: Challenge/Ripemd160/Submission/Proofs/Bytecode/PairedHelperBooleanTrace.lean:8543:0: 'Challenge.Ripemd160.Submission.Proofs.Bytecode.PairedHelperBooleanTrace.inline34Template_length' does not depend on any axioms
info: Challenge/Ripemd160/Submission/Proofs/Bytecode/PairedHelperBooleanTrace.lean:8544:0: 'Challenge.Ripemd160.Submission.Proofs.Bytecode.PairedHelperBooleanTrace.run_inline34Template' depends on axioms: [propext,
 Quot.sound]
info: Challenge/Ripemd160/Submission/Proofs/Bytecode/PairedHelperBooleanTrace.lean:8545:0: 'Challenge.Ripemd160.Submission.Proofs.Bytecode.PairedHelperBooleanTrace.inline35Template_length' does not depend on any axioms
info: Challenge/Ripemd160/Submission/Proofs/Bytecode/PairedHelperBooleanTrace.lean:8546:0: 'Challenge.Ripemd160.Submission.Proofs.Bytecode.PairedHelperBooleanTrace.run_inline35Template' depends on axioms: [propext,
 Quot.sound]
info: Challenge/Ripemd160/Submission/Proofs/Bytecode/PairedHelperBooleanTrace.lean:8547:0: 'Challenge.Ripemd160.Submission.Proofs.Bytecode.PairedHelperBooleanTrace.inline36Template_length' does not depend on any axioms
info: Challenge/Ripemd160/Submission/Proofs/Bytecode/PairedHelperBooleanTrace.lean:8548:0: 'Challenge.Ripemd160.Submission.Proofs.Bytecode.PairedHelperBooleanTrace.run_inline36Template' depends on axioms: [propext,
 Quot.sound]
info: Challenge/Ripemd160/Submission/Proofs/Bytecode/PairedHelperBooleanTrace.lean:8549:0: 'Challenge.Ripemd160.Submission.Proofs.Bytecode.PairedHelperBooleanTrace.inline37Template_length' does not depend on any axioms
info: Challenge/Ripemd160/Submission/Proofs/Bytecode/PairedHelperBooleanTrace.lean:8550:0: 'Challenge.Ripemd160.Submission.Proofs.Bytecode.PairedHelperBooleanTrace.run_inline37Template' depends on axioms: [propext,
 Quot.sound]
info: Challenge/Ripemd160/Submission/Proofs/Bytecode/PairedHelperBooleanTrace.lean:8551:0: 'Challenge.Ripemd160.Submission.Proofs.Bytecode.PairedHelperBooleanTrace.inline38Template_length' does not depend on any axioms
info: Challenge/Ripemd160/Submission/Proofs/Bytecode/PairedHelperBooleanTrace.lean:8552:0: 'Challenge.Ripemd160.Submission.Proofs.Bytecode.PairedHelperBooleanTrace.run_inline38Template' depends on axioms: [propext,
 Quot.sound]
info: Challenge/Ripemd160/Submission/Proofs/Bytecode/PairedHelperBooleanTrace.lean:8553:0: 'Challenge.Ripemd160.Submission.Proofs.Bytecode.PairedHelperBooleanTrace.inline39Template_length' does not depend on any axioms
info: Challenge/Ripemd160/Submission/Proofs/Bytecode/PairedHelperBooleanTrace.lean:8554:0: 'Challenge.Ripemd160.Submission.Proofs.Bytecode.PairedHelperBooleanTrace.run_inline39Template' depends on axioms: [propext,
 Quot.sound]
info: Challenge/Ripemd160/Submission/Proofs/Bytecode/PairedHelperBooleanTrace.lean:8555:0: 'Challenge.Ripemd160.Submission.Proofs.Bytecode.PairedHelperBooleanTrace.inline40Template_length' does not depend on any axioms
info: Challenge/Ripemd160/Submission/Proofs/Bytecode/PairedHelperBooleanTrace.lean:8556:0: 'Challenge.Ripemd160.Submission.Proofs.Bytecode.PairedHelperBooleanTrace.run_inline40Template' depends on axioms: [propext,
 Quot.sound]
info: Challenge/Ripemd160/Submission/Proofs/Bytecode/PairedHelperBooleanTrace.lean:8557:0: 'Challenge.Ripemd160.Submission.Proofs.Bytecode.PairedHelperBooleanTrace.inline41Template_length' does not depend on any axioms
info: Challenge/Ripemd160/Submission/Proofs/Bytecode/PairedHelperBooleanTrace.lean:8558:0: 'Challenge.Ripemd160.Submission.Proofs.Bytecode.PairedHelperBooleanTrace.run_inline41Template' depends on axioms: [propext,
 Quot.sound]
info: Challenge/Ripemd160/Submission/Proofs/Bytecode/PairedHelperBooleanTrace.lean:8559:0: 'Challenge.Ripemd160.Submission.Proofs.Bytecode.PairedHelperBooleanTrace.inline42Template_length' does not depend on any axioms
info: Challenge/Ripemd160/Submission/Proofs/Bytecode/PairedHelperBooleanTrace.lean:8560:0: 'Challenge.Ripemd160.Submission.Proofs.Bytecode.PairedHelperBooleanTrace.run_inline42Template' depends on axioms: [propext,
 Quot.sound]
info: Challenge/Ripemd160/Submission/Proofs/Bytecode/PairedHelperBooleanTrace.lean:8561:0: 'Challenge.Ripemd160.Submission.Proofs.Bytecode.PairedHelperBooleanTrace.inline43Template_length' does not depend on any axioms
info: Challenge/Ripemd160/Submission/Proofs/Bytecode/PairedHelperBooleanTrace.lean:8562:0: 'Challenge.Ripemd160.Submission.Proofs.Bytecode.PairedHelperBooleanTrace.run_inline43Template' depends on axioms: [propext,
 Quot.sound]
info: Challenge/Ripemd160/Submission/Proofs/Bytecode/PairedHelperBooleanTrace.lean:8563:0: 'Challenge.Ripemd160.Submission.Proofs.Bytecode.PairedHelperBooleanTrace.inline44Template_length' does not depend on any axioms
info: Challenge/Ripemd160/Submission/Proofs/Bytecode/PairedHelperBooleanTrace.lean:8564:0: 'Challenge.Ripemd160.Submission.Proofs.Bytecode.PairedHelperBooleanTrace.run_inline44Template' depends on axioms: [propext,
 Quot.sound]
info: Challenge/Ripemd160/Submission/Proofs/Bytecode/PairedHelperBooleanTrace.lean:8565:0: 'Challenge.Ripemd160.Submission.Proofs.Bytecode.PairedHelperBooleanTrace.inline45Template_length' does not depend on any axioms
info: Challenge/Ripemd160/Submission/Proofs/Bytecode/PairedHelperBooleanTrace.lean:8566:0: 'Challenge.Ripemd160.Submission.Proofs.Bytecode.PairedHelperBooleanTrace.run_inline45Template' depends on axioms: [propext,
 Quot.sound]
info: Challenge/Ripemd160/Submission/Proofs/Bytecode/PairedHelperBooleanTrace.lean:8567:0: 'Challenge.Ripemd160.Submission.Proofs.Bytecode.PairedHelperBooleanTrace.inline46Template_length' does not depend on any axioms
info: Challenge/Ripemd160/Submission/Proofs/Bytecode/PairedHelperBooleanTrace.lean:8568:0: 'Challenge.Ripemd160.Submission.Proofs.Bytecode.PairedHelperBooleanTrace.run_inline46Template' depends on axioms: [propext,
 Quot.sound]
info: Challenge/Ripemd160/Submission/Proofs/Bytecode/PairedHelperBooleanTrace.lean:8569:0: 'Challenge.Ripemd160.Submission.Proofs.Bytecode.PairedHelperBooleanTrace.inline47Template_length' does not depend on any axioms
info: Challenge/Ripemd160/Submission/Proofs/Bytecode/PairedHelperBooleanTrace.lean:8570:0: 'Challenge.Ripemd160.Submission.Proofs.Bytecode.PairedHelperBooleanTrace.run_inline47Template' depends on axioms: [propext,
 Quot.sound]
info: Challenge/Ripemd160/Submission/Proofs/Bytecode/PairedHelperBooleanTrace.lean:8571:0: 'Challenge.Ripemd160.Submission.Proofs.Bytecode.PairedHelperBooleanTrace.inline48Template_length' does not depend on any axioms
info: Challenge/Ripemd160/Submission/Proofs/Bytecode/PairedHelperBooleanTrace.lean:8572:0: 'Challenge.Ripemd160.Submission.Proofs.Bytecode.PairedHelperBooleanTrace.run_inline48Template' depends on axioms: [propext,
 Quot.sound]
info: Challenge/Ripemd160/Submission/Proofs/Bytecode/PairedHelperBooleanTrace.lean:8573:0: 'Challenge.Ripemd160.Submission.Proofs.Bytecode.PairedHelperBooleanTrace.inline49Template_length' does not depend on any axioms
info: Challenge/Ripemd160/Submission/Proofs/Bytecode/PairedHelperBooleanTrace.lean:8574:0: 'Challenge.Ripemd160.Submission.Proofs.Bytecode.PairedHelperBooleanTrace.run_inline49Template' depends on axioms: [propext,
 Quot.sound]
info: Challenge/Ripemd160/Submission/Proofs/Bytecode/PairedHelperBooleanTrace.lean:8575:0: 'Challenge.Ripemd160.Submission.Proofs.Bytecode.PairedHelperBooleanTrace.inline50Template_length' does not depend on any axioms
info: Challenge/Ripemd160/Submission/Proofs/Bytecode/PairedHelperBooleanTrace.lean:8576:0: 'Challenge.Ripemd160.Submission.Proofs.Bytecode.PairedHelperBooleanTrace.run_inline50Template' depends on axioms: [propext,
 Quot.sound]
info: Challenge/Ripemd160/Submission/Proofs/Bytecode/PairedHelperBooleanTrace.lean:8577:0: 'Challenge.Ripemd160.Submission.Proofs.Bytecode.PairedHelperBooleanTrace.inline51Template_length' does not depend on any axioms
info: Challenge/Ripemd160/Submission/Proofs/Bytecode/PairedHelperBooleanTrace.lean:8578:0: 'Challenge.Ripemd160.Submission.Proofs.Bytecode.PairedHelperBooleanTrace.run_inline51Template' depends on axioms: [propext,
 Quot.sound]
info: Challenge/Ripemd160/Submission/Proofs/Bytecode/PairedHelperBooleanTrace.lean:8579:0: 'Challenge.Ripemd160.Submission.Proofs.Bytecode.PairedHelperBooleanTrace.inline52Template_length' does not depend on any axioms
info: Challenge/Ripemd160/Submission/Proofs/Bytecode/PairedHelperBooleanTrace.lean:8580:0: 'Challenge.Ripemd160.Submission.Proofs.Bytecode.PairedHelperBooleanTrace.run_inline52Template' depends on axioms: [propext,
 Quot.sound]
info: Challenge/Ripemd160/Submission/Proofs/Bytecode/PairedHelperBooleanTrace.lean:8581:0: 'Challenge.Ripemd160.Submission.Proofs.Bytecode.PairedHelperBooleanTrace.inline53Template_length' does not depend on any axioms
info: Challenge/Ripemd160/Submission/Proofs/Bytecode/PairedHelperBooleanTrace.lean:8582:0: 'Challenge.Ripemd160.Submission.Proofs.Bytecode.PairedHelperBooleanTrace.run_inline53Template' depends on axioms: [propext,
 Quot.sound]
info: Challenge/Ripemd160/Submission/Proofs/Bytecode/PairedHelperBooleanTrace.lean:8583:0: 'Challenge.Ripemd160.Submission.Proofs.Bytecode.PairedHelperBooleanTrace.inline54Template_length' does not depend on any axioms
info: Challenge/Ripemd160/Submission/Proofs/Bytecode/PairedHelperBooleanTrace.lean:8584:0: 'Challenge.Ripemd160.Submission.Proofs.Bytecode.PairedHelperBooleanTrace.run_inline54Template' depends on axioms: [propext,
 Quot.sound]
info: Challenge/Ripemd160/Submission/Proofs/Bytecode/PairedHelperBooleanTrace.lean:8585:0: 'Challenge.Ripemd160.Submission.Proofs.Bytecode.PairedHelperBooleanTrace.inline55Template_length' does not depend on any axioms
info: Challenge/Ripemd160/Submission/Proofs/Bytecode/PairedHelperBooleanTrace.lean:8586:0: 'Challenge.Ripemd160.Submission.Proofs.Bytecode.PairedHelperBooleanTrace.run_inline55Template' depends on axioms: [propext,
 Quot.sound]
info: Challenge/Ripemd160/Submission/Proofs/Bytecode/PairedHelperBooleanTrace.lean:8587:0: 'Challenge.Ripemd160.Submission.Proofs.Bytecode.PairedHelperBooleanTrace.inline56Template_length' does not depend on any axioms
info: Challenge/Ripemd160/Submission/Proofs/Bytecode/PairedHelperBooleanTrace.lean:8588:0: 'Challenge.Ripemd160.Submission.Proofs.Bytecode.PairedHelperBooleanTrace.run_inline56Template' depends on axioms: [propext,
 Quot.sound]
info: Challenge/Ripemd160/Submission/Proofs/Bytecode/PairedHelperBooleanTrace.lean:8589:0: 'Challenge.Ripemd160.Submission.Proofs.Bytecode.PairedHelperBooleanTrace.inline57Template_length' does not depend on any axioms
info: Challenge/Ripemd160/Submission/Proofs/Bytecode/PairedHelperBooleanTrace.lean:8590:0: 'Challenge.Ripemd160.Submission.Proofs.Bytecode.PairedHelperBooleanTrace.run_inline57Template' depends on axioms: [propext,
 Quot.sound]
info: Challenge/Ripemd160/Submission/Proofs/Bytecode/PairedHelperBooleanTrace.lean:8591:0: 'Challenge.Ripemd160.Submission.Proofs.Bytecode.PairedHelperBooleanTrace.inline58Template_length' does not depend on any axioms
info: Challenge/Ripemd160/Submission/Proofs/Bytecode/PairedHelperBooleanTrace.lean:8592:0: 'Challenge.Ripemd160.Submission.Proofs.Bytecode.PairedHelperBooleanTrace.run_inline58Template' depends on axioms: [propext,
 Quot.sound]
info: Challenge/Ripemd160/Submission/Proofs/Bytecode/PairedHelperBooleanTrace.lean:8593:0: 'Challenge.Ripemd160.Submission.Proofs.Bytecode.PairedHelperBooleanTrace.inline59Template_length' does not depend on any axioms
info: Challenge/Ripemd160/Submission/Proofs/Bytecode/PairedHelperBooleanTrace.lean:8594:0: 'Challenge.Ripemd160.Submission.Proofs.Bytecode.PairedHelperBooleanTrace.run_inline59Template' depends on axioms: [propext,
 Quot.sound]
info: Challenge/Ripemd160/Submission/Proofs/Bytecode/PairedHelperBooleanTrace.lean:8595:0: 'Challenge.Ripemd160.Submission.Proofs.Bytecode.PairedHelperBooleanTrace.inline60Template_length' does not depend on any axioms
info: Challenge/Ripemd160/Submission/Proofs/Bytecode/PairedHelperBooleanTrace.lean:8596:0: 'Challenge.Ripemd160.Submission.Proofs.Bytecode.PairedHelperBooleanTrace.run_inline60Template' depends on axioms: [propext,
 Quot.sound]
info: Challenge/Ripemd160/Submission/Proofs/Bytecode/PairedHelperBooleanTrace.lean:8597:0: 'Challenge.Ripemd160.Submission.Proofs.Bytecode.PairedHelperBooleanTrace.inline61Template_length' does not depend on any axioms
info: Challenge/Ripemd160/Submission/Proofs/Bytecode/PairedHelperBooleanTrace.lean:8598:0: 'Challenge.Ripemd160.Submission.Proofs.Bytecode.PairedHelperBooleanTrace.run_inline61Template' depends on axioms: [propext,
 Quot.sound]
info: Challenge/Ripemd160/Submission/Proofs/Bytecode/PairedHelperBooleanTrace.lean:8599:0: 'Challenge.Ripemd160.Submission.Proofs.Bytecode.PairedHelperBooleanTrace.inline62Template_length' does not depend on any axioms
info: Challenge/Ripemd160/Submission/Proofs/Bytecode/PairedHelperBooleanTrace.lean:8600:0: 'Challenge.Ripemd160.Submission.Proofs.Bytecode.PairedHelperBooleanTrace.run_inline62Template' depends on axioms: [propext,
 Quot.sound]
info: Challenge/Ripemd160/Submission/Proofs/Bytecode/PairedHelperBooleanTrace.lean:8601:0: 'Challenge.Ripemd160.Submission.Proofs.Bytecode.PairedHelperBooleanTrace.inline63Template_length' does not depend on any axioms
info: Challenge/Ripemd160/Submission/Proofs/Bytecode/PairedHelperBooleanTrace.lean:8602:0: 'Challenge.Ripemd160.Submission.Proofs.Bytecode.PairedHelperBooleanTrace.run_inline63Template' depends on axioms: [propext,
 Quot.sound]
info: Challenge/Ripemd160/Submission/Proofs/Bytecode/PairedHelperBooleanTrace.lean:8603:0: 'Challenge.Ripemd160.Submission.Proofs.Bytecode.PairedHelperBooleanTrace.inline64Template_length' does not depend on any axioms
info: Challenge/Ripemd160/Submission/Proofs/Bytecode/PairedHelperBooleanTrace.lean:8604:0: 'Challenge.Ripemd160.Submission.Proofs.Bytecode.PairedHelperBooleanTrace.run_inline64Template' depends on axioms: [propext,
 Quot.sound]
info: Challenge/Ripemd160/Submission/Proofs/Bytecode/PairedHelperBooleanTrace.lean:8605:0: 'Challenge.Ripemd160.Submission.Proofs.Bytecode.PairedHelperBooleanTrace.inline65Template_length' does not depend on any axioms
info: Challenge/Ripemd160/Submission/Proofs/Bytecode/PairedHelperBooleanTrace.lean:8606:0: 'Challenge.Ripemd160.Submission.Proofs.Bytecode.PairedHelperBooleanTrace.run_inline65Template' depends on axioms: [propext,
 Quot.sound]
info: Challenge/Ripemd160/Submission/Proofs/Bytecode/PairedHelperBooleanTrace.lean:8607:0: 'Challenge.Ripemd160.Submission.Proofs.Bytecode.PairedHelperBooleanTrace.inline66Template_length' does not depend on any axioms
info: Challenge/Ripemd160/Submission/Proofs/Bytecode/PairedHelperBooleanTrace.lean:8608:0: 'Challenge.Ripemd160.Submission.Proofs.Bytecode.PairedHelperBooleanTrace.run_inline66Template' depends on axioms: [propext,
 Quot.sound]
info: Challenge/Ripemd160/Submission/Proofs/Bytecode/PairedHelperBooleanTrace.lean:8609:0: 'Challenge.Ripemd160.Submission.Proofs.Bytecode.PairedHelperBooleanTrace.inline67Template_length' does not depend on any axioms
info: Challenge/Ripemd160/Submission/Proofs/Bytecode/PairedHelperBooleanTrace.lean:8610:0: 'Challenge.Ripemd160.Submission.Proofs.Bytecode.PairedHelperBooleanTrace.run_inline67Template' depends on axioms: [propext,
 Quot.sound]
info: Challenge/Ripemd160/Submission/Proofs/Bytecode/PairedHelperBooleanTrace.lean:8611:0: 'Challenge.Ripemd160.Submission.Proofs.Bytecode.PairedHelperBooleanTrace.inline68Template_length' does not depend on any axioms
info: Challenge/Ripemd160/Submission/Proofs/Bytecode/PairedHelperBooleanTrace.lean:8612:0: 'Challenge.Ripemd160.Submission.Proofs.Bytecode.PairedHelperBooleanTrace.run_inline68Template' depends on axioms: [propext,
 Quot.sound]
info: Challenge/Ripemd160/Submission/Proofs/Bytecode/PairedHelperBooleanTrace.lean:8613:0: 'Challenge.Ripemd160.Submission.Proofs.Bytecode.PairedHelperBooleanTrace.inline69Template_length' does not depend on any axioms
info: Challenge/Ripemd160/Submission/Proofs/Bytecode/PairedHelperBooleanTrace.lean:8614:0: 'Challenge.Ripemd160.Submission.Proofs.Bytecode.PairedHelperBooleanTrace.run_inline69Template' depends on axioms: [propext,
 Quot.sound]
info: Challenge/Ripemd160/Submission/Proofs/Bytecode/PairedHelperBooleanTrace.lean:8615:0: 'Challenge.Ripemd160.Submission.Proofs.Bytecode.PairedHelperBooleanTrace.inline70Template_length' does not depend on any axioms
info: Challenge/Ripemd160/Submission/Proofs/Bytecode/PairedHelperBooleanTrace.lean:8616:0: 'Challenge.Ripemd160.Submission.Proofs.Bytecode.PairedHelperBooleanTrace.run_inline70Template' depends on axioms: [propext,
 Quot.sound]
info: Challenge/Ripemd160/Submission/Proofs/Bytecode/PairedHelperBooleanTrace.lean:8617:0: 'Challenge.Ripemd160.Submission.Proofs.Bytecode.PairedHelperBooleanTrace.inline71Template_length' does not depend on any axioms
info: Challenge/Ripemd160/Submission/Proofs/Bytecode/PairedHelperBooleanTrace.lean:8618:0: 'Challenge.Ripemd160.Submission.Proofs.Bytecode.PairedHelperBooleanTrace.run_inline71Template' depends on axioms: [propext,
 Quot.sound]
info: Challenge/Ripemd160/Submission/Proofs/Bytecode/PairedHelperBooleanTrace.lean:8619:0: 'Challenge.Ripemd160.Submission.Proofs.Bytecode.PairedHelperBooleanTrace.inline72Template_length' does not depend on any axioms
info: Challenge/Ripemd160/Submission/Proofs/Bytecode/PairedHelperBooleanTrace.lean:8620:0: 'Challenge.Ripemd160.Submission.Proofs.Bytecode.PairedHelperBooleanTrace.run_inline72Template' depends on axioms: [propext,
 Quot.sound]
info: Challenge/Ripemd160/Submission/Proofs/Bytecode/PairedHelperBooleanTrace.lean:8621:0: 'Challenge.Ripemd160.Submission.Proofs.Bytecode.PairedHelperBooleanTrace.inline73Template_length' does not depend on any axioms
info: Challenge/Ripemd160/Submission/Proofs/Bytecode/PairedHelperBooleanTrace.lean:8622:0: 'Challenge.Ripemd160.Submission.Proofs.Bytecode.PairedHelperBooleanTrace.run_inline73Template' depends on axioms: [propext,
 Quot.sound]
info: Challenge/Ripemd160/Submission/Proofs/Bytecode/PairedHelperBooleanTrace.lean:8623:0: 'Challenge.Ripemd160.Submission.Proofs.Bytecode.PairedHelperBooleanTrace.inline74Template_length' does not depend on any axioms
info: Challenge/Ripemd160/Submission/Proofs/Bytecode/PairedHelperBooleanTrace.lean:8624:0: 'Challenge.Ripemd160.Submission.Proofs.Bytecode.PairedHelperBooleanTrace.run_inline74Template' depends on axioms: [propext,
 Quot.sound]
info: Challenge/Ripemd160/Submission/Proofs/Bytecode/PairedHelperBooleanTrace.lean:8625:0: 'Challenge.Ripemd160.Submission.Proofs.Bytecode.PairedHelperBooleanTrace.inline75Template_length' does not depend on any axioms
info: Challenge/Ripemd160/Submission/Proofs/Bytecode/PairedHelperBooleanTrace.lean:8626:0: 'Challenge.Ripemd160.Submission.Proofs.Bytecode.PairedHelperBooleanTrace.run_inline75Template' depends on axioms: [propext,
 Quot.sound]
info: Challenge/Ripemd160/Submission/Proofs/Bytecode/PairedHelperBooleanTrace.lean:8627:0: 'Challenge.Ripemd160.Submission.Proofs.Bytecode.PairedHelperBooleanTrace.inline76Template_length' does not depend on any axioms
info: Challenge/Ripemd160/Submission/Proofs/Bytecode/PairedHelperBooleanTrace.lean:8628:0: 'Challenge.Ripemd160.Submission.Proofs.Bytecode.PairedHelperBooleanTrace.run_inline76Template' depends on axioms: [propext,
 Quot.sound]
info: Challenge/Ripemd160/Submission/Proofs/Bytecode/PairedHelperBooleanTrace.lean:8629:0: 'Challenge.Ripemd160.Submission.Proofs.Bytecode.PairedHelperBooleanTrace.inline77Template_length' does not depend on any axioms
info: Challenge/Ripemd160/Submission/Proofs/Bytecode/PairedHelperBooleanTrace.lean:8630:0: 'Challenge.Ripemd160.Submission.Proofs.Bytecode.PairedHelperBooleanTrace.run_inline77Template' depends on axioms: [propext,
 Quot.sound]
info: Challenge/Ripemd160/Submission/Proofs/Bytecode/PairedHelperBooleanTrace.lean:8631:0: 'Challenge.Ripemd160.Submission.Proofs.Bytecode.PairedHelperBooleanTrace.inline78Template_length' does not depend on any axioms
info: Challenge/Ripemd160/Submission/Proofs/Bytecode/PairedHelperBooleanTrace.lean:8632:0: 'Challenge.Ripemd160.Submission.Proofs.Bytecode.PairedHelperBooleanTrace.run_inline78Template' depends on axioms: [propext,
 Quot.sound]
info: Challenge/Ripemd160/Submission/Proofs/Bytecode/PairedHelperBooleanTrace.lean:8633:0: 'Challenge.Ripemd160.Submission.Proofs.Bytecode.PairedHelperBooleanTrace.inline79Template_length' does not depend on any axioms
info: Challenge/Ripemd160/Submission/Proofs/Bytecode/PairedHelperBooleanTrace.lean:8634:0: 'Challenge.Ripemd160.Submission.Proofs.Bytecode.PairedHelperBooleanTrace.run_inline79Template' depends on axioms: [propext,
 Quot.sound]
info: Challenge/Ripemd160/Submission/Proofs/Bytecode/PairedHelperBooleanTrace.lean:8635:0: 'Challenge.Ripemd160.Submission.Proofs.Bytecode.PairedHelperBooleanTrace.call16Template_length' does not depend on any axioms
info: Challenge/Ripemd160/Submission/Proofs/Bytecode/PairedHelperBooleanTrace.lean:8636:0: 'Challenge.Ripemd160.Submission.Proofs.Bytecode.PairedHelperBooleanTrace.run_call16Template' depends on axioms: [propext,
 Quot.sound]
info: Challenge/Ripemd160/Submission/Proofs/Bytecode/PairedHelperBooleanTrace.lean:8637:0: 'Challenge.Ripemd160.Submission.Proofs.Bytecode.PairedHelperBooleanTrace.call20Template_length' does not depend on any axioms
info: Challenge/Ripemd160/Submission/Proofs/Bytecode/PairedHelperBooleanTrace.lean:8638:0: 'Challenge.Ripemd160.Submission.Proofs.Bytecode.PairedHelperBooleanTrace.run_call20Template' depends on axioms: [propext,
 Quot.sound]
info: Challenge/Ripemd160/Submission/Proofs/Bytecode/PairedHelperBooleanTrace.lean:8639:0: 'Challenge.Ripemd160.Submission.Proofs.Bytecode.PairedHelperBooleanTrace.call22Template_length' does not depend on any axioms
info: Challenge/Ripemd160/Submission/Proofs/Bytecode/PairedHelperBooleanTrace.lean:8640:0: 'Challenge.Ripemd160.Submission.Proofs.Bytecode.PairedHelperBooleanTrace.run_call22Template' depends on axioms: [propext,
 Quot.sound]
info: Challenge/Ripemd160/Submission/Proofs/Bytecode/PairedHelperBooleanTrace.lean:8641:0: 'Challenge.Ripemd160.Submission.Proofs.Bytecode.PairedHelperBooleanTrace.call26Template_length' does not depend on any axioms
info: Challenge/Ripemd160/Submission/Proofs/Bytecode/PairedHelperBooleanTrace.lean:8642:0: 'Challenge.Ripemd160.Submission.Proofs.Bytecode.PairedHelperBooleanTrace.run_call26Template' depends on axioms: [propext,
 Quot.sound]
info: Challenge/Ripemd160/Submission/Proofs/Bytecode/PairedHelperBooleanTrace.lean:8643:0: 'Challenge.Ripemd160.Submission.Proofs.Bytecode.PairedHelperBooleanTrace.call28Template_length' does not depend on any axioms
info: Challenge/Ripemd160/Submission/Proofs/Bytecode/PairedHelperBooleanTrace.lean:8644:0: 'Challenge.Ripemd160.Submission.Proofs.Bytecode.PairedHelperBooleanTrace.run_call28Template' depends on axioms: [propext,
 Quot.sound]
info: Challenge/Ripemd160/Submission/Proofs/Bytecode/PairedHelperBooleanTrace.lean:8645:0: 'Challenge.Ripemd160.Submission.Proofs.Bytecode.PairedHelperBooleanTrace.run_group0Template' depends on axioms: [propext,
 Quot.sound]
info: Challenge/Ripemd160/Submission/Proofs/Bytecode/PairedHelperBooleanTrace.lean:8646:0: 'Challenge.Ripemd160.Submission.Proofs.Bytecode.PairedHelperBooleanTrace.run_group16Template' depends on axioms: [propext,
 Quot.sound]
info: Challenge/Ripemd160/Submission/Proofs/Bytecode/PairedHelperBooleanTrace.lean:8647:0: 'Challenge.Ripemd160.Submission.Proofs.Bytecode.PairedHelperBooleanTrace.run_return18Template' depends on axioms: [propext,
 Quot.sound]
info: Challenge/Ripemd160/Submission/Proofs/Bytecode/PairedHelperBooleanTrace.lean:8648:0: 'Challenge.Ripemd160.Submission.Proofs.Bytecode.PairedHelperBooleanTrace.run_return24Template' depends on axioms: [propext,
 Quot.sound]
info: Challenge/Ripemd160/Submission/Proofs/Bytecode/PairedHelperBooleanTrace.lean:8649:0: 'Challenge.Ripemd160.Submission.Proofs.Bytecode.PairedHelperBooleanTrace.run_return30Template' depends on axioms: [propext,
 Quot.sound]
info: Challenge/Ripemd160/Submission/Proofs/Bytecode/PairedHelperBooleanTrace.lean:8650:0: 'Challenge.Ripemd160.Submission.Proofs.Bytecode.PairedHelperBooleanTrace.run_group32Template' depends on axioms: [propext,
 Quot.sound]
info: Challenge/Ripemd160/Submission/Proofs/Bytecode/PairedHelperBooleanTrace.lean:8651:0: 'Challenge.Ripemd160.Submission.Proofs.Bytecode.PairedHelperBooleanTrace.run_group48Template' depends on axioms: [propext,
 Quot.sound]
info: Challenge/Ripemd160/Submission/Proofs/Bytecode/PairedHelperBooleanTrace.lean:8652:0: 'Challenge.Ripemd160.Submission.Proofs.Bytecode.PairedHelperBooleanTrace.run_group64Template' depends on axioms: [propext,
 Quot.sound]
info: Challenge/Ripemd160/Submission/Proofs/Bytecode/PairedHelperBooleanTrace.lean:8653:0: 'Challenge.Ripemd160.Submission.Proofs.Bytecode.PairedHelperBooleanTrace.run_coreExitTemplate' depends on axioms: [propext,
 Quot.sound]
info: Challenge/Ripemd160/Submission/Proofs/Bytecode/PairedHelperBooleanTrace.lean:8654:0: 'Challenge.Ripemd160.Submission.Proofs.Bytecode.PairedHelperBooleanTrace.CoreChain.run' depends on axioms: [propext,
 Quot.sound]
info: Challenge/Ripemd160/Submission/Proofs/Bytecode/PairedHelperBooleanTrace.lean:8655:0: 'Challenge.Ripemd160.Submission.Proofs.Bytecode.PairedHelperBooleanTrace.group0Block' depends on axioms: [propext,
 Quot.sound]
info: Challenge/Ripemd160/Submission/Proofs/Bytecode/PairedHelperBooleanTrace.lean:8656:0: 'Challenge.Ripemd160.Submission.Proofs.Bytecode.PairedHelperBooleanTrace.group16Block' depends on axioms: [propext,
 Quot.sound]
info: Challenge/Ripemd160/Submission/Proofs/Bytecode/PairedHelperBooleanTrace.lean:8657:0: 'Challenge.Ripemd160.Submission.Proofs.Bytecode.PairedHelperBooleanTrace.return18Block' depends on axioms: [propext,
 Quot.sound]
info: Challenge/Ripemd160/Submission/Proofs/Bytecode/PairedHelperBooleanTrace.lean:8658:0: 'Challenge.Ripemd160.Submission.Proofs.Bytecode.PairedHelperBooleanTrace.return24Block' depends on axioms: [propext,
 Quot.sound]
info: Challenge/Ripemd160/Submission/Proofs/Bytecode/PairedHelperBooleanTrace.lean:8659:0: 'Challenge.Ripemd160.Submission.Proofs.Bytecode.PairedHelperBooleanTrace.return30Block' depends on axioms: [propext,
 Quot.sound]
info: Challenge/Ripemd160/Submission/Proofs/Bytecode/PairedHelperBooleanTrace.lean:8660:0: 'Challenge.Ripemd160.Submission.Proofs.Bytecode.PairedHelperBooleanTrace.group32Block' depends on axioms: [propext,
 Quot.sound]
info: Challenge/Ripemd160/Submission/Proofs/Bytecode/PairedHelperBooleanTrace.lean:8661:0: 'Challenge.Ripemd160.Submission.Proofs.Bytecode.PairedHelperBooleanTrace.group48Block' depends on axioms: [propext,
 Quot.sound]
info: Challenge/Ripemd160/Submission/Proofs/Bytecode/PairedHelperBooleanTrace.lean:8662:0: 'Challenge.Ripemd160.Submission.Proofs.Bytecode.PairedHelperBooleanTrace.group64Block' depends on axioms: [propext,
 Quot.sound]
info: Challenge/Ripemd160/Submission/Proofs/Bytecode/PairedHelperBooleanTrace.lean:8663:0: 'Challenge.Ripemd160.Submission.Proofs.Bytecode.PairedHelperBooleanTrace.coreExitBlock' depends on axioms: [propext,
 Quot.sound]
info: Challenge/Ripemd160/Submission/Proofs/Bytecode/PairedHelperBooleanTrace.lean:8664:0: 'Challenge.Ripemd160.Submission.Proofs.Bytecode.PairedHelperBooleanTrace.pairedWordFold_crypto' depends on axioms: [propext,
 Classical.choice,
 Quot.sound]
info: Challenge/Ripemd160/Submission/Proofs/Bytecode/PairedHelperBooleanTrace.lean:8665:0: 'Challenge.Ripemd160.Submission.Proofs.Bytecode.PairedHelperBooleanTrace.pairedWordFold_add' depends on axioms: [propext,
 Quot.sound]
info: Challenge/Ripemd160/Submission/Proofs/Bytecode/PairedHelperBooleanTrace.lean:8666:0: 'Challenge.Ripemd160.Submission.Proofs.Bytecode.PairedHelperBooleanTrace.group0Block_eval' depends on axioms: [propext,
 Quot.sound]
info: Challenge/Ripemd160/Submission/Proofs/Bytecode/PairedHelperBooleanTrace.lean:8667:0: 'Challenge.Ripemd160.Submission.Proofs.Bytecode.PairedHelperBooleanTrace.group16Block_eval' depends on axioms: [propext,
 Quot.sound]
info: Challenge/Ripemd160/Submission/Proofs/Bytecode/PairedHelperBooleanTrace.lean:8668:0: 'Challenge.Ripemd160.Submission.Proofs.Bytecode.PairedHelperBooleanTrace.return18Block_eval' depends on axioms: [propext,
 Quot.sound]
info: Challenge/Ripemd160/Submission/Proofs/Bytecode/PairedHelperBooleanTrace.lean:8669:0: 'Challenge.Ripemd160.Submission.Proofs.Bytecode.PairedHelperBooleanTrace.return24Block_eval' depends on axioms: [propext,
 Quot.sound]
info: Challenge/Ripemd160/Submission/Proofs/Bytecode/PairedHelperBooleanTrace.lean:8670:0: 'Challenge.Ripemd160.Submission.Proofs.Bytecode.PairedHelperBooleanTrace.return30Block_eval' depends on axioms: [propext,
 Quot.sound]
info: Challenge/Ripemd160/Submission/Proofs/Bytecode/PairedHelperBooleanTrace.lean:8671:0: 'Challenge.Ripemd160.Submission.Proofs.Bytecode.PairedHelperBooleanTrace.group32Block_eval' depends on axioms: [propext,
 Quot.sound]
info: Challenge/Ripemd160/Submission/Proofs/Bytecode/PairedHelperBooleanTrace.lean:8672:0: 'Challenge.Ripemd160.Submission.Proofs.Bytecode.PairedHelperBooleanTrace.group48Block_eval' depends on axioms: [propext,
 Quot.sound]
info: Challenge/Ripemd160/Submission/Proofs/Bytecode/PairedHelperBooleanTrace.lean:8673:0: 'Challenge.Ripemd160.Submission.Proofs.Bytecode.PairedHelperBooleanTrace.group64Block_eval' depends on axioms: [propext,
 Quot.sound]
info: Challenge/Ripemd160/Submission/Proofs/Bytecode/PairedHelperBooleanTrace.lean:8674:0: 'Challenge.Ripemd160.Submission.Proofs.Bytecode.PairedHelperBooleanTrace.coreExitBlock_eval' depends on axioms: [propext,
 Quot.sound]
info: Challenge/Ripemd160/Submission/Proofs/Bytecode/PairedHelperBooleanTrace.lean:8675:0: 'Challenge.Ripemd160.Submission.Proofs.Bytecode.PairedHelperBooleanTrace.CoreEvalCert.sound' depends on axioms: [propext,
 Quot.sound]
info: Challenge/Ripemd160/Submission/Proofs/Bytecode/PairedHelperBooleanTrace.lean:8676:0: 'Challenge.Ripemd160.Submission.Proofs.Bytecode.PairedHelperBooleanTrace.algorithmFold_succ' depends on axioms: [propext,
 Quot.sound]
info: Challenge/Ripemd160/Submission/Proofs/Bytecode/PairedHelperBooleanTrace.lean:8677:0: 'Challenge.Ripemd160.Submission.Proofs.Bytecode.PairedHelperBooleanTrace.algorithmRotation_group0' does not depend on any axioms
info: Challenge/Ripemd160/Submission/Proofs/Bytecode/PairedHelperBooleanTrace.lean:8678:0: 'Challenge.Ripemd160.Submission.Proofs.Bytecode.PairedHelperBooleanTrace.algorithmRotation_group1' does not depend on any axioms
info: Challenge/Ripemd160/Submission/Proofs/Bytecode/PairedHelperBooleanTrace.lean:8679:0: 'Challenge.Ripemd160.Submission.Proofs.Bytecode.PairedHelperBooleanTrace.algorithmRotation_group2' does not depend on any axioms
info: Challenge/Ripemd160/Submission/Proofs/Bytecode/PairedHelperBooleanTrace.lean:8680:0: 'Challenge.Ripemd160.Submission.Proofs.Bytecode.PairedHelperBooleanTrace.algorithmRotation_group3' does not depend on any axioms
info: Challenge/Ripemd160/Submission/Proofs/Bytecode/PairedHelperBooleanTrace.lean:8681:0: 'Challenge.Ripemd160.Submission.Proofs.Bytecode.PairedHelperBooleanTrace.algorithmRotation_group4' does not depend on any axioms
info: Challenge/Ripemd160/Submission/Proofs/Bytecode/PairedHelperBooleanTrace.lean:8682:0: 'Challenge.Ripemd160.Submission.Proofs.Bytecode.PairedHelperBooleanTrace.algorithmKey_packed' depends on axioms: [propext,
 Quot.sound]
info: Challenge/Ripemd160/Submission/Proofs/Bytecode/PairedHelperBooleanTrace.lean:8683:0: 'Challenge.Ripemd160.Submission.Proofs.Bytecode.PairedHelperBooleanTrace.algorithmRotation_bounds' depends on axioms: [propext,
 Quot.sound]
info: Challenge/Ripemd160/Submission/Proofs/Bytecode/PairedHelperBooleanTrace.lean:8684:0: 'Challenge.Ripemd160.Submission.Proofs.Bytecode.PairedHelperBooleanTrace.pairedWordFold_congr' depends on axioms: [propext,
 Quot.sound]
info: Challenge/Ripemd160/Submission/Proofs/Bytecode/PairedHelperBooleanTrace.lean:8685:0: 'Challenge.Ripemd160.Submission.Proofs.Bytecode.PairedHelperBooleanTrace.algorithmFold_crypto' depends on axioms: [propext,
 Classical.choice,
 Quot.sound]
info: Challenge/Ripemd160/Submission/Proofs/Bytecode/PairedHelperBooleanTrace.lean:8686:0: 'Challenge.Ripemd160.Submission.Proofs.Bytecode.PairedHelperBooleanTrace.packed32_eq_or' depends on axioms: [propext,
 Classical.choice,
 Quot.sound]
info: Challenge/Ripemd160/Submission/Proofs/Bytecode/PairedHelperBooleanTrace.lean:8687:0: 'Challenge.Ripemd160.Submission.Proofs.Bytecode.PairedHelperBooleanTrace.algorithmIndex_group0' does not depend on any axioms
info: Challenge/Ripemd160/Submission/Proofs/Bytecode/PairedHelperBooleanTrace.lean:8688:0: 'Challenge.Ripemd160.Submission.Proofs.Bytecode.PairedHelperBooleanTrace.algorithmIndex_group1' does not depend on any axioms
info: Challenge/Ripemd160/Submission/Proofs/Bytecode/PairedHelperBooleanTrace.lean:8689:0: 'Challenge.Ripemd160.Submission.Proofs.Bytecode.PairedHelperBooleanTrace.algorithmIndex_group2' does not depend on any axioms
info: Challenge/Ripemd160/Submission/Proofs/Bytecode/PairedHelperBooleanTrace.lean:8690:0: 'Challenge.Ripemd160.Submission.Proofs.Bytecode.PairedHelperBooleanTrace.algorithmIndex_group3' does not depend on any axioms
info: Challenge/Ripemd160/Submission/Proofs/Bytecode/PairedHelperBooleanTrace.lean:8691:0: 'Challenge.Ripemd160.Submission.Proofs.Bytecode.PairedHelperBooleanTrace.algorithmIndex_group4' does not depend on any axioms
info: Challenge/Ripemd160/Submission/Proofs/Bytecode/PairedHelperBooleanTrace.lean:8692:0: 'Challenge.Ripemd160.Submission.Proofs.Bytecode.PairedHelperBooleanTrace.algorithmIndex_bounds' depends on axioms: [propext,
 Quot.sound]
info: Challenge/Ripemd160/Submission/Proofs/Bytecode/PairedHelperBooleanTrace.lean:8693:0: 'Challenge.Ripemd160.Submission.Proofs.Bytecode.PairedHelperBooleanTrace.algorithmMessage_of_normalized' depends on axioms: [propext,
 Classical.choice,
 Quot.sound]
info: Challenge/Ripemd160/Submission/Proofs/Bytecode/PairedHelperBooleanTrace.lean:8694:0: 'Challenge.Ripemd160.Submission.Proofs.Bytecode.PairedHelperBooleanTrace.runLocatedBlock_eq_raw_terminal_sites' depends on axioms: [propext,
 Quot.sound]
info: Challenge/Ripemd160/Submission/Proofs/Bytecode/PairedHelperBooleanTrace.lean:8695:0: 'Challenge.Ripemd160.Submission.Proofs.Bytecode.PairedHelperBooleanTrace.runLocatedBlock_eq_raw_terminal' depends on axioms: [propext,
 Quot.sound]
info: Challenge/Ripemd160/Submission/Proofs/Bytecode/PairedHelperBooleanTrace.lean:8696:0: 'Challenge.Ripemd160.Submission.Proofs.Bytecode.PairedHelperBooleanTrace.gasSteps_terminal_of_raw' depends on axioms: [propext,
 Classical.choice,
 Quot.sound]
info: Challenge/Ripemd160/Submission/Proofs/Bytecode/PairedHelperBooleanTrace.lean:8697:0: 'Challenge.Ripemd160.Submission.Proofs.Bytecode.PairedHelperBooleanTrace.coreAdvancesCheck_sound' depends on axioms: [propext]
info: Challenge/Ripemd160/Submission/Proofs/Bytecode/PairedHelperBooleanTrace.lean:8698:0: 'Challenge.Ripemd160.Submission.Proofs.Bytecode.PairedHelperBooleanTrace.coreAdvancesAll_sound' depends on axioms: [propext,
 Quot.sound]
info: Challenge/Ripemd160/Submission/Proofs/Bytecode/PairedHelperBooleanTrace.lean:8699:0: 'Challenge.Ripemd160.Submission.Proofs.Bytecode.PairedHelperBooleanTrace.fullTemplate_terminal_advances' depends on axioms: [propext,
 Quot.sound]
info: Challenge/Ripemd160/Submission/Proofs/Bytecode/PairedHelperBooleanTrace.lean:8700:0: 'Challenge.Ripemd160.Submission.Proofs.Bytecode.PairedHelperBooleanTrace.call16Template_terminal_advances' depends on axioms: [propext,
 Quot.sound]
info: Challenge/Ripemd160/Submission/Proofs/Bytecode/PairedHelperBooleanTrace.lean:8701:0: 'Challenge.Ripemd160.Submission.Proofs.Bytecode.PairedHelperBooleanTrace.inline0Template_terminal_advances' depends on axioms: [propext,
 Quot.sound]
info: Challenge/Ripemd160/Submission/Proofs/Bytecode/PairedHelperBooleanTrace.lean:8702:0: 'Challenge.Ripemd160.Submission.Proofs.Bytecode.PairedHelperBooleanTrace.gasSteps_fullTemplate' depends on axioms: [propext,
 Classical.choice,
 Quot.sound]
info: Challenge/Ripemd160/Submission/Proofs/Bytecode/PairedHelperBooleanTrace.lean:8703:0: 'Challenge.Ripemd160.Submission.Proofs.Bytecode.PairedHelperBooleanTrace.runInstrSeq_append_tail' depends on axioms: [propext,
 Quot.sound]
info: Challenge/Ripemd160/Submission/Proofs/Bytecode/PairedHelperBooleanTrace.lean:8704:0: 'Challenge.Ripemd160.Submission.Proofs.Bytecode.PairedHelperBooleanTrace.CoreGasBlock.of_site' depends on axioms: [propext,
 Classical.choice,
 Quot.sound]
info: Challenge/Ripemd160/Submission/Proofs/Bytecode/PairedHelperBooleanTrace.lean:8705:0: 'Challenge.Ripemd160.Submission.Proofs.Bytecode.PairedHelperBooleanTrace.CoreGasChain.run' depends on axioms: [propext,
 Classical.choice,
 Quot.sound]
info: Challenge/Ripemd160/Submission/Proofs/Bytecode/PairedHelperBooleanTrace.lean:8706:0: 'Challenge.Ripemd160.Submission.Proofs.Bytecode.PairedHelperBooleanTrace.group0Template_terminal_advances' depends on axioms: [propext,
 Quot.sound]
info: Challenge/Ripemd160/Submission/Proofs/Bytecode/PairedHelperBooleanTrace.lean:8707:0: 'Challenge.Ripemd160.Submission.Proofs.Bytecode.PairedHelperBooleanTrace.inline1Template_terminal_advances' depends on axioms: [propext,
 Quot.sound]
info: Challenge/Ripemd160/Submission/Proofs/Bytecode/PairedHelperBooleanTrace.lean:8708:0: 'Challenge.Ripemd160.Submission.Proofs.Bytecode.PairedHelperBooleanTrace.inline2Template_terminal_advances' depends on axioms: [propext,
 Quot.sound]
info: Challenge/Ripemd160/Submission/Proofs/Bytecode/PairedHelperBooleanTrace.lean:8709:0: 'Challenge.Ripemd160.Submission.Proofs.Bytecode.PairedHelperBooleanTrace.inline3Template_terminal_advances' depends on axioms: [propext,
 Quot.sound]
info: Challenge/Ripemd160/Submission/Proofs/Bytecode/PairedHelperBooleanTrace.lean:8710:0: 'Challenge.Ripemd160.Submission.Proofs.Bytecode.PairedHelperBooleanTrace.inline4Template_terminal_advances' depends on axioms: [propext,
 Quot.sound]
info: Challenge/Ripemd160/Submission/Proofs/Bytecode/PairedHelperBooleanTrace.lean:8711:0: 'Challenge.Ripemd160.Submission.Proofs.Bytecode.PairedHelperBooleanTrace.inline5Template_terminal_advances' depends on axioms: [propext,
 Quot.sound]
info: Challenge/Ripemd160/Submission/Proofs/Bytecode/PairedHelperBooleanTrace.lean:8712:0: 'Challenge.Ripemd160.Submission.Proofs.Bytecode.PairedHelperBooleanTrace.inline6Template_terminal_advances' depends on axioms: [propext,
 Quot.sound]
info: Challenge/Ripemd160/Submission/Proofs/Bytecode/PairedHelperBooleanTrace.lean:8713:0: 'Challenge.Ripemd160.Submission.Proofs.Bytecode.PairedHelperBooleanTrace.inline7Template_terminal_advances' depends on axioms: [propext,
 Quot.sound]
info: Challenge/Ripemd160/Submission/Proofs/Bytecode/PairedHelperBooleanTrace.lean:8714:0: 'Challenge.Ripemd160.Submission.Proofs.Bytecode.PairedHelperBooleanTrace.inline8Template_terminal_advances' depends on axioms: [propext,
 Quot.sound]
info: Challenge/Ripemd160/Submission/Proofs/Bytecode/PairedHelperBooleanTrace.lean:8715:0: 'Challenge.Ripemd160.Submission.Proofs.Bytecode.PairedHelperBooleanTrace.inline9Template_terminal_advances' depends on axioms: [propext,
 Quot.sound]
info: Challenge/Ripemd160/Submission/Proofs/Bytecode/PairedHelperBooleanTrace.lean:8716:0: 'Challenge.Ripemd160.Submission.Proofs.Bytecode.PairedHelperBooleanTrace.inline10Template_terminal_advances' depends on axioms: [propext,
 Quot.sound]
info: Challenge/Ripemd160/Submission/Proofs/Bytecode/PairedHelperBooleanTrace.lean:8717:0: 'Challenge.Ripemd160.Submission.Proofs.Bytecode.PairedHelperBooleanTrace.inline11Template_terminal_advances' depends on axioms: [propext,
 Quot.sound]
info: Challenge/Ripemd160/Submission/Proofs/Bytecode/PairedHelperBooleanTrace.lean:8718:0: 'Challenge.Ripemd160.Submission.Proofs.Bytecode.PairedHelperBooleanTrace.inline12Template_terminal_advances' depends on axioms: [propext,
 Quot.sound]
info: Challenge/Ripemd160/Submission/Proofs/Bytecode/PairedHelperBooleanTrace.lean:8719:0: 'Challenge.Ripemd160.Submission.Proofs.Bytecode.PairedHelperBooleanTrace.inline13Template_terminal_advances' depends on axioms: [propext,
 Quot.sound]
info: Challenge/Ripemd160/Submission/Proofs/Bytecode/PairedHelperBooleanTrace.lean:8720:0: 'Challenge.Ripemd160.Submission.Proofs.Bytecode.PairedHelperBooleanTrace.inline14Template_terminal_advances' depends on axioms: [propext,
 Quot.sound]
info: Challenge/Ripemd160/Submission/Proofs/Bytecode/PairedHelperBooleanTrace.lean:8721:0: 'Challenge.Ripemd160.Submission.Proofs.Bytecode.PairedHelperBooleanTrace.inline15Template_terminal_advances' depends on axioms: [propext,
 Quot.sound]
info: Challenge/Ripemd160/Submission/Proofs/Bytecode/PairedHelperBooleanTrace.lean:8722:0: 'Challenge.Ripemd160.Submission.Proofs.Bytecode.PairedHelperBooleanTrace.group16Template_terminal_advances' depends on axioms: [propext,
 Quot.sound]
info: Challenge/Ripemd160/Submission/Proofs/Bytecode/PairedHelperBooleanTrace.lean:8723:0: 'Challenge.Ripemd160.Submission.Proofs.Bytecode.PairedHelperBooleanTrace.return18Template_terminal_advances' depends on axioms: [propext,
 Quot.sound]
info: Challenge/Ripemd160/Submission/Proofs/Bytecode/PairedHelperBooleanTrace.lean:8724:0: 'Challenge.Ripemd160.Submission.Proofs.Bytecode.PairedHelperBooleanTrace.inline18Template_terminal_advances' depends on axioms: [propext,
 Quot.sound]
info: Challenge/Ripemd160/Submission/Proofs/Bytecode/PairedHelperBooleanTrace.lean:8725:0: 'Challenge.Ripemd160.Submission.Proofs.Bytecode.PairedHelperBooleanTrace.inline19Template_terminal_advances' depends on axioms: [propext,
 Quot.sound]
info: Challenge/Ripemd160/Submission/Proofs/Bytecode/PairedHelperBooleanTrace.lean:8726:0: 'Challenge.Ripemd160.Submission.Proofs.Bytecode.PairedHelperBooleanTrace.call20Template_terminal_advances' depends on axioms: [propext,
 Quot.sound]
info: Challenge/Ripemd160/Submission/Proofs/Bytecode/PairedHelperBooleanTrace.lean:8727:0: 'Challenge.Ripemd160.Submission.Proofs.Bytecode.PairedHelperBooleanTrace.call22Template_terminal_advances' depends on axioms: [propext,
 Quot.sound]
info: Challenge/Ripemd160/Submission/Proofs/Bytecode/PairedHelperBooleanTrace.lean:8728:0: 'Challenge.Ripemd160.Submission.Proofs.Bytecode.PairedHelperBooleanTrace.return24Template_terminal_advances' depends on axioms: [propext,
 Quot.sound]
info: Challenge/Ripemd160/Submission/Proofs/Bytecode/PairedHelperBooleanTrace.lean:8729:0: 'Challenge.Ripemd160.Submission.Proofs.Bytecode.PairedHelperBooleanTrace.inline24Template_terminal_advances' depends on axioms: [propext,
 Quot.sound]
info: Challenge/Ripemd160/Submission/Proofs/Bytecode/PairedHelperBooleanTrace.lean:8730:0: 'Challenge.Ripemd160.Submission.Proofs.Bytecode.PairedHelperBooleanTrace.inline25Template_terminal_advances' depends on axioms: [propext,
 Quot.sound]
info: Challenge/Ripemd160/Submission/Proofs/Bytecode/PairedHelperBooleanTrace.lean:8731:0: 'Challenge.Ripemd160.Submission.Proofs.Bytecode.PairedHelperBooleanTrace.call26Template_terminal_advances' depends on axioms: [propext,
 Quot.sound]
info: Challenge/Ripemd160/Submission/Proofs/Bytecode/PairedHelperBooleanTrace.lean:8732:0: 'Challenge.Ripemd160.Submission.Proofs.Bytecode.PairedHelperBooleanTrace.call28Template_terminal_advances' depends on axioms: [propext,
 Quot.sound]
info: Challenge/Ripemd160/Submission/Proofs/Bytecode/PairedHelperBooleanTrace.lean:8733:0: 'Challenge.Ripemd160.Submission.Proofs.Bytecode.PairedHelperBooleanTrace.return30Template_terminal_advances' depends on axioms: [propext,
 Quot.sound]
info: Challenge/Ripemd160/Submission/Proofs/Bytecode/PairedHelperBooleanTrace.lean:8734:0: 'Challenge.Ripemd160.Submission.Proofs.Bytecode.PairedHelperBooleanTrace.inline30Template_terminal_advances' depends on axioms: [propext,
 Quot.sound]
info: Challenge/Ripemd160/Submission/Proofs/Bytecode/PairedHelperBooleanTrace.lean:8735:0: 'Challenge.Ripemd160.Submission.Proofs.Bytecode.PairedHelperBooleanTrace.inline31Template_terminal_advances' depends on axioms: [propext,
 Quot.sound]
info: Challenge/Ripemd160/Submission/Proofs/Bytecode/PairedHelperBooleanTrace.lean:8736:0: 'Challenge.Ripemd160.Submission.Proofs.Bytecode.PairedHelperBooleanTrace.group32Template_terminal_advances' depends on axioms: [propext,
 Quot.sound]
info: Challenge/Ripemd160/Submission/Proofs/Bytecode/PairedHelperBooleanTrace.lean:8737:0: 'Challenge.Ripemd160.Submission.Proofs.Bytecode.PairedHelperBooleanTrace.inline32Template_terminal_advances' depends on axioms: [propext,
 Quot.sound]
info: Challenge/Ripemd160/Submission/Proofs/Bytecode/PairedHelperBooleanTrace.lean:8738:0: 'Challenge.Ripemd160.Submission.Proofs.Bytecode.PairedHelperBooleanTrace.inline33Template_terminal_advances' depends on axioms: [propext,
 Quot.sound]
info: Challenge/Ripemd160/Submission/Proofs/Bytecode/PairedHelperBooleanTrace.lean:8739:0: 'Challenge.Ripemd160.Submission.Proofs.Bytecode.PairedHelperBooleanTrace.inline34Template_terminal_advances' depends on axioms: [propext,
 Quot.sound]
info: Challenge/Ripemd160/Submission/Proofs/Bytecode/PairedHelperBooleanTrace.lean:8740:0: 'Challenge.Ripemd160.Submission.Proofs.Bytecode.PairedHelperBooleanTrace.inline35Template_terminal_advances' depends on axioms: [propext,
 Quot.sound]
info: Challenge/Ripemd160/Submission/Proofs/Bytecode/PairedHelperBooleanTrace.lean:8741:0: 'Challenge.Ripemd160.Submission.Proofs.Bytecode.PairedHelperBooleanTrace.inline36Template_terminal_advances' depends on axioms: [propext,
 Quot.sound]
info: Challenge/Ripemd160/Submission/Proofs/Bytecode/PairedHelperBooleanTrace.lean:8742:0: 'Challenge.Ripemd160.Submission.Proofs.Bytecode.PairedHelperBooleanTrace.inline37Template_terminal_advances' depends on axioms: [propext,
 Quot.sound]
info: Challenge/Ripemd160/Submission/Proofs/Bytecode/PairedHelperBooleanTrace.lean:8743:0: 'Challenge.Ripemd160.Submission.Proofs.Bytecode.PairedHelperBooleanTrace.inline38Template_terminal_advances' depends on axioms: [propext,
 Quot.sound]
info: Challenge/Ripemd160/Submission/Proofs/Bytecode/PairedHelperBooleanTrace.lean:8744:0: 'Challenge.Ripemd160.Submission.Proofs.Bytecode.PairedHelperBooleanTrace.inline39Template_terminal_advances' depends on axioms: [propext,
 Quot.sound]
info: Challenge/Ripemd160/Submission/Proofs/Bytecode/PairedHelperBooleanTrace.lean:8745:0: 'Challenge.Ripemd160.Submission.Proofs.Bytecode.PairedHelperBooleanTrace.inline40Template_terminal_advances' depends on axioms: [propext,
 Quot.sound]
info: Challenge/Ripemd160/Submission/Proofs/Bytecode/PairedHelperBooleanTrace.lean:8746:0: 'Challenge.Ripemd160.Submission.Proofs.Bytecode.PairedHelperBooleanTrace.inline41Template_terminal_advances' depends on axioms: [propext,
 Quot.sound]
info: Challenge/Ripemd160/Submission/Proofs/Bytecode/PairedHelperBooleanTrace.lean:8747:0: 'Challenge.Ripemd160.Submission.Proofs.Bytecode.PairedHelperBooleanTrace.inline42Template_terminal_advances' depends on axioms: [propext,
 Quot.sound]
info: Challenge/Ripemd160/Submission/Proofs/Bytecode/PairedHelperBooleanTrace.lean:8748:0: 'Challenge.Ripemd160.Submission.Proofs.Bytecode.PairedHelperBooleanTrace.inline43Template_terminal_advances' depends on axioms: [propext,
 Quot.sound]
info: Challenge/Ripemd160/Submission/Proofs/Bytecode/PairedHelperBooleanTrace.lean:8749:0: 'Challenge.Ripemd160.Submission.Proofs.Bytecode.PairedHelperBooleanTrace.inline44Template_terminal_advances' depends on axioms: [propext,
 Quot.sound]
info: Challenge/Ripemd160/Submission/Proofs/Bytecode/PairedHelperBooleanTrace.lean:8750:0: 'Challenge.Ripemd160.Submission.Proofs.Bytecode.PairedHelperBooleanTrace.inline45Template_terminal_advances' depends on axioms: [propext,
 Quot.sound]
info: Challenge/Ripemd160/Submission/Proofs/Bytecode/PairedHelperBooleanTrace.lean:8751:0: 'Challenge.Ripemd160.Submission.Proofs.Bytecode.PairedHelperBooleanTrace.inline46Template_terminal_advances' depends on axioms: [propext,
 Quot.sound]
info: Challenge/Ripemd160/Submission/Proofs/Bytecode/PairedHelperBooleanTrace.lean:8752:0: 'Challenge.Ripemd160.Submission.Proofs.Bytecode.PairedHelperBooleanTrace.inline47Template_terminal_advances' depends on axioms: [propext,
 Quot.sound]
info: Challenge/Ripemd160/Submission/Proofs/Bytecode/PairedHelperBooleanTrace.lean:8753:0: 'Challenge.Ripemd160.Submission.Proofs.Bytecode.PairedHelperBooleanTrace.group48Template_terminal_advances' depends on axioms: [propext,
 Quot.sound]
info: Challenge/Ripemd160/Submission/Proofs/Bytecode/PairedHelperBooleanTrace.lean:8754:0: 'Challenge.Ripemd160.Submission.Proofs.Bytecode.PairedHelperBooleanTrace.inline48Template_terminal_advances' depends on axioms: [propext,
 Quot.sound]
info: Challenge/Ripemd160/Submission/Proofs/Bytecode/PairedHelperBooleanTrace.lean:8755:0: 'Challenge.Ripemd160.Submission.Proofs.Bytecode.PairedHelperBooleanTrace.inline49Template_terminal_advances' depends on axioms: [propext,
 Quot.sound]
info: Challenge/Ripemd160/Submission/Proofs/Bytecode/PairedHelperBooleanTrace.lean:8756:0: 'Challenge.Ripemd160.Submission.Proofs.Bytecode.PairedHelperBooleanTrace.inline50Template_terminal_advances' depends on axioms: [propext,
 Quot.sound]
info: Challenge/Ripemd160/Submission/Proofs/Bytecode/PairedHelperBooleanTrace.lean:8757:0: 'Challenge.Ripemd160.Submission.Proofs.Bytecode.PairedHelperBooleanTrace.inline51Template_terminal_advances' depends on axioms: [propext,
 Quot.sound]
info: Challenge/Ripemd160/Submission/Proofs/Bytecode/PairedHelperBooleanTrace.lean:8758:0: 'Challenge.Ripemd160.Submission.Proofs.Bytecode.PairedHelperBooleanTrace.inline52Template_terminal_advances' depends on axioms: [propext,
 Quot.sound]
info: Challenge/Ripemd160/Submission/Proofs/Bytecode/PairedHelperBooleanTrace.lean:8759:0: 'Challenge.Ripemd160.Submission.Proofs.Bytecode.PairedHelperBooleanTrace.inline53Template_terminal_advances' depends on axioms: [propext,
 Quot.sound]
info: Challenge/Ripemd160/Submission/Proofs/Bytecode/PairedHelperBooleanTrace.lean:8760:0: 'Challenge.Ripemd160.Submission.Proofs.Bytecode.PairedHelperBooleanTrace.inline54Template_terminal_advances' depends on axioms: [propext,
 Quot.sound]
info: Challenge/Ripemd160/Submission/Proofs/Bytecode/PairedHelperBooleanTrace.lean:8761:0: 'Challenge.Ripemd160.Submission.Proofs.Bytecode.PairedHelperBooleanTrace.inline55Template_terminal_advances' depends on axioms: [propext,
 Quot.sound]
info: Challenge/Ripemd160/Submission/Proofs/Bytecode/PairedHelperBooleanTrace.lean:8762:0: 'Challenge.Ripemd160.Submission.Proofs.Bytecode.PairedHelperBooleanTrace.inline56Template_terminal_advances' depends on axioms: [propext,
 Quot.sound]
info: Challenge/Ripemd160/Submission/Proofs/Bytecode/PairedHelperBooleanTrace.lean:8763:0: 'Challenge.Ripemd160.Submission.Proofs.Bytecode.PairedHelperBooleanTrace.inline57Template_terminal_advances' depends on axioms: [propext,
 Quot.sound]
info: Challenge/Ripemd160/Submission/Proofs/Bytecode/PairedHelperBooleanTrace.lean:8764:0: 'Challenge.Ripemd160.Submission.Proofs.Bytecode.PairedHelperBooleanTrace.inline58Template_terminal_advances' depends on axioms: [propext,
 Quot.sound]
info: Challenge/Ripemd160/Submission/Proofs/Bytecode/PairedHelperBooleanTrace.lean:8765:0: 'Challenge.Ripemd160.Submission.Proofs.Bytecode.PairedHelperBooleanTrace.inline59Template_terminal_advances' depends on axioms: [propext,
 Quot.sound]
info: Challenge/Ripemd160/Submission/Proofs/Bytecode/PairedHelperBooleanTrace.lean:8766:0: 'Challenge.Ripemd160.Submission.Proofs.Bytecode.PairedHelperBooleanTrace.inline60Template_terminal_advances' depends on axioms: [propext,
 Quot.sound]
info: Challenge/Ripemd160/Submission/Proofs/Bytecode/PairedHelperBooleanTrace.lean:8767:0: 'Challenge.Ripemd160.Submission.Proofs.Bytecode.PairedHelperBooleanTrace.inline61Template_terminal_advances' depends on axioms: [propext,
 Quot.sound]
info: Challenge/Ripemd160/Submission/Proofs/Bytecode/PairedHelperBooleanTrace.lean:8768:0: 'Challenge.Ripemd160.Submission.Proofs.Bytecode.PairedHelperBooleanTrace.inline62Template_terminal_advances' depends on axioms: [propext,
 Quot.sound]
info: Challenge/Ripemd160/Submission/Proofs/Bytecode/PairedHelperBooleanTrace.lean:8769:0: 'Challenge.Ripemd160.Submission.Proofs.Bytecode.PairedHelperBooleanTrace.inline63Template_terminal_advances' depends on axioms: [propext,
 Quot.sound]
info: Challenge/Ripemd160/Submission/Proofs/Bytecode/PairedHelperBooleanTrace.lean:8770:0: 'Challenge.Ripemd160.Submission.Proofs.Bytecode.PairedHelperBooleanTrace.group64Template_terminal_advances' depends on axioms: [propext,
 Quot.sound]
info: Challenge/Ripemd160/Submission/Proofs/Bytecode/PairedHelperBooleanTrace.lean:8771:0: 'Challenge.Ripemd160.Submission.Proofs.Bytecode.PairedHelperBooleanTrace.inline64Template_terminal_advances' depends on axioms: [propext,
 Quot.sound]
info: Challenge/Ripemd160/Submission/Proofs/Bytecode/PairedHelperBooleanTrace.lean:8772:0: 'Challenge.Ripemd160.Submission.Proofs.Bytecode.PairedHelperBooleanTrace.inline65Template_terminal_advances' depends on axioms: [propext,
 Quot.sound]
info: Challenge/Ripemd160/Submission/Proofs/Bytecode/PairedHelperBooleanTrace.lean:8773:0: 'Challenge.Ripemd160.Submission.Proofs.Bytecode.PairedHelperBooleanTrace.inline66Template_terminal_advances' depends on axioms: [propext,
 Quot.sound]
info: Challenge/Ripemd160/Submission/Proofs/Bytecode/PairedHelperBooleanTrace.lean:8774:0: 'Challenge.Ripemd160.Submission.Proofs.Bytecode.PairedHelperBooleanTrace.inline67Template_terminal_advances' depends on axioms: [propext,
 Quot.sound]
info: Challenge/Ripemd160/Submission/Proofs/Bytecode/PairedHelperBooleanTrace.lean:8775:0: 'Challenge.Ripemd160.Submission.Proofs.Bytecode.PairedHelperBooleanTrace.inline68Template_terminal_advances' depends on axioms: [propext,
 Quot.sound]
info: Challenge/Ripemd160/Submission/Proofs/Bytecode/PairedHelperBooleanTrace.lean:8776:0: 'Challenge.Ripemd160.Submission.Proofs.Bytecode.PairedHelperBooleanTrace.inline69Template_terminal_advances' depends on axioms: [propext,
 Quot.sound]
info: Challenge/Ripemd160/Submission/Proofs/Bytecode/PairedHelperBooleanTrace.lean:8777:0: 'Challenge.Ripemd160.Submission.Proofs.Bytecode.PairedHelperBooleanTrace.inline70Template_terminal_advances' depends on axioms: [propext,
 Quot.sound]
info: Challenge/Ripemd160/Submission/Proofs/Bytecode/PairedHelperBooleanTrace.lean:8778:0: 'Challenge.Ripemd160.Submission.Proofs.Bytecode.PairedHelperBooleanTrace.inline71Template_terminal_advances' depends on axioms: [propext,
 Quot.sound]
info: Challenge/Ripemd160/Submission/Proofs/Bytecode/PairedHelperBooleanTrace.lean:8779:0: 'Challenge.Ripemd160.Submission.Proofs.Bytecode.PairedHelperBooleanTrace.inline72Template_terminal_advances' depends on axioms: [propext,
 Quot.sound]
info: Challenge/Ripemd160/Submission/Proofs/Bytecode/PairedHelperBooleanTrace.lean:8780:0: 'Challenge.Ripemd160.Submission.Proofs.Bytecode.PairedHelperBooleanTrace.inline73Template_terminal_advances' depends on axioms: [propext,
 Quot.sound]
info: Challenge/Ripemd160/Submission/Proofs/Bytecode/PairedHelperBooleanTrace.lean:8781:0: 'Challenge.Ripemd160.Submission.Proofs.Bytecode.PairedHelperBooleanTrace.inline74Template_terminal_advances' depends on axioms: [propext,
 Quot.sound]
info: Challenge/Ripemd160/Submission/Proofs/Bytecode/PairedHelperBooleanTrace.lean:8782:0: 'Challenge.Ripemd160.Submission.Proofs.Bytecode.PairedHelperBooleanTrace.inline75Template_terminal_advances' depends on axioms: [propext,
 Quot.sound]
info: Challenge/Ripemd160/Submission/Proofs/Bytecode/PairedHelperBooleanTrace.lean:8783:0: 'Challenge.Ripemd160.Submission.Proofs.Bytecode.PairedHelperBooleanTrace.inline76Template_terminal_advances' depends on axioms: [propext,
 Quot.sound]
info: Challenge/Ripemd160/Submission/Proofs/Bytecode/PairedHelperBooleanTrace.lean:8784:0: 'Challenge.Ripemd160.Submission.Proofs.Bytecode.PairedHelperBooleanTrace.inline77Template_terminal_advances' depends on axioms: [propext,
 Quot.sound]
info: Challenge/Ripemd160/Submission/Proofs/Bytecode/PairedHelperBooleanTrace.lean:8785:0: 'Challenge.Ripemd160.Submission.Proofs.Bytecode.PairedHelperBooleanTrace.inline78Template_terminal_advances' depends on axioms: [propext,
 Quot.sound]
info: Challenge/Ripemd160/Submission/Proofs/Bytecode/PairedHelperBooleanTrace.lean:8786:0: 'Challenge.Ripemd160.Submission.Proofs.Bytecode.PairedHelperBooleanTrace.inline79Template_terminal_advances' depends on axioms: [propext,
 Quot.sound]
info: Challenge/Ripemd160/Submission/Proofs/Bytecode/PairedHelperBooleanTrace.lean:8787:0: 'Challenge.Ripemd160.Submission.Proofs.Bytecode.PairedHelperBooleanTrace.coreExitTemplate_terminal_advances' depends on axioms: [propext,
 Quot.sound]
⚠ [1065/1641] Replayed Challenge.Ripemd160.Submission.Proofs.Bytecode.PadLift
warning: Challenge/Ripemd160/Submission/Proofs/Bytecode/PadLift.lean:95:8: 'exact Or.inl (coreAdvancesCheck_sound _ h)' tactic does nothing

Note: This linter can be disabled with `set_option linter.unusedTactic false`
warning: Challenge/Ripemd160/Submission/Proofs/Bytecode/PadLift.lean:95:8: this tactic is never executed

Note: This linter can be disabled with `set_option linter.unreachableTactic false`
info: Challenge/Ripemd160/Submission/Proofs/Bytecode/PadLift.lean:125:0: 'Challenge.Ripemd160.Submission.Proofs.Bytecode.PadLift.gasSteps_of_raw' depends on axioms: [propext,
 Classical.choice,
 Quot.sound]
ℹ [1066/1641] Replayed Challenge.Ripemd160.Submission.Proofs.Bytecode.PadJump
info: Challenge/Ripemd160/Submission/Proofs/Bytecode/PadJump.lean:30:0: 'Challenge.Ripemd160.Submission.Proofs.Bytecode.PadJump.run_template' depends on axioms: [propext, Quot.sound]
info: Challenge/Ripemd160/Submission/Proofs/Bytecode/PadJump.lean:31:0: 'Challenge.Ripemd160.Submission.Proofs.Bytecode.PadJump.run_merge' depends on axioms: [propext, Quot.sound]
ℹ [1075/1641] Replayed Challenge.Ripemd160.Submission.Proofs.Bytecode.StaggerPersistentTailRaw
info: Challenge/Ripemd160/Submission/Proofs/Bytecode/StaggerPersistentTailRaw.lean:68:0: 'Challenge.Ripemd160.Submission.Proofs.Bytecode.StaggerPersistentTailRaw.run_chunk0' depends on axioms: [propext,
 Quot.sound]
info: Challenge/Ripemd160/Submission/Proofs/Bytecode/StaggerPersistentTailRaw.lean:95:0: 'Challenge.Ripemd160.Submission.Proofs.Bytecode.StaggerPersistentTailRaw.run_chunk1' depends on axioms: [propext,
 Quot.sound]
info: Challenge/Ripemd160/Submission/Proofs/Bytecode/StaggerPersistentTailRaw.lean:122:0: 'Challenge.Ripemd160.Submission.Proofs.Bytecode.StaggerPersistentTailRaw.run_chunk2' depends on axioms: [propext,
 Quot.sound]
info: Challenge/Ripemd160/Submission/Proofs/Bytecode/StaggerPersistentTailRaw.lean:149:0: 'Challenge.Ripemd160.Submission.Proofs.Bytecode.StaggerPersistentTailRaw.run_chunk3' depends on axioms: [propext,
 Quot.sound]
info: Challenge/Ripemd160/Submission/Proofs/Bytecode/StaggerPersistentTailRaw.lean:176:0: 'Challenge.Ripemd160.Submission.Proofs.Bytecode.StaggerPersistentTailRaw.run_chunk4' depends on axioms: [propext,
 Quot.sound]
info: Challenge/Ripemd160/Submission/Proofs/Bytecode/StaggerPersistentTailRaw.lean:193:0: 'Challenge.Ripemd160.Submission.Proofs.Bytecode.StaggerPersistentTailRaw.run_template' depends on axioms: [propext,
 Quot.sound]
ℹ [1078/1641] Replayed Challenge.Ripemd160.Submission.Proofs.Bytecode.StaggerPersistentBootstrapRaw
info: Challenge/Ripemd160/Submission/Proofs/Bytecode/StaggerPersistentBootstrapRaw.lean:54:0: 'Challenge.Ripemd160.Submission.Proofs.Bytecode.StaggerPersistentBootstrapRaw.run_actual' depends on axioms: [propext,
 Quot.sound]
info: Challenge/Ripemd160/Submission/Proofs/Bytecode/StaggerPersistentBootstrapRaw.lean:61:0: 'Challenge.Ripemd160.Submission.Proofs.Bytecode.StaggerPersistentBootstrapRaw.factorWord_eq' depends on axioms: [propext]
ℹ [1079/1641] Replayed Challenge.Ripemd160.Submission.Proofs.Bytecode.StaggerPersistentStart
info: Challenge/Ripemd160/Submission/Proofs/Bytecode/StaggerPersistentStart.lean:160:0: 'Challenge.Ripemd160.Submission.Proofs.Bytecode.StaggerPersistentStart.gasSteps_push' depends on axioms: [propext,
 Classical.choice,
 Quot.sound]
info: Challenge/Ripemd160/Submission/Proofs/Bytecode/StaggerPersistentStart.lean:161:0: 'Challenge.Ripemd160.Submission.Proofs.Bytecode.StaggerPersistentStart.gasSteps_round' depends on axioms: [propext,
 Classical.choice,
 Quot.sound]
ℹ [1084/1641] Replayed Challenge.Ripemd160.Submission.Proofs.Bytecode.PairedScheduleLift
info: Challenge/Ripemd160/Submission/Proofs/Bytecode/PairedScheduleLift.lean:86:0: 'Challenge.Ripemd160.Submission.Proofs.Bytecode.PairedScheduleOverlap.readWord_halves' depends on axioms: [propext,
 Classical.choice,
 Quot.sound]
info: Challenge/Ripemd160/Submission/Proofs/Bytecode/PairedScheduleLift.lean:87:0: 'Challenge.Ripemd160.Submission.Proofs.Bytecode.PairedScheduleOverlap.halves_of_small' depends on axioms: [propext,
 Classical.choice,
 Quot.sound]
info: Challenge/Ripemd160/Submission/Proofs/Bytecode/PairedScheduleLift.lean:88:0: 'Challenge.Ripemd160.Submission.Proofs.Bytecode.PairedScheduleOverlap.readWord_offset16' depends on axioms: [propext,
 Classical.choice,
 Quot.sound]
info: Challenge/Ripemd160/Submission/Proofs/Bytecode/PairedScheduleLift.lean:89:0: 'Challenge.Ripemd160.Submission.Proofs.Bytecode.PairedScheduleOverlap.read_schedule_upper' depends on axioms: [propext,
 Classical.choice,
 Quot.sound]
info: Challenge/Ripemd160/Submission/Proofs/Bytecode/PairedScheduleLift.lean:141:0: 'Challenge.Ripemd160.Submission.Proofs.Bytecode.PairedScheduleOverlap.readWord_offset16_wide' depends on axioms: [propext,
 Classical.choice,
 Quot.sound]
info: Challenge/Ripemd160/Submission/Proofs/Bytecode/PairedScheduleLift.lean:142:0: 'Challenge.Ripemd160.Submission.Proofs.Bytecode.PairedScheduleOverlap.readWord_offset16_wide' depends on axioms: [propext,
 Classical.choice,
 Quot.sound]
info: Challenge/Ripemd160/Submission/Proofs/Bytecode/PairedScheduleLift.lean:143:0: 'Challenge.Ripemd160.Submission.Proofs.Bytecode.PairedScheduleOverlap.read_schedule_upper_wide' depends on axioms: [propext,
 Classical.choice,
 Quot.sound]
info: Challenge/Ripemd160/Submission/Proofs/Bytecode/PairedScheduleLift.lean:324:0: 'Challenge.Ripemd160.Submission.Proofs.Bytecode.PairedScheduleMemory.read_writeWord' depends on axioms: [propext,
 Classical.choice,
 Quot.sound]
info: Challenge/Ripemd160/Submission/Proofs/Bytecode/PairedScheduleLift.lean:325:0: 'Challenge.Ripemd160.Submission.Proofs.Bytecode.PairedScheduleMemory.read_writeWord_disjoint' depends on axioms: [propext,
 Classical.choice,
 Quot.sound]
info: Challenge/Ripemd160/Submission/Proofs/Bytecode/PairedScheduleLift.lean:326:0: 'Challenge.Ripemd160.Submission.Proofs.Bytecode.PairedScheduleMemory.read_storeCells' depends on axioms: [propext,
 Classical.choice,
 Quot.sound]
info: Challenge/Ripemd160/Submission/Proofs/Bytecode/PairedScheduleLift.lean:327:0: 'Challenge.Ripemd160.Submission.Proofs.Bytecode.PairedScheduleMemory.read_storeCells_outside' depends on axioms: [propext,
 Classical.choice,
 Quot.sound]
info: Challenge/Ripemd160/Submission/Proofs/Bytecode/PairedScheduleLift.lean:328:0: 'Challenge.Ripemd160.Submission.Proofs.Bytecode.PairedScheduleMemory.getD_storeCells_outside' depends on axioms: [propext,
 Classical.choice,
 Quot.sound]
info: Challenge/Ripemd160/Submission/Proofs/Bytecode/PairedScheduleLift.lean:329:0: 'Challenge.Ripemd160.Submission.Proofs.Bytecode.PairedScheduleMemory.read_normalized_cell' depends on axioms: [propext,
 Classical.choice,
 Quot.sound]
info: Challenge/Ripemd160/Submission/Proofs/Bytecode/PairedScheduleLift.lean:330:0: 'Challenge.Ripemd160.Submission.Proofs.Bytecode.PairedScheduleMemory.read_normalized_upper' depends on axioms: [propext,
 Classical.choice,
 Quot.sound]
info: Challenge/Ripemd160/Submission/Proofs/Bytecode/PairedScheduleLift.lean:331:0: 'Challenge.Ripemd160.Submission.Proofs.Bytecode.PairedScheduleMemory.read_normalized_outside' depends on axioms: [propext,
 Classical.choice,
 Quot.sound]
info: Challenge/Ripemd160/Submission/Proofs/Bytecode/PairedScheduleLift.lean:332:0: 'Challenge.Ripemd160.Submission.Proofs.Bytecode.PairedScheduleMemory.getD_normalized_outside' depends on axioms: [propext,
 Classical.choice,
 Quot.sound]
info: Challenge/Ripemd160/Submission/Proofs/Bytecode/PairedScheduleLift.lean:333:0: 'Challenge.Ripemd160.Submission.Proofs.Bytecode.PairedScheduleMemory.readPadded_normalized_outside' depends on axioms: [propext,
 Classical.choice,
 Quot.sound]
info: Challenge/Ripemd160/Submission/Proofs/Bytecode/PairedScheduleLift.lean:334:0: 'Challenge.Ripemd160.Submission.Proofs.Bytecode.PairedScheduleMemory.read_normalized_hash' depends on axioms: [propext,
 Classical.choice,
 Quot.sound]
info: Challenge/Ripemd160/Submission/Proofs/Bytecode/PairedScheduleLift.lean:433:0: 'Challenge.Ripemd160.Submission.Proofs.Bytecode.PairedScheduleMemory.writeWord_size' depends on axioms: [propext,
 Classical.choice,
 Quot.sound]
info: Challenge/Ripemd160/Submission/Proofs/Bytecode/PairedScheduleLift.lean:434:0: 'Challenge.Ripemd160.Submission.Proofs.Bytecode.PairedScheduleMemory.storeCells_size' depends on axioms: [propext,
 Classical.choice,
 Quot.sound]
info: Challenge/Ripemd160/Submission/Proofs/Bytecode/PairedScheduleLift.lean:435:0: 'Challenge.Ripemd160.Submission.Proofs.Bytecode.PairedScheduleMemory.normalizedMemory_size' depends on axioms: [propext,
 Classical.choice,
 Quot.sound]
info: Challenge/Ripemd160/Submission/Proofs/Bytecode/PairedScheduleLift.lean:436:0: 'Challenge.Ripemd160.Submission.Proofs.Bytecode.PairedScheduleMemory.normalizedMemory_size_of_ge' depends on axioms: [propext,
 Classical.choice,
 Quot.sound]
info: Challenge/Ripemd160/Submission/Proofs/Bytecode/PairedScheduleLift.lean:437:0: 'Challenge.Ripemd160.Submission.Proofs.Bytecode.PairedScheduleMemory.active_cell' depends on axioms: [propext,
 Quot.sound]
info: Challenge/Ripemd160/Submission/Proofs/Bytecode/PairedScheduleLift.lean:438:0: 'Challenge.Ripemd160.Submission.Proofs.Bytecode.PairedScheduleMemory.active_cell_preserved' depends on axioms: [propext,
 Quot.sound]
info: Challenge/Ripemd160/Submission/Proofs/Bytecode/PairedScheduleLift.lean:439:0: 'Challenge.Ripemd160.Submission.Proofs.Bytecode.PairedScheduleMemory.active_wrapped_cell_preserved' depends on axioms: [propext,
 Quot.sound]
info: Challenge/Ripemd160/Submission/Proofs/Bytecode/PairedScheduleLift.lean:440:0: 'Challenge.Ripemd160.Submission.Proofs.Bytecode.PairedScheduleMemory.active_load_ge23' depends on axioms: [propext,
 Quot.sound]
info: Challenge/Ripemd160/Submission/Proofs/Bytecode/PairedScheduleLift.lean:463:0: 'Challenge.Ripemd160.Submission.Proofs.Bytecode.PairedScheduleMemory.read_normalized_upper_wide' depends on axioms: [propext,
 Classical.choice,
 Quot.sound]
info: Challenge/Ripemd160/Submission/Proofs/Bytecode/PairedScheduleLift.lean:683:0: 'Challenge.Ripemd160.Submission.Proofs.Bytecode.PairedScheduleData.reversedWord_eq_packed' depends on axioms: [propext,
 Classical.choice,
 Quot.sound]
info: Challenge/Ripemd160/Submission/Proofs/Bytecode/PairedScheduleLift.lean:684:0: 'Challenge.Ripemd160.Submission.Proofs.Bytecode.PairedScheduleData.shr_zero' depends on axioms: [propext,
 Classical.choice,
 Quot.sound]
info: Challenge/Ripemd160/Submission/Proofs/Bytecode/PairedScheduleLift.lean:685:0: 'Challenge.Ripemd160.Submission.Proofs.Bytecode.PairedScheduleData.chunk_eq_le4' depends on axioms: [propext,
 Classical.choice,
 Quot.sound]
info: Challenge/Ripemd160/Submission/Proofs/Bytecode/PairedScheduleLift.lean:686:0: 'Challenge.Ripemd160.Submission.Proofs.Bytecode.PairedScheduleData.extractedWord_eq_littleWord' depends on axioms: [propext,
 Classical.choice,
 Quot.sound]
info: Challenge/Ripemd160/Submission/Proofs/Bytecode/PairedScheduleLift.lean:687:0: 'Challenge.Ripemd160.Submission.Proofs.Bytecode.PairedScheduleData.littleWord_bound' depends on axioms: [propext,
 Classical.choice,
 Quot.sound]
info: Challenge/Ripemd160/Submission/Proofs/Bytecode/PairedScheduleLift.lean:688:0: 'Challenge.Ripemd160.Submission.Proofs.Bytecode.PairedScheduleData.extractedWord_bound' depends on axioms: [propext,
 Classical.choice,
 Quot.sound]
info: Challenge/Ripemd160/Submission/Proofs/Bytecode/PairedScheduleLift.lean:689:0: 'Challenge.Ripemd160.Submission.Proofs.Bytecode.PairedScheduleData.loadOffsetWord_toNat' depends on axioms: [propext,
 Classical.choice,
 Quot.sound]
info: Challenge/Ripemd160/Submission/Proofs/Bytecode/PairedScheduleLift.lean:690:0: 'Challenge.Ripemd160.Submission.Proofs.Bytecode.PairedScheduleData.extractedWord_eq_expectedWord' depends on axioms: [propext,
 Classical.choice,
 Quot.sound]
info: Challenge/Ripemd160/Submission/Proofs/Bytecode/PairedScheduleLift.lean:691:0: 'Challenge.Ripemd160.Submission.Proofs.Bytecode.PairedScheduleData.read_normalized_extracted' depends on axioms: [propext,
 Classical.choice,
 Quot.sound]
info: Challenge/Ripemd160/Submission/Proofs/Bytecode/PairedScheduleLift.lean:692:0: 'Challenge.Ripemd160.Submission.Proofs.Bytecode.PairedScheduleData.read_normalized_extracted_upper' depends on axioms: [propext,
 Classical.choice,
 Quot.sound]
info: Challenge/Ripemd160/Submission/Proofs/Bytecode/PairedScheduleLift.lean:771:0: 'Challenge.Ripemd160.Submission.Proofs.Bytecode.PairedSchedulePrimitives.run_storeTemplate' depends on axioms: [propext,
 Quot.sound]
info: Challenge/Ripemd160/Submission/Proofs/Bytecode/PairedScheduleLift.lean:772:0: 'Challenge.Ripemd160.Submission.Proofs.Bytecode.PairedSchedulePrimitives.run_maskTemplate' depends on axioms: [propext,
 Quot.sound]
info: Challenge/Ripemd160/Submission/Proofs/Bytecode/PairedScheduleLift.lean:773:0: 'Challenge.Ripemd160.Submission.Proofs.Bytecode.PairedSchedulePrimitives.run_duplicateShiftTemplate' depends on axioms: [propext,
 Classical.choice,
 Quot.sound]
info: Challenge/Ripemd160/Submission/Proofs/Bytecode/PairedScheduleLift.lean:849:0: 'Challenge.Ripemd160.Submission.Proofs.Bytecode.PairedScheduleStores.run_firstTemplate' depends on axioms: [propext,
 Classical.choice,
 Quot.sound]
info: Challenge/Ripemd160/Submission/Proofs/Bytecode/PairedScheduleLift.lean:850:0: 'Challenge.Ripemd160.Submission.Proofs.Bytecode.PairedScheduleStores.run_middleTemplate' depends on axioms: [propext,
 Classical.choice,
 Quot.sound]
info: Challenge/Ripemd160/Submission/Proofs/Bytecode/PairedScheduleLift.lean:851:0: 'Challenge.Ripemd160.Submission.Proofs.Bytecode.PairedScheduleStores.run_lastTemplate' depends on axioms: [propext,
 Quot.sound]
info: Challenge/Ripemd160/Submission/Proofs/Bytecode/PairedScheduleLift.lean:961:0: 'Challenge.Ripemd160.Submission.Proofs.Bytecode.PairedScheduleHalves.schedule_cell_lt' depends on axioms: [propext,
 Quot.sound]
info: Challenge/Ripemd160/Submission/Proofs/Bytecode/PairedScheduleLift.lean:962:0: 'Challenge.Ripemd160.Submission.Proofs.Bytecode.PairedScheduleHalves.run_keepTemplate' depends on axioms: [propext,
 Classical.choice,
 Quot.sound]
info: Challenge/Ripemd160/Submission/Proofs/Bytecode/PairedScheduleLift.lean:963:0: 'Challenge.Ripemd160.Submission.Proofs.Bytecode.PairedScheduleHalves.run_prefixTemplate' depends on axioms: [propext,
 Classical.choice,
 Quot.sound]
info: Challenge/Ripemd160/Submission/Proofs/Bytecode/PairedScheduleLift.lean:964:0: 'Challenge.Ripemd160.Submission.Proofs.Bytecode.PairedScheduleHalves.run_halfTemplate' depends on axioms: [propext,
 Classical.choice,
 Quot.sound]
info: Challenge/Ripemd160/Submission/Proofs/Bytecode/PairedScheduleLift.lean:1119:0: 'Challenge.Ripemd160.Submission.Proofs.Bytecode.PairedScheduleCombined.run_reversedHalfTemplate' depends on axioms: [propext,
 Classical.choice,
 Quot.sound]
info: Challenge/Ripemd160/Submission/Proofs/Bytecode/PairedScheduleLift.lean:1120:0: 'Challenge.Ripemd160.Submission.Proofs.Bytecode.PairedScheduleCombined.storeCells_congr' depends on axioms: [propext,
 Quot.sound]
info: Challenge/Ripemd160/Submission/Proofs/Bytecode/PairedScheduleLift.lean:1121:0: 'Challenge.Ripemd160.Submission.Proofs.Bytecode.PairedScheduleCombined.store_upper_schedule' depends on axioms: [propext,
 Quot.sound]
info: Challenge/Ripemd160/Submission/Proofs/Bytecode/PairedScheduleLift.lean:1122:0: 'Challenge.Ripemd160.Submission.Proofs.Bytecode.PairedScheduleCombined.store_lower_schedule' depends on axioms: [propext,
 Quot.sound]
info: Challenge/Ripemd160/Submission/Proofs/Bytecode/PairedScheduleLift.lean:1123:0: 'Challenge.Ripemd160.Submission.Proofs.Bytecode.PairedScheduleCombined.run_sentinelTemplate' depends on axioms: [propext,
 Quot.sound]
info: Challenge/Ripemd160/Submission/Proofs/Bytecode/PairedScheduleLift.lean:1124:0: 'Challenge.Ripemd160.Submission.Proofs.Bytecode.PairedScheduleCombined.run_fullTemplate' depends on axioms: [propext,
 Classical.choice,
 Quot.sound]
info: Challenge/Ripemd160/Submission/Proofs/Bytecode/PairedScheduleLift.lean:1264:0: 'Challenge.Ripemd160.Submission.Proofs.Bytecode.PairedScheduleContract.pointer_add32_toNat' depends on axioms: [propext,
 Quot.sound]
info: Challenge/Ripemd160/Submission/Proofs/Bytecode/PairedScheduleLift.lean:1265:0: 'Challenge.Ripemd160.Submission.Proofs.Bytecode.PairedScheduleContract.loaded_active_ge23' depends on axioms: [propext,
 Quot.sound]
info: Challenge/Ripemd160/Submission/Proofs/Bytecode/PairedScheduleLift.lean:1266:0: 'Challenge.Ripemd160.Submission.Proofs.Bytecode.PairedScheduleContract.packedWord_eq_reversedWord' depends on axioms: [propext,
 Classical.choice,
 Quot.sound]
info: Challenge/Ripemd160/Submission/Proofs/Bytecode/PairedScheduleLift.lean:1267:0: 'Challenge.Ripemd160.Submission.Proofs.Bytecode.PairedScheduleContract.chunkValue_packed' depends on axioms: [propext,
 Classical.choice,
 Quot.sound]
info: Challenge/Ripemd160/Submission/Proofs/Bytecode/PairedScheduleLift.lean:1268:0: 'Challenge.Ripemd160.Submission.Proofs.Bytecode.PairedScheduleContract.scheduleWords_eq_extracted' depends on axioms: [propext,
 Classical.choice,
 Quot.sound]
info: Challenge/Ripemd160/Submission/Proofs/Bytecode/PairedScheduleLift.lean:1269:0: 'Challenge.Ripemd160.Submission.Proofs.Bytecode.PairedScheduleContract.normalizedMemory_congr' depends on axioms: [propext,
 Quot.sound]
info: Challenge/Ripemd160/Submission/Proofs/Bytecode/PairedScheduleLift.lean:1270:0: 'Challenge.Ripemd160.Submission.Proofs.Bytecode.PairedScheduleContract.run_fullTemplate_natural' depends on axioms: [propext,
 Classical.choice,
 Quot.sound]
info: Challenge/Ripemd160/Submission/Proofs/Bytecode/PairedScheduleLift.lean:1271:0: 'Challenge.Ripemd160.Submission.Proofs.Bytecode.PairedScheduleContract.fullTemplate_length' depends on axioms: [propext]
info: Challenge/Ripemd160/Submission/Proofs/Bytecode/PairedScheduleLift.lean:1272:0: 'Challenge.Ripemd160.Submission.Proofs.Bytecode.PairedScheduleContract.fullTemplate_byteLength' depends on axioms: [propext,
 Classical.choice,
 Quot.sound]
info: Challenge/Ripemd160/Submission/Proofs/Bytecode/PairedScheduleLift.lean:1273:0: 'Challenge.Ripemd160.Submission.Proofs.Bytecode.PairedScheduleContract.fullTemplate_staticGas' depends on axioms: [propext,
 Classical.choice,
 Quot.sound]
info: Challenge/Ripemd160/Submission/Proofs/Bytecode/PairedScheduleLift.lean:1452:0: 'Challenge.Ripemd160.Submission.Proofs.Bytecode.PairedScheduleExact.fullTemplate_eq_frozenInstructions' depends on axioms: [propext,
 Classical.choice,
 Quot.sound]
info: Challenge/Ripemd160/Submission/Proofs/Bytecode/PairedScheduleLift.lean:1526:0: 'Challenge.Ripemd160.Submission.Proofs.Bytecode.PairedScheduleLift.fullTemplate_advances' depends on axioms: [propext,
 Classical.choice,
 Quot.sound]
info: Challenge/Ripemd160/Submission/Proofs/Bytecode/PairedScheduleLift.lean:1527:0: 'Challenge.Ripemd160.Submission.Proofs.Bytecode.PairedScheduleLift.runLocatedBlock_fullTemplate' depends on axioms: [propext,
 Classical.choice,
 Quot.sound]
info: Challenge/Ripemd160/Submission/Proofs/Bytecode/PairedScheduleLift.lean:1528:0: 'Challenge.Ripemd160.Submission.Proofs.Bytecode.PairedScheduleLift.gasSteps_fullTemplate' depends on axioms: [propext,
 Classical.choice,
 Quot.sound]
ℹ [1085/1641] Replayed Challenge.Ripemd160.Submission.Proofs.Bytecode.StaggerTableMemory
info: Challenge/Ripemd160/Submission/Proofs/Bytecode/StaggerTableMemory.lean:78:0: 'Challenge.Ripemd160.Submission.Proofs.Bytecode.StaggerTableMemory.getD_pair' depends on axioms: [propext,
 Classical.choice,
 Quot.sound]
info: Challenge/Ripemd160/Submission/Proofs/Bytecode/StaggerTableMemory.lean:184:0: 'Challenge.Ripemd160.Submission.Proofs.Bytecode.StaggerTableMemory.read_pair_wide' depends on axioms: [propext,
 Classical.choice,
 Quot.sound]
info: Challenge/Ripemd160/Submission/Proofs/Bytecode/StaggerTableMemory.lean:185:0: 'Challenge.Ripemd160.Submission.Proofs.Bytecode.StaggerTableMemory.read_pair' depends on axioms: [propext,
 Classical.choice,
 Quot.sound]
info: Challenge/Ripemd160/Submission/Proofs/Bytecode/StaggerTableMemory.lean:252:0: 'Challenge.Ripemd160.Submission.Proofs.Bytecode.StaggerTableMemory.storeDescending_size' depends on axioms: [propext,
 Classical.choice,
 Quot.sound]
info: Challenge/Ripemd160/Submission/Proofs/Bytecode/StaggerTableMemory.lean:253:0: 'Challenge.Ripemd160.Submission.Proofs.Bytecode.StaggerTableMemory.read_table_outside' depends on axioms: [propext,
 Classical.choice,
 Quot.sound]
info: Challenge/Ripemd160/Submission/Proofs/Bytecode/StaggerTableMemory.lean:254:0: 'Challenge.Ripemd160.Submission.Proofs.Bytecode.StaggerTableMemory.erase_scratch' depends on axioms: [propext,
 Classical.choice,
 Quot.sound]
ℹ [1086/1641] Replayed Challenge.Ripemd160.Submission.Proofs.Bytecode.StaggerTableLayout
info: Challenge/Ripemd160/Submission/Proofs/Bytecode/StaggerTableLayout.lean:255:0: 'Challenge.Ripemd160.Submission.Proofs.Bytecode.StaggerTableLayout.read_round_wide' depends on axioms: [propext,
 Classical.choice,
 Quot.sound]
info: Challenge/Ripemd160/Submission/Proofs/Bytecode/StaggerTableLayout.lean:256:0: 'Challenge.Ripemd160.Submission.Proofs.Bytecode.StaggerTableLayout.read_slot_low_wide' depends on axioms: [propext,
 Classical.choice,
 Quot.sound]
info: Challenge/Ripemd160/Submission/Proofs/Bytecode/StaggerTableLayout.lean:257:0: 'Challenge.Ripemd160.Submission.Proofs.Bytecode.StaggerTableLayout.layout_valid' does not depend on any axioms
info: Challenge/Ripemd160/Submission/Proofs/Bytecode/StaggerTableLayout.lean:258:0: 'Challenge.Ripemd160.Submission.Proofs.Bytecode.StaggerTableLayout.read_round' depends on axioms: [propext,
 Classical.choice,
 Quot.sound]
info: Challenge/Ripemd160/Submission/Proofs/Bytecode/StaggerTableLayout.lean:259:0: 'Challenge.Ripemd160.Submission.Proofs.Bytecode.StaggerTableLayout.resultMemory_size' depends on axioms: [propext,
 Classical.choice,
 Quot.sound]
ℹ [1087/1641] Replayed Challenge.Ripemd160.Submission.Proofs.Bytecode.PairTableMemory
info: Challenge/Ripemd160/Submission/Proofs/Bytecode/PairTableMemory.lean:79:0: 'Challenge.Ripemd160.Submission.Proofs.Bytecode.PairTableMemory.getD_pair' depends on axioms: [propext,
 Classical.choice,
 Quot.sound]
info: Challenge/Ripemd160/Submission/Proofs/Bytecode/PairTableMemory.lean:152:0: 'Challenge.Ripemd160.Submission.Proofs.Bytecode.PairTableMemory.read_pair' depends on axioms: [propext,
 Classical.choice,
 Quot.sound]
info: Challenge/Ripemd160/Submission/Proofs/Bytecode/PairTableMemory.lean:219:0: 'Challenge.Ripemd160.Submission.Proofs.Bytecode.PairTableMemory.storeDescending_size' depends on axioms: [propext,
 Classical.choice,
 Quot.sound]
info: Challenge/Ripemd160/Submission/Proofs/Bytecode/PairTableMemory.lean:220:0: 'Challenge.Ripemd160.Submission.Proofs.Bytecode.PairTableMemory.read_table_outside' depends on axioms: [propext,
 Classical.choice,
 Quot.sound]
info: Challenge/Ripemd160/Submission/Proofs/Bytecode/PairTableMemory.lean:221:0: 'Challenge.Ripemd160.Submission.Proofs.Bytecode.PairTableMemory.erase_scratch' depends on axioms: [propext,
 Classical.choice,
 Quot.sound]
ℹ [1088/1641] Replayed Challenge.Ripemd160.Submission.Proofs.Bytecode.PairTableScratch
info: Challenge/Ripemd160/Submission/Proofs/Bytecode/PairTableScratch.lean:93:0: 'Challenge.Ripemd160.Submission.Proofs.Bytecode.PairTableScratch.mask32_window' depends on axioms: [propext,
 Classical.choice,
 Quot.sound]
info: Challenge/Ripemd160/Submission/Proofs/Bytecode/PairTableScratch.lean:94:0: 'Challenge.Ripemd160.Submission.Proofs.Bytecode.PairTableScratch.poolWord_eq_extracted' depends on axioms: [propext,
 Classical.choice,
 Quot.sound]
ℹ [1089/1641] Replayed Challenge.Ripemd160.Submission.Proofs.Bytecode.StaggerScratch
info: Challenge/Ripemd160/Submission/Proofs/Bytecode/StaggerScratch.lean:345:0: 'Challenge.Ripemd160.Submission.Proofs.Bytecode.StaggerScratch.dirtyWord_split' depends on axioms: [propext,
 Classical.choice,
 Quot.sound]
info: Challenge/Ripemd160/Submission/Proofs/Bytecode/StaggerScratch.lean:346:0: 'Challenge.Ripemd160.Submission.Proofs.Bytecode.StaggerScratch.poolWordD_eq_dirty' depends on axioms: [propext,
 Classical.choice,
 Quot.sound]
info: Challenge/Ripemd160/Submission/Proofs/Bytecode/StaggerScratch.lean:347:0: 'Challenge.Ripemd160.Submission.Proofs.Bytecode.StaggerScratch.poolWord_eq_extracted' depends on axioms: [propext,
 Classical.choice,
 Quot.sound]
info: Challenge/Ripemd160/Submission/Proofs/Bytecode/StaggerScratch.lean:348:0: 'Challenge.Ripemd160.Submission.Proofs.Bytecode.StaggerScratch.erase_scratch' depends on axioms: [propext,
 Classical.choice,
 Quot.sound]
ℹ [1090/1641] Replayed Challenge.Ripemd160.Submission.Proofs.Bytecode.PairStoreGap
info: Challenge/Ripemd160/Submission/Proofs/Bytecode/PairStoreGap.lean:99:0: 'Challenge.Ripemd160.Submission.Proofs.Bytecode.PairStoreGap.resultMemory_gapClear' depends on axioms: [propext,
 Classical.choice,
 Quot.sound]
info: Challenge/Ripemd160/Submission/Proofs/Bytecode/PairStoreGap.lean:100:0: 'Challenge.Ripemd160.Submission.Proofs.Bytecode.PairStoreGap.scratchMemory_gapClear' depends on axioms: [propext,
 Classical.choice,
 Quot.sound]
ℹ [1091/1641] Replayed Challenge.Ripemd160.Submission.Proofs.Bytecode.PairTableActive
info: Challenge/Ripemd160/Submission/Proofs/Bytecode/PairTableActive.lean:110:0: 'Challenge.Ripemd160.Submission.Proofs.Bytecode.PairTableActive.loaded_active_ge34' depends on axioms: [propext,
 Quot.sound]
info: Challenge/Ripemd160/Submission/Proofs/Bytecode/PairTableActive.lean:111:0: 'Challenge.Ripemd160.Submission.Proofs.Bytecode.PairTableActive.word_active_preserved' depends on axioms: [propext,
 Quot.sound]
info: Challenge/Ripemd160/Submission/Proofs/Bytecode/PairTableActive.lean:112:0: 'Challenge.Ripemd160.Submission.Proofs.Bytecode.PairTableActive.zero_active_preserved' depends on axioms: [propext,
 Quot.sound]
ℹ [1092/1641] Replayed Challenge.Ripemd160.Submission.Proofs.Bytecode.Stagger144Active
info: Challenge/Ripemd160/Submission/Proofs/Bytecode/Stagger144Active.lean:47:0: 'Challenge.Ripemd160.Submission.Proofs.Bytecode.Stagger144Active.loaded_active_ge35' depends on axioms: [propext,
 Quot.sound]
info: Challenge/Ripemd160/Submission/Proofs/Bytecode/Stagger144Active.lean:48:0: 'Challenge.Ripemd160.Submission.Proofs.Bytecode.Stagger144Active.word_active_preserved' depends on axioms: [propext,
 Quot.sound]
ℹ [1093/1641] Replayed Challenge.Ripemd160.Submission.Proofs.Bytecode.PairedMask32Cache
info: Challenge/Ripemd160/Submission/Proofs/Bytecode/PairedMask32Cache.lean:33:0: 'Challenge.Ripemd160.Submission.Proofs.Bytecode.PairedMask32Cache.run_maskTemplate' depends on axioms: [propext,
 Quot.sound]
info: Challenge/Ripemd160/Submission/Proofs/Bytecode/PairedMask32Cache.lean:65:0: 'Challenge.Ripemd160.Submission.Proofs.Bytecode.PairedMask32Cache.run_middleTemplate' depends on axioms: [propext,
 Classical.choice,
 Quot.sound]
info: Challenge/Ripemd160/Submission/Proofs/Bytecode/PairedMask32Cache.lean:78:0: 'Challenge.Ripemd160.Submission.Proofs.Bytecode.PairedMask32Cache.run_unmaskedTemplate' depends on axioms: [propext,
 Quot.sound]
info: Challenge/Ripemd160/Submission/Proofs/Bytecode/PairedMask32Cache.lean:114:0: 'Challenge.Ripemd160.Submission.Proofs.Bytecode.PairedMask32Cache.run_middleTemplateUnmasked' depends on axioms: [propext,
 Classical.choice,
 Quot.sound]
info: Challenge/Ripemd160/Submission/Proofs/Bytecode/PairedMask32Cache.lean:136:0: 'Challenge.Ripemd160.Submission.Proofs.Bytecode.PairedMask32Cache.run_lastTemplate' depends on axioms: [propext,
 Quot.sound]
info: Challenge/Ripemd160/Submission/Proofs/Bytecode/PairedMask32Cache.lean:183:0: 'Challenge.Ripemd160.Submission.Proofs.Bytecode.PairedMask32Cache.run_keepTemplate' depends on axioms: [propext,
 Classical.choice,
 Quot.sound]
info: Challenge/Ripemd160/Submission/Proofs/Bytecode/PairedMask32Cache.lean:208:0: 'Challenge.Ripemd160.Submission.Proofs.Bytecode.PairedMask32Cache.run_prefixTemplate' depends on axioms: [propext,
 Classical.choice,
 Quot.sound]
info: Challenge/Ripemd160/Submission/Proofs/Bytecode/PairedMask32Cache.lean:235:0: 'Challenge.Ripemd160.Submission.Proofs.Bytecode.PairedMask32Cache.run_halfTemplate' depends on axioms: [propext,
 Classical.choice,
 Quot.sound]
info: Challenge/Ripemd160/Submission/Proofs/Bytecode/PairedMask32Cache.lean:297:0: 'Challenge.Ripemd160.Submission.Proofs.Bytecode.PairedMask32Cache.run_cachedInitial' depends on axioms: [propext,
 Classical.choice,
 Quot.sound]
info: Challenge/Ripemd160/Submission/Proofs/Bytecode/PairedMask32Cache.lean:345:0: 'Challenge.Ripemd160.Submission.Proofs.Bytecode.PairedMask32Cache.run_cachedStage' depends on axioms: [propext,
 Classical.choice,
 Quot.sound]
info: Challenge/Ripemd160/Submission/Proofs/Bytecode/PairedMask32Cache.lean:380:0: 'Challenge.Ripemd160.Submission.Proofs.Bytecode.PairedMask32Cache.run_cachedReversedHalf' depends on axioms: [propext,
 Classical.choice,
 Quot.sound]
info: Challenge/Ripemd160/Submission/Proofs/Bytecode/PairedMask32Cache.lean:399:0: 'Challenge.Ripemd160.Submission.Proofs.Bytecode.PairedMask32Cache.run_cleanupTemplate' depends on axioms: [propext,
 Quot.sound]
info: Challenge/Ripemd160/Submission/Proofs/Bytecode/PairedMask32Cache.lean:457:0: 'Challenge.Ripemd160.Submission.Proofs.Bytecode.PairedMask32Cache.run_fullTemplate' depends on axioms: [propext,
 Classical.choice,
 Quot.sound]
info: Challenge/Ripemd160/Submission/Proofs/Bytecode/PairedMask32Cache.lean:476:0: 'Challenge.Ripemd160.Submission.Proofs.Bytecode.PairedMask32Cache.run_fullTemplate_natural' depends on axioms: [propext,
 Classical.choice,
 Quot.sound]
info: Challenge/Ripemd160/Submission/Proofs/Bytecode/PairedMask32Cache.lean:486:0: 'Challenge.Ripemd160.Submission.Proofs.Bytecode.PairedMask32Cache.fullTemplate_length' depends on axioms: [propext,
 Quot.sound]
info: Challenge/Ripemd160/Submission/Proofs/Bytecode/PairedMask32Cache.lean:496:0: 'Challenge.Ripemd160.Submission.Proofs.Bytecode.PairedMask32Cache.fullTemplate_byteLength' depends on axioms: [propext,
 Classical.choice,
 Quot.sound]
info: Challenge/Ripemd160/Submission/Proofs/Bytecode/PairedMask32Cache.lean:506:0: 'Challenge.Ripemd160.Submission.Proofs.Bytecode.PairedMask32Cache.fullTemplate_staticGas' depends on axioms: [propext,
 Classical.choice,
 Quot.sound]
info: Challenge/Ripemd160/Submission/Proofs/Bytecode/PairedMask32Cache.lean:637:0: 'Challenge.Ripemd160.Submission.Proofs.Bytecode.PairedMask32Cache.fullTemplate_advances' depends on axioms: [propext,
 Classical.choice,
 Quot.sound]
info: Challenge/Ripemd160/Submission/Proofs/Bytecode/PairedMask32Cache.lean:683:0: 'Challenge.Ripemd160.Submission.Proofs.Bytecode.PairedMask32Cache.runLocatedBlock_fullTemplate' depends on axioms: [propext,
 Classical.choice,
 Quot.sound]
info: Challenge/Ripemd160/Submission/Proofs/Bytecode/PairedMask32Cache.lean:684:0: 'Challenge.Ripemd160.Submission.Proofs.Bytecode.PairedMask32Cache.gasSteps_fullTemplate' depends on axioms: [propext,
 Classical.choice,
 Quot.sound]
info: Challenge/Ripemd160/Submission/Proofs/Bytecode/PairedMask32Cache.lean:744:0: 'Challenge.Ripemd160.Submission.Proofs.Bytecode.PairedMask32Cache.fullTemplate_exactBytes' depends on axioms: [propext,
 Quot.sound]
ℹ [1094/1641] Replayed Challenge.Ripemd160.Submission.Proofs.Bytecode.PairedNormal16Initial
info: Challenge/Ripemd160/Submission/Proofs/Bytecode/PairedNormal16Initial.lean:17:0: 'Challenge.Ripemd160.Submission.Proofs.Bytecode.PairedNormal16Initial.mask8_div' depends on axioms: [propext]
info: Challenge/Ripemd160/Submission/Proofs/Bytecode/PairedNormal16Initial.lean:22:0: 'Challenge.Ripemd160.Submission.Proofs.Bytecode.PairedNormal16Initial.mask16_div' depends on axioms: [propext]
info: Challenge/Ripemd160/Submission/Proofs/Bytecode/PairedNormal16Initial.lean:86:0: 'Challenge.Ripemd160.Submission.Proofs.Bytecode.PairedNormal16Initial.run_cachedInitial' depends on axioms: [propext,
 Classical.choice,
 Quot.sound]
ℹ [1095/1641] Replayed Challenge.Ripemd160.Submission.Proofs.Bytecode.PairTableLayout
info: Challenge/Ripemd160/Submission/Proofs/Bytecode/PairTableLayout.lean:46:0: 'Challenge.Ripemd160.Submission.Proofs.Bytecode.PairTableLayout.layout_valid' does not depend on any axioms
info: Challenge/Ripemd160/Submission/Proofs/Bytecode/PairTableLayout.lean:47:0: 'Challenge.Ripemd160.Submission.Proofs.Bytecode.PairTableLayout.read_round' depends on axioms: [propext,
 Classical.choice,
 Quot.sound]
info: Challenge/Ripemd160/Submission/Proofs/Bytecode/PairTableLayout.lean:48:0: 'Challenge.Ripemd160.Submission.Proofs.Bytecode.PairTableLayout.resultMemory_size' depends on axioms: [propext,
 Classical.choice,
 Quot.sound]
ℹ [1096/1641] Replayed Challenge.Ripemd160.Submission.Proofs.Bytecode.PairTableSparse
info: Challenge/Ripemd160/Submission/Proofs/Bytecode/PairTableSparse.lean:116:0: 'Challenge.Ripemd160.Submission.Proofs.Bytecode.PairTableSparse.selected_eq_full' depends on axioms: [propext,
 Classical.choice,
 Quot.sound]
info: Challenge/Ripemd160/Submission/Proofs/Bytecode/PairTableSparse.lean:117:0: 'Challenge.Ripemd160.Submission.Proofs.Bytecode.PairTableSparse.erase_zeroMemory' depends on axioms: [propext,
 Classical.choice,
 Quot.sound]
ℹ [1098/1641] Replayed Challenge.Ripemd160.Submission.Proofs.Bytecode.PairedLaneGroupTwoHoist
info: Challenge/Ripemd160/Submission/Proofs/Bytecode/PairedLaneGroupTwoHoist.lean:86:0: 'Challenge.Ripemd160.Submission.Proofs.Bytecode.PairedLaneGroupTwoHoist.newBoolean_eq_or_gap' depends on axioms: [propext,
 Classical.choice,
 Quot.sound]
info: Challenge/Ripemd160/Submission/Proofs/Bytecode/PairedLaneGroupTwoHoist.lean:87:0: 'Challenge.Ripemd160.Submission.Proofs.Bytecode.PairedLaneGroupTwoHoist.oldBoolean_disjoint_gap' depends on axioms: [propext,
 Classical.choice,
 Quot.sound]
info: Challenge/Ripemd160/Submission/Proofs/Bytecode/PairedLaneGroupTwoHoist.lean:88:0: 'Challenge.Ripemd160.Submission.Proofs.Bytecode.PairedLaneGroupTwoHoist.newBoolean_eq_add_gap' depends on axioms: [propext,
 Classical.choice,
 Quot.sound]
info: Challenge/Ripemd160/Submission/Proofs/Bytecode/PairedLaneGroupTwoHoist.lean:89:0: 'Challenge.Ripemd160.Submission.Proofs.Bytecode.PairedLaneGroupTwoHoist.gap_constant_cancel' depends on axioms: [propext,
 Classical.choice,
 Quot.sound]
info: Challenge/Ripemd160/Submission/Proofs/Bytecode/PairedLaneGroupTwoHoist.lean:90:0: 'Challenge.Ripemd160.Submission.Proofs.Bytecode.PairedLaneGroupTwoHoist.newBoolean_add_adjusted' depends on axioms: [propext,
 Classical.choice,
 Quot.sound]
info: Challenge/Ripemd160/Submission/Proofs/Bytecode/PairedLaneGroupTwoHoist.lean:91:0: 'Challenge.Ripemd160.Submission.Proofs.Bytecode.PairedLaneGroupTwoHoist.pack_supported' depends on axioms: [propext,
 Classical.choice,
 Quot.sound]
info: Challenge/Ripemd160/Submission/Proofs/Bytecode/PairedLaneGroupTwoHoist.lean:92:0: 'Challenge.Ripemd160.Submission.Proofs.Bytecode.PairedLaneGroupTwoHoist.pairedF2_add_adjusted' depends on axioms: [propext,
 Classical.choice,
 Quot.sound]
ℹ [1099/1641] Replayed Challenge.Ripemd160.Submission.Proofs.Bytecode.PairedLaneWordGroupTwoHoist
info: Challenge/Ripemd160/Submission/Proofs/Bytecode/PairedLaneWordGroupTwoHoist.lean:32:0: 'Challenge.Ripemd160.Submission.Proofs.Bytecode.PairedLaneWordGroupTwoHoist.bits_hoistedBoolean' depends on axioms: [propext,
 Classical.choice,
 Quot.sound]
info: Challenge/Ripemd160/Submission/Proofs/Bytecode/PairedLaneWordGroupTwoHoist.lean:44:0: 'Challenge.Ripemd160.Submission.Proofs.Bytecode.PairedLaneWordGroupTwoHoist.rawHoistedBoolean_eq' depends on axioms: [propext,
 Quot.sound]
info: Challenge/Ripemd160/Submission/Proofs/Bytecode/PairedLaneWordGroupTwoHoist.lean:56:0: 'Challenge.Ripemd160.Submission.Proofs.Bytecode.PairedLaneWordGroupTwoHoist.bits_adjustedK' depends on axioms: [propext,
 Quot.sound]
info: Challenge/Ripemd160/Submission/Proofs/Bytecode/PairedLaneWordGroupTwoHoist.lean:77:0: 'Challenge.Ripemd160.Submission.Proofs.Bytecode.PairedLaneWordGroupTwoHoist.boolean_add_adjusted' depends on axioms: [propext,
 Classical.choice,
 Quot.sound]
info: Challenge/Ripemd160/Submission/Proofs/Bytecode/PairedLaneWordGroupTwoHoist.lean:87:0: 'Challenge.Ripemd160.Submission.Proofs.Bytecode.PairedLaneWordGroupTwoHoist.add_rearrange' depends on axioms: [propext,
 Quot.sound]
info: Challenge/Ripemd160/Submission/Proofs/Bytecode/PairedLaneWordGroupTwoHoist.lean:108:0: 'Challenge.Ripemd160.Submission.Proofs.Bytecode.PairedLaneWordGroupTwoHoist.hoistedSum_eq' depends on axioms: [propext,
 Classical.choice,
 Quot.sound]
info: Challenge/Ripemd160/Submission/Proofs/Bytecode/PairedLaneWordGroupTwoHoist.lean:121:0: 'Challenge.Ripemd160.Submission.Proofs.Bytecode.PairedLaneWordGroupTwoHoist.hoistedT_eq' depends on axioms: [propext,
 Classical.choice,
 Quot.sound]
info: Challenge/Ripemd160/Submission/Proofs/Bytecode/PairedLaneWordGroupTwoHoist.lean:139:0: 'Challenge.Ripemd160.Submission.Proofs.Bytecode.PairedLaneWordGroupTwoHoist.rawWordStep2_eq_of_supported' depends on axioms: [propext,
 Classical.choice,
 Quot.sound]
info: Challenge/Ripemd160/Submission/Proofs/Bytecode/PairedLaneWordGroupTwoHoist.lean:148:0: 'Challenge.Ripemd160.Submission.Proofs.Bytecode.PairedLaneWordGroupTwoHoist.packCrypto_supported' depends on axioms: [propext,
 Classical.choice,
 Quot.sound]
info: Challenge/Ripemd160/Submission/Proofs/Bytecode/PairedLaneWordGroupTwoHoist.lean:164:0: 'Challenge.Ripemd160.Submission.Proofs.Bytecode.PairedLaneWordGroupTwoHoist.rawWordStep2_of_crypto' depends on axioms: [propext,
 Classical.choice,
 Quot.sound]
ℹ [1100/1641] Replayed Challenge.Ripemd160.Submission.Proofs.Bytecode.PairedLaneBooleanSynthesis
info: Challenge/Ripemd160/Submission/Proofs/Bytecode/PairedLaneBooleanSynthesis.lean:20:0: 'Challenge.Ripemd160.Submission.Proofs.Bytecode.PairedLaneBooleanSynthesis.mixed_one' depends on axioms: [propext,
 Quot.sound]
info: Challenge/Ripemd160/Submission/Proofs/Bytecode/PairedLaneBooleanSynthesis.lean:32:0: 'Challenge.Ripemd160.Submission.Proofs.Bytecode.PairedLaneBooleanSynthesis.mixed_three' depends on axioms: [propext,
 Quot.sound]
info: Challenge/Ripemd160/Submission/Proofs/Bytecode/PairedLaneBooleanSynthesis.lean:51:0: 'Challenge.Ripemd160.Submission.Proofs.Bytecode.PairedLaneBooleanSynthesis.word_one' depends on axioms: [propext,
 Quot.sound]
info: Challenge/Ripemd160/Submission/Proofs/Bytecode/PairedLaneBooleanSynthesis.lean:61:0: 'Challenge.Ripemd160.Submission.Proofs.Bytecode.PairedLaneBooleanSynthesis.word_three' depends on axioms: [propext,
 Quot.sound]
info: Challenge/Ripemd160/Submission/Proofs/Bytecode/PairedLaneBooleanSynthesis.lean:67:0: 'Challenge.Ripemd160.Submission.Proofs.Bytecode.PairedLaneBooleanSynthesis.booleanPair_one' depends on axioms: [propext,
 Quot.sound]
info: Challenge/Ripemd160/Submission/Proofs/Bytecode/PairedLaneBooleanSynthesis.lean:73:0: 'Challenge.Ripemd160.Submission.Proofs.Bytecode.PairedLaneBooleanSynthesis.booleanPair_three' depends on axioms: [propext,
 Quot.sound]
ℹ [1101/1641] Replayed Challenge.Ripemd160.Submission.Proofs.Bytecode.PairedLaneBooleanFactoring
info: Challenge/Ripemd160/Submission/Proofs/Bytecode/PairedLaneBooleanFactoring.lean:21:0: 'Challenge.Ripemd160.Submission.Proofs.Bytecode.PairedLaneBooleanFactoring.factored_bits' depends on axioms: [propext,
 Classical.choice,
 Quot.sound]
info: Challenge/Ripemd160/Submission/Proofs/Bytecode/PairedLaneBooleanFactoring.lean:35:0: 'Challenge.Ripemd160.Submission.Proofs.Bytecode.PairedLaneBooleanFactoring.factored_word' depends on axioms: [propext,
 Classical.choice,
 Quot.sound]
info: Challenge/Ripemd160/Submission/Proofs/Bytecode/PairedLaneBooleanFactoring.lean:41:0: 'Challenge.Ripemd160.Submission.Proofs.Bytecode.PairedLaneBooleanFactoring.booleanPair_zero' depends on axioms: [propext,
 Classical.choice,
 Quot.sound]
info: Challenge/Ripemd160/Submission/Proofs/Bytecode/PairedLaneBooleanFactoring.lean:47:0: 'Challenge.Ripemd160.Submission.Proofs.Bytecode.PairedLaneBooleanFactoring.booleanPair_four' depends on axioms: [propext,
 Classical.choice,
 Quot.sound]
ℹ [1102/1641] Replayed Challenge.Ripemd160.Submission.Proofs.Bytecode.PairedLaneSequentialShift
info: Challenge/Ripemd160/Submission/Proofs/Bytecode/PairedLaneSequentialShift.lean:14:0: 'Challenge.Ripemd160.Submission.Proofs.Bytecode.PairedLaneSequentialShift.shr_bits' depends on axioms: [propext,
 Quot.sound]
info: Challenge/Ripemd160/Submission/Proofs/Bytecode/PairedLaneSequentialShift.lean:25:0: 'Challenge.Ripemd160.Submission.Proofs.Bytecode.PairedLaneSequentialShift.shr_word' depends on axioms: [propext,
 Quot.sound]
info: Challenge/Ripemd160/Submission/Proofs/Bytecode/PairedLaneSequentialShift.lean:36:0: 'Challenge.Ripemd160.Submission.Proofs.Bytecode.PairedLaneSequentialShift.shr_difference' depends on axioms: [propext,
 Quot.sound]
ℹ [1103/1641] Replayed Challenge.Ripemd160.Submission.Proofs.Bytecode.PairedCall26Inline
info: Challenge/Ripemd160/Submission/Proofs/Bytecode/PairedCall26Inline.lean:28:0: 'Challenge.Ripemd160.Submission.Proofs.Bytecode.PairedCall26Inline.oneRaw_eq_rawBoolean' depends on axioms: [propext,
 Classical.choice,
 Quot.sound]
info: Challenge/Ripemd160/Submission/Proofs/Bytecode/PairedCall26Inline.lean:96:0: 'Challenge.Ripemd160.Submission.Proofs.Bytecode.PairedCall26Inline.inline26Template_length' does not depend on any axioms
info: Challenge/Ripemd160/Submission/Proofs/Bytecode/PairedCall26Inline.lean:115:0: 'Challenge.Ripemd160.Submission.Proofs.Bytecode.PairedCall26Inline.run_inline26Template_raw' depends on axioms: [propext,
 Quot.sound]
info: Challenge/Ripemd160/Submission/Proofs/Bytecode/PairedCall26Inline.lean:125:0: 'Challenge.Ripemd160.Submission.Proofs.Bytecode.PairedCall26Inline.run_inline26Template' depends on axioms: [propext,
 Classical.choice,
 Quot.sound]
info: Challenge/Ripemd160/Submission/Proofs/Bytecode/PairedCall26Inline.lean:133:0: 'Challenge.Ripemd160.Submission.Proofs.Bytecode.PairedCall26Inline.inline26Template_terminal_advances' depends on axioms: [propext,
 Quot.sound]
info: Challenge/Ripemd160/Submission/Proofs/Bytecode/PairedCall26Inline.lean:200:0: 'Challenge.Ripemd160.Submission.Proofs.Bytecode.PairedCall26Inline.inline27Template_length' does not depend on any axioms
info: Challenge/Ripemd160/Submission/Proofs/Bytecode/PairedCall26Inline.lean:219:0: 'Challenge.Ripemd160.Submission.Proofs.Bytecode.PairedCall26Inline.run_inline27Template_raw' depends on axioms: [propext,
 Quot.sound]
info: Challenge/Ripemd160/Submission/Proofs/Bytecode/PairedCall26Inline.lean:229:0: 'Challenge.Ripemd160.Submission.Proofs.Bytecode.PairedCall26Inline.run_inline27Template' depends on axioms: [propext,
 Classical.choice,
 Quot.sound]
info: Challenge/Ripemd160/Submission/Proofs/Bytecode/PairedCall26Inline.lean:237:0: 'Challenge.Ripemd160.Submission.Proofs.Bytecode.PairedCall26Inline.inline27Template_terminal_advances' depends on axioms: [propext,
 Quot.sound]
ℹ [1104/1641] Replayed Challenge.Ripemd160.Submission.Proofs.Bytecode.PairedCall20Inline
info: Challenge/Ripemd160/Submission/Proofs/Bytecode/PairedCall20Inline.lean:78:0: 'Challenge.Ripemd160.Submission.Proofs.Bytecode.PairedCall20Inline.inline20Template_length' does not depend on any axioms
info: Challenge/Ripemd160/Submission/Proofs/Bytecode/PairedCall20Inline.lean:97:0: 'Challenge.Ripemd160.Submission.Proofs.Bytecode.PairedCall20Inline.run_inline20Template_raw' depends on axioms: [propext,
 Quot.sound]
info: Challenge/Ripemd160/Submission/Proofs/Bytecode/PairedCall20Inline.lean:107:0: 'Challenge.Ripemd160.Submission.Proofs.Bytecode.PairedCall20Inline.run_inline20Template' depends on axioms: [propext,
 Classical.choice,
 Quot.sound]
info: Challenge/Ripemd160/Submission/Proofs/Bytecode/PairedCall20Inline.lean:115:0: 'Challenge.Ripemd160.Submission.Proofs.Bytecode.PairedCall20Inline.inline20Template_terminal_advances' depends on axioms: [propext,
 Quot.sound]
info: Challenge/Ripemd160/Submission/Proofs/Bytecode/PairedCall20Inline.lean:182:0: 'Challenge.Ripemd160.Submission.Proofs.Bytecode.PairedCall20Inline.inline21Template_length' does not depend on any axioms
info: Challenge/Ripemd160/Submission/Proofs/Bytecode/PairedCall20Inline.lean:201:0: 'Challenge.Ripemd160.Submission.Proofs.Bytecode.PairedCall20Inline.run_inline21Template_raw' depends on axioms: [propext,
 Quot.sound]
info: Challenge/Ripemd160/Submission/Proofs/Bytecode/PairedCall20Inline.lean:211:0: 'Challenge.Ripemd160.Submission.Proofs.Bytecode.PairedCall20Inline.run_inline21Template' depends on axioms: [propext,
 Classical.choice,
 Quot.sound]
info: Challenge/Ripemd160/Submission/Proofs/Bytecode/PairedCall20Inline.lean:219:0: 'Challenge.Ripemd160.Submission.Proofs.Bytecode.PairedCall20Inline.inline21Template_terminal_advances' depends on axioms: [propext,
 Quot.sound]
ℹ [1105/1641] Replayed Challenge.Ripemd160.Submission.Proofs.Bytecode.PairedCall22Inline
info: Challenge/Ripemd160/Submission/Proofs/Bytecode/PairedCall22Inline.lean:78:0: 'Challenge.Ripemd160.Submission.Proofs.Bytecode.PairedCall22Inline.inline22Template_length' does not depend on any axioms
info: Challenge/Ripemd160/Submission/Proofs/Bytecode/PairedCall22Inline.lean:97:0: 'Challenge.Ripemd160.Submission.Proofs.Bytecode.PairedCall22Inline.run_inline22Template_raw' depends on axioms: [propext,
 Quot.sound]
info: Challenge/Ripemd160/Submission/Proofs/Bytecode/PairedCall22Inline.lean:107:0: 'Challenge.Ripemd160.Submission.Proofs.Bytecode.PairedCall22Inline.run_inline22Template' depends on axioms: [propext,
 Classical.choice,
 Quot.sound]
info: Challenge/Ripemd160/Submission/Proofs/Bytecode/PairedCall22Inline.lean:115:0: 'Challenge.Ripemd160.Submission.Proofs.Bytecode.PairedCall22Inline.inline22Template_terminal_advances' depends on axioms: [propext,
 Quot.sound]
info: Challenge/Ripemd160/Submission/Proofs/Bytecode/PairedCall22Inline.lean:182:0: 'Challenge.Ripemd160.Submission.Proofs.Bytecode.PairedCall22Inline.inline23Template_length' does not depend on any axioms
info: Challenge/Ripemd160/Submission/Proofs/Bytecode/PairedCall22Inline.lean:201:0: 'Challenge.Ripemd160.Submission.Proofs.Bytecode.PairedCall22Inline.run_inline23Template_raw' depends on axioms: [propext,
 Quot.sound]
info: Challenge/Ripemd160/Submission/Proofs/Bytecode/PairedCall22Inline.lean:211:0: 'Challenge.Ripemd160.Submission.Proofs.Bytecode.PairedCall22Inline.run_inline23Template' depends on axioms: [propext,
 Classical.choice,
 Quot.sound]
info: Challenge/Ripemd160/Submission/Proofs/Bytecode/PairedCall22Inline.lean:219:0: 'Challenge.Ripemd160.Submission.Proofs.Bytecode.PairedCall22Inline.inline23Template_terminal_advances' depends on axioms: [propext,
 Quot.sound]
ℹ [1106/1641] Replayed Challenge.Ripemd160.Submission.Proofs.Bytecode.PairedSynthCoreTrace
info: Challenge/Ripemd160/Submission/Proofs/Bytecode/PairedSynthCoreTrace.lean:37:0: 'Challenge.Ripemd160.Submission.Proofs.Bytecode.PairedSynthCoreTrace.zeroRaw_eq_inline0Boolean' depends on axioms: [propext,
 Classical.choice,
 Quot.sound]
info: Challenge/Ripemd160/Submission/Proofs/Bytecode/PairedSynthCoreTrace.lean:47:0: 'Challenge.Ripemd160.Submission.Proofs.Bytecode.PairedSynthCoreTrace.fourRaw_eq_inline4Boolean' depends on axioms: [propext,
 Classical.choice,
 Quot.sound]
info: Challenge/Ripemd160/Submission/Proofs/Bytecode/PairedSynthCoreTrace.lean:142:0: 'Challenge.Ripemd160.Submission.Proofs.Bytecode.PairedSynthCoreTrace.inline0Template_length' does not depend on any axioms
info: Challenge/Ripemd160/Submission/Proofs/Bytecode/PairedSynthCoreTrace.lean:143:0: 'Challenge.Ripemd160.Submission.Proofs.Bytecode.PairedSynthCoreTrace.run_inline0Template_raw' depends on axioms: [propext,
 Quot.sound]
info: Challenge/Ripemd160/Submission/Proofs/Bytecode/PairedSynthCoreTrace.lean:144:0: 'Challenge.Ripemd160.Submission.Proofs.Bytecode.PairedSynthCoreTrace.run_inline0Template' depends on axioms: [propext,
 Classical.choice,
 Quot.sound]
info: Challenge/Ripemd160/Submission/Proofs/Bytecode/PairedSynthCoreTrace.lean:145:0: 'Challenge.Ripemd160.Submission.Proofs.Bytecode.PairedSynthCoreTrace.run_inline0Template_word' depends on axioms: [propext,
 Classical.choice,
 Quot.sound]
info: Challenge/Ripemd160/Submission/Proofs/Bytecode/PairedSynthCoreTrace.lean:240:0: 'Challenge.Ripemd160.Submission.Proofs.Bytecode.PairedSynthCoreTrace.inline1Template_length' does not depend on any axioms
info: Challenge/Ripemd160/Submission/Proofs/Bytecode/PairedSynthCoreTrace.lean:241:0: 'Challenge.Ripemd160.Submission.Proofs.Bytecode.PairedSynthCoreTrace.run_inline1Template_raw' depends on axioms: [propext,
 Quot.sound]
info: Challenge/Ripemd160/Submission/Proofs/Bytecode/PairedSynthCoreTrace.lean:242:0: 'Challenge.Ripemd160.Submission.Proofs.Bytecode.PairedSynthCoreTrace.run_inline1Template' depends on axioms: [propext,
 Classical.choice,
 Quot.sound]
info: Challenge/Ripemd160/Submission/Proofs/Bytecode/PairedSynthCoreTrace.lean:243:0: 'Challenge.Ripemd160.Submission.Proofs.Bytecode.PairedSynthCoreTrace.run_inline1Template_word' depends on axioms: [propext,
 Classical.choice,
 Quot.sound]
info: Challenge/Ripemd160/Submission/Proofs/Bytecode/PairedSynthCoreTrace.lean:338:0: 'Challenge.Ripemd160.Submission.Proofs.Bytecode.PairedSynthCoreTrace.inline2Template_length' does not depend on any axioms
info: Challenge/Ripemd160/Submission/Proofs/Bytecode/PairedSynthCoreTrace.lean:339:0: 'Challenge.Ripemd160.Submission.Proofs.Bytecode.PairedSynthCoreTrace.run_inline2Template_raw' depends on axioms: [propext,
 Quot.sound]
info: Challenge/Ripemd160/Submission/Proofs/Bytecode/PairedSynthCoreTrace.lean:340:0: 'Challenge.Ripemd160.Submission.Proofs.Bytecode.PairedSynthCoreTrace.run_inline2Template' depends on axioms: [propext,
 Classical.choice,
 Quot.sound]
info: Challenge/Ripemd160/Submission/Proofs/Bytecode/PairedSynthCoreTrace.lean:341:0: 'Challenge.Ripemd160.Submission.Proofs.Bytecode.PairedSynthCoreTrace.run_inline2Template_word' depends on axioms: [propext,
 Classical.choice,
 Quot.sound]
info: Challenge/Ripemd160/Submission/Proofs/Bytecode/PairedSynthCoreTrace.lean:434:0: 'Challenge.Ripemd160.Submission.Proofs.Bytecode.PairedSynthCoreTrace.inline3Template_length' does not depend on any axioms
info: Challenge/Ripemd160/Submission/Proofs/Bytecode/PairedSynthCoreTrace.lean:435:0: 'Challenge.Ripemd160.Submission.Proofs.Bytecode.PairedSynthCoreTrace.run_inline3Template_raw' depends on axioms: [propext,
 Quot.sound]
info: Challenge/Ripemd160/Submission/Proofs/Bytecode/PairedSynthCoreTrace.lean:436:0: 'Challenge.Ripemd160.Submission.Proofs.Bytecode.PairedSynthCoreTrace.run_inline3Template' depends on axioms: [propext,
 Classical.choice,
 Quot.sound]
info: Challenge/Ripemd160/Submission/Proofs/Bytecode/PairedSynthCoreTrace.lean:437:0: 'Challenge.Ripemd160.Submission.Proofs.Bytecode.PairedSynthCoreTrace.run_inline3Template_word' depends on axioms: [propext,
 Classical.choice,
 Quot.sound]
info: Challenge/Ripemd160/Submission/Proofs/Bytecode/PairedSynthCoreTrace.lean:532:0: 'Challenge.Ripemd160.Submission.Proofs.Bytecode.PairedSynthCoreTrace.inline4Template_length' does not depend on any axioms
info: Challenge/Ripemd160/Submission/Proofs/Bytecode/PairedSynthCoreTrace.lean:533:0: 'Challenge.Ripemd160.Submission.Proofs.Bytecode.PairedSynthCoreTrace.run_inline4Template_raw' depends on axioms: [propext,
 Quot.sound]
info: Challenge/Ripemd160/Submission/Proofs/Bytecode/PairedSynthCoreTrace.lean:534:0: 'Challenge.Ripemd160.Submission.Proofs.Bytecode.PairedSynthCoreTrace.run_inline4Template' depends on axioms: [propext,
 Classical.choice,
 Quot.sound]
info: Challenge/Ripemd160/Submission/Proofs/Bytecode/PairedSynthCoreTrace.lean:535:0: 'Challenge.Ripemd160.Submission.Proofs.Bytecode.PairedSynthCoreTrace.run_inline4Template_word' depends on axioms: [propext,
 Classical.choice,
 Quot.sound]
info: Challenge/Ripemd160/Submission/Proofs/Bytecode/PairedSynthCoreTrace.lean:630:0: 'Challenge.Ripemd160.Submission.Proofs.Bytecode.PairedSynthCoreTrace.inline5Template_length' does not depend on any axioms
info: Challenge/Ripemd160/Submission/Proofs/Bytecode/PairedSynthCoreTrace.lean:631:0: 'Challenge.Ripemd160.Submission.Proofs.Bytecode.PairedSynthCoreTrace.run_inline5Template_raw' depends on axioms: [propext,
 Quot.sound]
info: Challenge/Ripemd160/Submission/Proofs/Bytecode/PairedSynthCoreTrace.lean:632:0: 'Challenge.Ripemd160.Submission.Proofs.Bytecode.PairedSynthCoreTrace.run_inline5Template' depends on axioms: [propext,
 Classical.choice,
 Quot.sound]
info: Challenge/Ripemd160/Submission/Proofs/Bytecode/PairedSynthCoreTrace.lean:633:0: 'Challenge.Ripemd160.Submission.Proofs.Bytecode.PairedSynthCoreTrace.run_inline5Template_word' depends on axioms: [propext,
 Classical.choice,
 Quot.sound]
info: Challenge/Ripemd160/Submission/Proofs/Bytecode/PairedSynthCoreTrace.lean:728:0: 'Challenge.Ripemd160.Submission.Proofs.Bytecode.PairedSynthCoreTrace.inline6Template_length' does not depend on any axioms
info: Challenge/Ripemd160/Submission/Proofs/Bytecode/PairedSynthCoreTrace.lean:729:0: 'Challenge.Ripemd160.Submission.Proofs.Bytecode.PairedSynthCoreTrace.run_inline6Template_raw' depends on axioms: [propext,
 Quot.sound]
info: Challenge/Ripemd160/Submission/Proofs/Bytecode/PairedSynthCoreTrace.lean:730:0: 'Challenge.Ripemd160.Submission.Proofs.Bytecode.PairedSynthCoreTrace.run_inline6Template' depends on axioms: [propext,
 Classical.choice,
 Quot.sound]
info: Challenge/Ripemd160/Submission/Proofs/Bytecode/PairedSynthCoreTrace.lean:731:0: 'Challenge.Ripemd160.Submission.Proofs.Bytecode.PairedSynthCoreTrace.run_inline6Template_word' depends on axioms: [propext,
 Classical.choice,
 Quot.sound]
info: Challenge/Ripemd160/Submission/Proofs/Bytecode/PairedSynthCoreTrace.lean:826:0: 'Challenge.Ripemd160.Submission.Proofs.Bytecode.PairedSynthCoreTrace.inline7Template_length' does not depend on any axioms
info: Challenge/Ripemd160/Submission/Proofs/Bytecode/PairedSynthCoreTrace.lean:827:0: 'Challenge.Ripemd160.Submission.Proofs.Bytecode.PairedSynthCoreTrace.run_inline7Template_raw' depends on axioms: [propext,
 Quot.sound]
info: Challenge/Ripemd160/Submission/Proofs/Bytecode/PairedSynthCoreTrace.lean:828:0: 'Challenge.Ripemd160.Submission.Proofs.Bytecode.PairedSynthCoreTrace.run_inline7Template' depends on axioms: [propext,
 Classical.choice,
 Quot.sound]
info: Challenge/Ripemd160/Submission/Proofs/Bytecode/PairedSynthCoreTrace.lean:829:0: 'Challenge.Ripemd160.Submission.Proofs.Bytecode.PairedSynthCoreTrace.run_inline7Template_word' depends on axioms: [propext,
 Classical.choice,
 Quot.sound]
info: Challenge/Ripemd160/Submission/Proofs/Bytecode/PairedSynthCoreTrace.lean:924:0: 'Challenge.Ripemd160.Submission.Proofs.Bytecode.PairedSynthCoreTrace.inline8Template_length' does not depend on any axioms
info: Challenge/Ripemd160/Submission/Proofs/Bytecode/PairedSynthCoreTrace.lean:925:0: 'Challenge.Ripemd160.Submission.Proofs.Bytecode.PairedSynthCoreTrace.run_inline8Template_raw' depends on axioms: [propext,
 Quot.sound]
info: Challenge/Ripemd160/Submission/Proofs/Bytecode/PairedSynthCoreTrace.lean:926:0: 'Challenge.Ripemd160.Submission.Proofs.Bytecode.PairedSynthCoreTrace.run_inline8Template' depends on axioms: [propext,
 Classical.choice,
 Quot.sound]
info: Challenge/Ripemd160/Submission/Proofs/Bytecode/PairedSynthCoreTrace.lean:927:0: 'Challenge.Ripemd160.Submission.Proofs.Bytecode.PairedSynthCoreTrace.run_inline8Template_word' depends on axioms: [propext,
 Classical.choice,
 Quot.sound]
info: Challenge/Ripemd160/Submission/Proofs/Bytecode/PairedSynthCoreTrace.lean:1022:0: 'Challenge.Ripemd160.Submission.Proofs.Bytecode.PairedSynthCoreTrace.inline9Template_length' does not depend on any axioms
info: Challenge/Ripemd160/Submission/Proofs/Bytecode/PairedSynthCoreTrace.lean:1023:0: 'Challenge.Ripemd160.Submission.Proofs.Bytecode.PairedSynthCoreTrace.run_inline9Template_raw' depends on axioms: [propext,
 Quot.sound]
info: Challenge/Ripemd160/Submission/Proofs/Bytecode/PairedSynthCoreTrace.lean:1024:0: 'Challenge.Ripemd160.Submission.Proofs.Bytecode.PairedSynthCoreTrace.run_inline9Template' depends on axioms: [propext,
 Classical.choice,
 Quot.sound]
info: Challenge/Ripemd160/Submission/Proofs/Bytecode/PairedSynthCoreTrace.lean:1025:0: 'Challenge.Ripemd160.Submission.Proofs.Bytecode.PairedSynthCoreTrace.run_inline9Template_word' depends on axioms: [propext,
 Classical.choice,
 Quot.sound]
info: Challenge/Ripemd160/Submission/Proofs/Bytecode/PairedSynthCoreTrace.lean:1120:0: 'Challenge.Ripemd160.Submission.Proofs.Bytecode.PairedSynthCoreTrace.inline10Template_length' does not depend on any axioms
info: Challenge/Ripemd160/Submission/Proofs/Bytecode/PairedSynthCoreTrace.lean:1121:0: 'Challenge.Ripemd160.Submission.Proofs.Bytecode.PairedSynthCoreTrace.run_inline10Template_raw' depends on axioms: [propext,
 Quot.sound]
info: Challenge/Ripemd160/Submission/Proofs/Bytecode/PairedSynthCoreTrace.lean:1122:0: 'Challenge.Ripemd160.Submission.Proofs.Bytecode.PairedSynthCoreTrace.run_inline10Template' depends on axioms: [propext,
 Classical.choice,
 Quot.sound]
info: Challenge/Ripemd160/Submission/Proofs/Bytecode/PairedSynthCoreTrace.lean:1123:0: 'Challenge.Ripemd160.Submission.Proofs.Bytecode.PairedSynthCoreTrace.run_inline10Template_word' depends on axioms: [propext,
 Classical.choice,
 Quot.sound]
info: Challenge/Ripemd160/Submission/Proofs/Bytecode/PairedSynthCoreTrace.lean:1218:0: 'Challenge.Ripemd160.Submission.Proofs.Bytecode.PairedSynthCoreTrace.inline11Template_length' does not depend on any axioms
info: Challenge/Ripemd160/Submission/Proofs/Bytecode/PairedSynthCoreTrace.lean:1219:0: 'Challenge.Ripemd160.Submission.Proofs.Bytecode.PairedSynthCoreTrace.run_inline11Template_raw' depends on axioms: [propext,
 Quot.sound]
info: Challenge/Ripemd160/Submission/Proofs/Bytecode/PairedSynthCoreTrace.lean:1220:0: 'Challenge.Ripemd160.Submission.Proofs.Bytecode.PairedSynthCoreTrace.run_inline11Template' depends on axioms: [propext,
 Classical.choice,
 Quot.sound]
info: Challenge/Ripemd160/Submission/Proofs/Bytecode/PairedSynthCoreTrace.lean:1221:0: 'Challenge.Ripemd160.Submission.Proofs.Bytecode.PairedSynthCoreTrace.run_inline11Template_word' depends on axioms: [propext,
 Classical.choice,
 Quot.sound]
info: Challenge/Ripemd160/Submission/Proofs/Bytecode/PairedSynthCoreTrace.lean:1316:0: 'Challenge.Ripemd160.Submission.Proofs.Bytecode.PairedSynthCoreTrace.inline12Template_length' does not depend on any axioms
info: Challenge/Ripemd160/Submission/Proofs/Bytecode/PairedSynthCoreTrace.lean:1317:0: 'Challenge.Ripemd160.Submission.Proofs.Bytecode.PairedSynthCoreTrace.run_inline12Template_raw' depends on axioms: [propext,
 Quot.sound]
info: Challenge/Ripemd160/Submission/Proofs/Bytecode/PairedSynthCoreTrace.lean:1318:0: 'Challenge.Ripemd160.Submission.Proofs.Bytecode.PairedSynthCoreTrace.run_inline12Template' depends on axioms: [propext,
 Classical.choice,
 Quot.sound]
info: Challenge/Ripemd160/Submission/Proofs/Bytecode/PairedSynthCoreTrace.lean:1319:0: 'Challenge.Ripemd160.Submission.Proofs.Bytecode.PairedSynthCoreTrace.run_inline12Template_word' depends on axioms: [propext,
 Classical.choice,
 Quot.sound]
info: Challenge/Ripemd160/Submission/Proofs/Bytecode/PairedSynthCoreTrace.lean:1414:0: 'Challenge.Ripemd160.Submission.Proofs.Bytecode.PairedSynthCoreTrace.inline13Template_length' does not depend on any axioms
info: Challenge/Ripemd160/Submission/Proofs/Bytecode/PairedSynthCoreTrace.lean:1415:0: 'Challenge.Ripemd160.Submission.Proofs.Bytecode.PairedSynthCoreTrace.run_inline13Template_raw' depends on axioms: [propext,
 Quot.sound]
info: Challenge/Ripemd160/Submission/Proofs/Bytecode/PairedSynthCoreTrace.lean:1416:0: 'Challenge.Ripemd160.Submission.Proofs.Bytecode.PairedSynthCoreTrace.run_inline13Template' depends on axioms: [propext,
 Classical.choice,
 Quot.sound]
info: Challenge/Ripemd160/Submission/Proofs/Bytecode/PairedSynthCoreTrace.lean:1417:0: 'Challenge.Ripemd160.Submission.Proofs.Bytecode.PairedSynthCoreTrace.run_inline13Template_word' depends on axioms: [propext,
 Classical.choice,
 Quot.sound]
info: Challenge/Ripemd160/Submission/Proofs/Bytecode/PairedSynthCoreTrace.lean:1512:0: 'Challenge.Ripemd160.Submission.Proofs.Bytecode.PairedSynthCoreTrace.inline14Template_length' does not depend on any axioms
info: Challenge/Ripemd160/Submission/Proofs/Bytecode/PairedSynthCoreTrace.lean:1513:0: 'Challenge.Ripemd160.Submission.Proofs.Bytecode.PairedSynthCoreTrace.run_inline14Template_raw' depends on axioms: [propext,
 Quot.sound]
info: Challenge/Ripemd160/Submission/Proofs/Bytecode/PairedSynthCoreTrace.lean:1514:0: 'Challenge.Ripemd160.Submission.Proofs.Bytecode.PairedSynthCoreTrace.run_inline14Template' depends on axioms: [propext,
 Classical.choice,
 Quot.sound]
info: Challenge/Ripemd160/Submission/Proofs/Bytecode/PairedSynthCoreTrace.lean:1515:0: 'Challenge.Ripemd160.Submission.Proofs.Bytecode.PairedSynthCoreTrace.run_inline14Template_word' depends on axioms: [propext,
 Classical.choice,
 Quot.sound]
info: Challenge/Ripemd160/Submission/Proofs/Bytecode/PairedSynthCoreTrace.lean:1610:0: 'Challenge.Ripemd160.Submission.Proofs.Bytecode.PairedSynthCoreTrace.inline15Template_length' does not depend on any axioms
info: Challenge/Ripemd160/Submission/Proofs/Bytecode/PairedSynthCoreTrace.lean:1611:0: 'Challenge.Ripemd160.Submission.Proofs.Bytecode.PairedSynthCoreTrace.run_inline15Template_raw' depends on axioms: [propext,
 Quot.sound]
info: Challenge/Ripemd160/Submission/Proofs/Bytecode/PairedSynthCoreTrace.lean:1612:0: 'Challenge.Ripemd160.Submission.Proofs.Bytecode.PairedSynthCoreTrace.run_inline15Template' depends on axioms: [propext,
 Classical.choice,
 Quot.sound]
info: Challenge/Ripemd160/Submission/Proofs/Bytecode/PairedSynthCoreTrace.lean:1613:0: 'Challenge.Ripemd160.Submission.Proofs.Bytecode.PairedSynthCoreTrace.run_inline15Template_word' depends on axioms: [propext,
 Classical.choice,
 Quot.sound]
info: Challenge/Ripemd160/Submission/Proofs/Bytecode/PairedSynthCoreTrace.lean:1690:0: 'Challenge.Ripemd160.Submission.Proofs.Bytecode.PairedSynthCoreTrace.inline64Template_length' does not depend on any axioms
info: Challenge/Ripemd160/Submission/Proofs/Bytecode/PairedSynthCoreTrace.lean:1691:0: 'Challenge.Ripemd160.Submission.Proofs.Bytecode.PairedSynthCoreTrace.run_inline64Template_raw' depends on axioms: [propext,
 Quot.sound]
info: Challenge/Ripemd160/Submission/Proofs/Bytecode/PairedSynthCoreTrace.lean:1692:0: 'Challenge.Ripemd160.Submission.Proofs.Bytecode.PairedSynthCoreTrace.run_inline64Template' depends on axioms: [propext,
 Classical.choice,
 Quot.sound]
info: Challenge/Ripemd160/Submission/Proofs/Bytecode/PairedSynthCoreTrace.lean:1768:0: 'Challenge.Ripemd160.Submission.Proofs.Bytecode.PairedSynthCoreTrace.inline65Template_length' does not depend on any axioms
info: Challenge/Ripemd160/Submission/Proofs/Bytecode/PairedSynthCoreTrace.lean:1769:0: 'Challenge.Ripemd160.Submission.Proofs.Bytecode.PairedSynthCoreTrace.run_inline65Template_raw' depends on axioms: [propext,
 Quot.sound]
info: Challenge/Ripemd160/Submission/Proofs/Bytecode/PairedSynthCoreTrace.lean:1770:0: 'Challenge.Ripemd160.Submission.Proofs.Bytecode.PairedSynthCoreTrace.run_inline65Template' depends on axioms: [propext,
 Classical.choice,
 Quot.sound]
info: Challenge/Ripemd160/Submission/Proofs/Bytecode/PairedSynthCoreTrace.lean:1847:0: 'Challenge.Ripemd160.Submission.Proofs.Bytecode.PairedSynthCoreTrace.inline66Template_length' does not depend on any axioms
info: Challenge/Ripemd160/Submission/Proofs/Bytecode/PairedSynthCoreTrace.lean:1848:0: 'Challenge.Ripemd160.Submission.Proofs.Bytecode.PairedSynthCoreTrace.run_inline66Template_raw' depends on axioms: [propext,
 Quot.sound]
info: Challenge/Ripemd160/Submission/Proofs/Bytecode/PairedSynthCoreTrace.lean:1849:0: 'Challenge.Ripemd160.Submission.Proofs.Bytecode.PairedSynthCoreTrace.run_inline66Template' depends on axioms: [propext,
 Classical.choice,
 Quot.sound]
info: Challenge/Ripemd160/Submission/Proofs/Bytecode/PairedSynthCoreTrace.lean:1925:0: 'Challenge.Ripemd160.Submission.Proofs.Bytecode.PairedSynthCoreTrace.inline67Template_length' does not depend on any axioms
info: Challenge/Ripemd160/Submission/Proofs/Bytecode/PairedSynthCoreTrace.lean:1926:0: 'Challenge.Ripemd160.Submission.Proofs.Bytecode.PairedSynthCoreTrace.run_inline67Template_raw' depends on axioms: [propext,
 Quot.sound]
info: Challenge/Ripemd160/Submission/Proofs/Bytecode/PairedSynthCoreTrace.lean:1927:0: 'Challenge.Ripemd160.Submission.Proofs.Bytecode.PairedSynthCoreTrace.run_inline67Template' depends on axioms: [propext,
 Classical.choice,
 Quot.sound]
info: Challenge/Ripemd160/Submission/Proofs/Bytecode/PairedSynthCoreTrace.lean:2004:0: 'Challenge.Ripemd160.Submission.Proofs.Bytecode.PairedSynthCoreTrace.inline68Template_length' does not depend on any axioms
info: Challenge/Ripemd160/Submission/Proofs/Bytecode/PairedSynthCoreTrace.lean:2005:0: 'Challenge.Ripemd160.Submission.Proofs.Bytecode.PairedSynthCoreTrace.run_inline68Template_raw' depends on axioms: [propext,
 Quot.sound]
info: Challenge/Ripemd160/Submission/Proofs/Bytecode/PairedSynthCoreTrace.lean:2006:0: 'Challenge.Ripemd160.Submission.Proofs.Bytecode.PairedSynthCoreTrace.run_inline68Template' depends on axioms: [propext,
 Classical.choice,
 Quot.sound]
info: Challenge/Ripemd160/Submission/Proofs/Bytecode/PairedSynthCoreTrace.lean:2082:0: 'Challenge.Ripemd160.Submission.Proofs.Bytecode.PairedSynthCoreTrace.inline69Template_length' does not depend on any axioms
info: Challenge/Ripemd160/Submission/Proofs/Bytecode/PairedSynthCoreTrace.lean:2083:0: 'Challenge.Ripemd160.Submission.Proofs.Bytecode.PairedSynthCoreTrace.run_inline69Template_raw' depends on axioms: [propext,
 Quot.sound]
info: Challenge/Ripemd160/Submission/Proofs/Bytecode/PairedSynthCoreTrace.lean:2084:0: 'Challenge.Ripemd160.Submission.Proofs.Bytecode.PairedSynthCoreTrace.run_inline69Template' depends on axioms: [propext,
 Classical.choice,
 Quot.sound]
info: Challenge/Ripemd160/Submission/Proofs/Bytecode/PairedSynthCoreTrace.lean:2161:0: 'Challenge.Ripemd160.Submission.Proofs.Bytecode.PairedSynthCoreTrace.inline70Template_length' does not depend on any axioms
info: Challenge/Ripemd160/Submission/Proofs/Bytecode/PairedSynthCoreTrace.lean:2162:0: 'Challenge.Ripemd160.Submission.Proofs.Bytecode.PairedSynthCoreTrace.run_inline70Template_raw' depends on axioms: [propext,
 Quot.sound]
info: Challenge/Ripemd160/Submission/Proofs/Bytecode/PairedSynthCoreTrace.lean:2163:0: 'Challenge.Ripemd160.Submission.Proofs.Bytecode.PairedSynthCoreTrace.run_inline70Template' depends on axioms: [propext,
 Classical.choice,
 Quot.sound]
info: Challenge/Ripemd160/Submission/Proofs/Bytecode/PairedSynthCoreTrace.lean:2239:0: 'Challenge.Ripemd160.Submission.Proofs.Bytecode.PairedSynthCoreTrace.inline71Template_length' does not depend on any axioms
info: Challenge/Ripemd160/Submission/Proofs/Bytecode/PairedSynthCoreTrace.lean:2240:0: 'Challenge.Ripemd160.Submission.Proofs.Bytecode.PairedSynthCoreTrace.run_inline71Template_raw' depends on axioms: [propext,
 Quot.sound]
info: Challenge/Ripemd160/Submission/Proofs/Bytecode/PairedSynthCoreTrace.lean:2241:0: 'Challenge.Ripemd160.Submission.Proofs.Bytecode.PairedSynthCoreTrace.run_inline71Template' depends on axioms: [propext,
 Classical.choice,
 Quot.sound]
info: Challenge/Ripemd160/Submission/Proofs/Bytecode/PairedSynthCoreTrace.lean:2318:0: 'Challenge.Ripemd160.Submission.Proofs.Bytecode.PairedSynthCoreTrace.inline72Template_length' does not depend on any axioms
info: Challenge/Ripemd160/Submission/Proofs/Bytecode/PairedSynthCoreTrace.lean:2319:0: 'Challenge.Ripemd160.Submission.Proofs.Bytecode.PairedSynthCoreTrace.run_inline72Template_raw' depends on axioms: [propext,
 Quot.sound]
info: Challenge/Ripemd160/Submission/Proofs/Bytecode/PairedSynthCoreTrace.lean:2320:0: 'Challenge.Ripemd160.Submission.Proofs.Bytecode.PairedSynthCoreTrace.run_inline72Template' depends on axioms: [propext,
 Classical.choice,
 Quot.sound]
info: Challenge/Ripemd160/Submission/Proofs/Bytecode/PairedSynthCoreTrace.lean:2397:0: 'Challenge.Ripemd160.Submission.Proofs.Bytecode.PairedSynthCoreTrace.inline73Template_length' does not depend on any axioms
info: Challenge/Ripemd160/Submission/Proofs/Bytecode/PairedSynthCoreTrace.lean:2398:0: 'Challenge.Ripemd160.Submission.Proofs.Bytecode.PairedSynthCoreTrace.run_inline73Template_raw' depends on axioms: [propext,
 Quot.sound]
info: Challenge/Ripemd160/Submission/Proofs/Bytecode/PairedSynthCoreTrace.lean:2399:0: 'Challenge.Ripemd160.Submission.Proofs.Bytecode.PairedSynthCoreTrace.run_inline73Template' depends on axioms: [propext,
 Classical.choice,
 Quot.sound]
info: Challenge/Ripemd160/Submission/Proofs/Bytecode/PairedSynthCoreTrace.lean:2475:0: 'Challenge.Ripemd160.Submission.Proofs.Bytecode.PairedSynthCoreTrace.inline74Template_length' does not depend on any axioms
info: Challenge/Ripemd160/Submission/Proofs/Bytecode/PairedSynthCoreTrace.lean:2476:0: 'Challenge.Ripemd160.Submission.Proofs.Bytecode.PairedSynthCoreTrace.run_inline74Template_raw' depends on axioms: [propext,
 Quot.sound]
info: Challenge/Ripemd160/Submission/Proofs/Bytecode/PairedSynthCoreTrace.lean:2477:0: 'Challenge.Ripemd160.Submission.Proofs.Bytecode.PairedSynthCoreTrace.run_inline74Template' depends on axioms: [propext,
 Classical.choice,
 Quot.sound]
info: Challenge/Ripemd160/Submission/Proofs/Bytecode/PairedSynthCoreTrace.lean:2553:0: 'Challenge.Ripemd160.Submission.Proofs.Bytecode.PairedSynthCoreTrace.inline75Template_length' does not depend on any axioms
info: Challenge/Ripemd160/Submission/Proofs/Bytecode/PairedSynthCoreTrace.lean:2554:0: 'Challenge.Ripemd160.Submission.Proofs.Bytecode.PairedSynthCoreTrace.run_inline75Template_raw' depends on axioms: [propext,
 Quot.sound]
info: Challenge/Ripemd160/Submission/Proofs/Bytecode/PairedSynthCoreTrace.lean:2555:0: 'Challenge.Ripemd160.Submission.Proofs.Bytecode.PairedSynthCoreTrace.run_inline75Template' depends on axioms: [propext,
 Classical.choice,
 Quot.sound]
info: Challenge/Ripemd160/Submission/Proofs/Bytecode/PairedSynthCoreTrace.lean:2632:0: 'Challenge.Ripemd160.Submission.Proofs.Bytecode.PairedSynthCoreTrace.inline76Template_length' does not depend on any axioms
info: Challenge/Ripemd160/Submission/Proofs/Bytecode/PairedSynthCoreTrace.lean:2633:0: 'Challenge.Ripemd160.Submission.Proofs.Bytecode.PairedSynthCoreTrace.run_inline76Template_raw' depends on axioms: [propext,
 Quot.sound]
info: Challenge/Ripemd160/Submission/Proofs/Bytecode/PairedSynthCoreTrace.lean:2634:0: 'Challenge.Ripemd160.Submission.Proofs.Bytecode.PairedSynthCoreTrace.run_inline76Template' depends on axioms: [propext,
 Classical.choice,
 Quot.sound]
info: Challenge/Ripemd160/Submission/Proofs/Bytecode/PairedSynthCoreTrace.lean:2711:0: 'Challenge.Ripemd160.Submission.Proofs.Bytecode.PairedSynthCoreTrace.inline77Template_length' does not depend on any axioms
info: Challenge/Ripemd160/Submission/Proofs/Bytecode/PairedSynthCoreTrace.lean:2712:0: 'Challenge.Ripemd160.Submission.Proofs.Bytecode.PairedSynthCoreTrace.run_inline77Template_raw' depends on axioms: [propext,
 Quot.sound]
info: Challenge/Ripemd160/Submission/Proofs/Bytecode/PairedSynthCoreTrace.lean:2713:0: 'Challenge.Ripemd160.Submission.Proofs.Bytecode.PairedSynthCoreTrace.run_inline77Template' depends on axioms: [propext,
 Classical.choice,
 Quot.sound]
info: Challenge/Ripemd160/Submission/Proofs/Bytecode/PairedSynthCoreTrace.lean:2790:0: 'Challenge.Ripemd160.Submission.Proofs.Bytecode.PairedSynthCoreTrace.inline78Template_length' does not depend on any axioms
info: Challenge/Ripemd160/Submission/Proofs/Bytecode/PairedSynthCoreTrace.lean:2791:0: 'Challenge.Ripemd160.Submission.Proofs.Bytecode.PairedSynthCoreTrace.run_inline78Template_raw' depends on axioms: [propext,
 Quot.sound]
info: Challenge/Ripemd160/Submission/Proofs/Bytecode/PairedSynthCoreTrace.lean:2792:0: 'Challenge.Ripemd160.Submission.Proofs.Bytecode.PairedSynthCoreTrace.run_inline78Template' depends on axioms: [propext,
 Classical.choice,
 Quot.sound]
info: Challenge/Ripemd160/Submission/Proofs/Bytecode/PairedSynthCoreTrace.lean:2869:0: 'Challenge.Ripemd160.Submission.Proofs.Bytecode.PairedSynthCoreTrace.inline79Template_length' does not depend on any axioms
info: Challenge/Ripemd160/Submission/Proofs/Bytecode/PairedSynthCoreTrace.lean:2870:0: 'Challenge.Ripemd160.Submission.Proofs.Bytecode.PairedSynthCoreTrace.run_inline79Template_raw' depends on axioms: [propext,
 Quot.sound]
info: Challenge/Ripemd160/Submission/Proofs/Bytecode/PairedSynthCoreTrace.lean:2871:0: 'Challenge.Ripemd160.Submission.Proofs.Bytecode.PairedSynthCoreTrace.run_inline79Template' depends on axioms: [propext,
 Classical.choice,
 Quot.sound]
info: Challenge/Ripemd160/Submission/Proofs/Bytecode/PairedSynthCoreTrace.lean:2887:0: 'Challenge.Ripemd160.Submission.Proofs.Bytecode.PairedSynthCoreTrace.oneRaw_eq_oneWord' depends on axioms: [propext,
 Quot.sound]
info: Challenge/Ripemd160/Submission/Proofs/Bytecode/PairedSynthCoreTrace.lean:2895:0: 'Challenge.Ripemd160.Submission.Proofs.Bytecode.PairedSynthCoreTrace.threeRaw_eq_threeWord' depends on axioms: [propext,
 Quot.sound]
info: Challenge/Ripemd160/Submission/Proofs/Bytecode/PairedSynthCoreTrace.lean:2908:0: 'Challenge.Ripemd160.Submission.Proofs.Bytecode.PairedSynthCoreTrace.oneRaw_eq_rawBoolean' depends on axioms: [propext,
 Classical.choice,
 Quot.sound]
info: Challenge/Ripemd160/Submission/Proofs/Bytecode/PairedSynthCoreTrace.lean:2921:0: 'Challenge.Ripemd160.Submission.Proofs.Bytecode.PairedSynthCoreTrace.threeRaw_eq_inline3Boolean' depends on axioms: [propext,
 Classical.choice,
 Quot.sound]
info: Challenge/Ripemd160/Submission/Proofs/Bytecode/PairedSynthCoreTrace.lean:2959:0: 'Challenge.Ripemd160.Submission.Proofs.Bytecode.PairedSynthCoreTrace.template_length' does not depend on any axioms
info: Challenge/Ripemd160/Submission/Proofs/Bytecode/PairedSynthCoreTrace.lean:2960:0: 'Challenge.Ripemd160.Submission.Proofs.Bytecode.PairedSynthCoreTrace.run_template_raw' depends on axioms: [propext,
 Quot.sound]
info: Challenge/Ripemd160/Submission/Proofs/Bytecode/PairedSynthCoreTrace.lean:2961:0: 'Challenge.Ripemd160.Submission.Proofs.Bytecode.PairedSynthCoreTrace.run_template' depends on axioms: [propext,
 Classical.choice,
 Quot.sound]
info: Challenge/Ripemd160/Submission/Proofs/Bytecode/PairedSynthCoreTrace.lean:3001:0: 'Challenge.Ripemd160.Submission.Proofs.Bytecode.PairedSynthCoreTrace.secondBooleanTemplate_length' does not depend on any axioms
info: Challenge/Ripemd160/Submission/Proofs/Bytecode/PairedSynthCoreTrace.lean:3002:0: 'Challenge.Ripemd160.Submission.Proofs.Bytecode.PairedSynthCoreTrace.run_secondBooleanTemplate_raw' depends on axioms: [propext,
 Quot.sound]
info: Challenge/Ripemd160/Submission/Proofs/Bytecode/PairedSynthCoreTrace.lean:3003:0: 'Challenge.Ripemd160.Submission.Proofs.Bytecode.PairedSynthCoreTrace.run_secondBooleanTemplate' depends on axioms: [propext,
 Classical.choice,
 Quot.sound]
info: Challenge/Ripemd160/Submission/Proofs/Bytecode/PairedSynthCoreTrace.lean:3044:0: 'Challenge.Ripemd160.Submission.Proofs.Bytecode.PairedSynthCoreTrace.firstTTemplate_length' does not depend on any axioms
info: Challenge/Ripemd160/Submission/Proofs/Bytecode/PairedSynthCoreTrace.lean:3045:0: 'Challenge.Ripemd160.Submission.Proofs.Bytecode.PairedSynthCoreTrace.run_firstTTemplate' depends on axioms: [propext,
 Quot.sound]
info: Challenge/Ripemd160/Submission/Proofs/Bytecode/PairedSynthCoreTrace.lean:3085:0: 'Challenge.Ripemd160.Submission.Proofs.Bytecode.PairedSynthCoreTrace.secondTTemplate_length' does not depend on any axioms
info: Challenge/Ripemd160/Submission/Proofs/Bytecode/PairedSynthCoreTrace.lean:3086:0: 'Challenge.Ripemd160.Submission.Proofs.Bytecode.PairedSynthCoreTrace.run_secondTTemplate' depends on axioms: [propext,
 Quot.sound]
info: Challenge/Ripemd160/Submission/Proofs/Bytecode/PairedSynthCoreTrace.lean:3126:0: 'Challenge.Ripemd160.Submission.Proofs.Bytecode.PairedSynthCoreTrace.fullTemplate_length' does not depend on any axioms
info: Challenge/Ripemd160/Submission/Proofs/Bytecode/PairedSynthCoreTrace.lean:3127:0: 'Challenge.Ripemd160.Submission.Proofs.Bytecode.PairedSynthCoreTrace.fullTemplate_byteLength' depends on axioms: [propext]
info: Challenge/Ripemd160/Submission/Proofs/Bytecode/PairedSynthCoreTrace.lean:3128:0: 'Challenge.Ripemd160.Submission.Proofs.Bytecode.PairedSynthCoreTrace.run_fullTemplate' depends on axioms: [propext,
 Classical.choice,
 Quot.sound]
info: Challenge/Ripemd160/Submission/Proofs/Bytecode/PairedSynthCoreTrace.lean:3226:0: 'Challenge.Ripemd160.Submission.Proofs.Bytecode.PairedSynthCoreTrace.fullTemplate_eq_frozenHelper' does not depend on any axioms
info: Challenge/Ripemd160/Submission/Proofs/Bytecode/PairedSynthCoreTrace.lean:3306:0: 'Challenge.Ripemd160.Submission.Proofs.Bytecode.PairedSynthCoreTrace.inline18Template_length' does not depend on any axioms
info: Challenge/Ripemd160/Submission/Proofs/Bytecode/PairedSynthCoreTrace.lean:3307:0: 'Challenge.Ripemd160.Submission.Proofs.Bytecode.PairedSynthCoreTrace.run_inline18Template_raw' depends on axioms: [propext,
 Quot.sound]
info: Challenge/Ripemd160/Submission/Proofs/Bytecode/PairedSynthCoreTrace.lean:3308:0: 'Challenge.Ripemd160.Submission.Proofs.Bytecode.PairedSynthCoreTrace.run_inline18Template' depends on axioms: [propext,
 Classical.choice,
 Quot.sound]
info: Challenge/Ripemd160/Submission/Proofs/Bytecode/PairedSynthCoreTrace.lean:3388:0: 'Challenge.Ripemd160.Submission.Proofs.Bytecode.PairedSynthCoreTrace.inline19Template_length' does not depend on any axioms
info: Challenge/Ripemd160/Submission/Proofs/Bytecode/PairedSynthCoreTrace.lean:3389:0: 'Challenge.Ripemd160.Submission.Proofs.Bytecode.PairedSynthCoreTrace.run_inline19Template_raw' depends on axioms: [propext,
 Quot.sound]
info: Challenge/Ripemd160/Submission/Proofs/Bytecode/PairedSynthCoreTrace.lean:3390:0: 'Challenge.Ripemd160.Submission.Proofs.Bytecode.PairedSynthCoreTrace.run_inline19Template' depends on axioms: [propext,
 Classical.choice,
 Quot.sound]
info: Challenge/Ripemd160/Submission/Proofs/Bytecode/PairedSynthCoreTrace.lean:3474:0: 'Challenge.Ripemd160.Submission.Proofs.Bytecode.PairedSynthCoreTrace.inline24Template_length' does not depend on any axioms
info: Challenge/Ripemd160/Submission/Proofs/Bytecode/PairedSynthCoreTrace.lean:3475:0: 'Challenge.Ripemd160.Submission.Proofs.Bytecode.PairedSynthCoreTrace.run_inline24Template_raw' depends on axioms: [propext,
 Quot.sound]
info: Challenge/Ripemd160/Submission/Proofs/Bytecode/PairedSynthCoreTrace.lean:3476:0: 'Challenge.Ripemd160.Submission.Proofs.Bytecode.PairedSynthCoreTrace.run_inline24Template' depends on axioms: [propext,
 Classical.choice,
 Quot.sound]
info: Challenge/Ripemd160/Submission/Proofs/Bytecode/PairedSynthCoreTrace.lean:3556:0: 'Challenge.Ripemd160.Submission.Proofs.Bytecode.PairedSynthCoreTrace.inline25Template_length' does not depend on any axioms
info: Challenge/Ripemd160/Submission/Proofs/Bytecode/PairedSynthCoreTrace.lean:3557:0: 'Challenge.Ripemd160.Submission.Proofs.Bytecode.PairedSynthCoreTrace.run_inline25Template_raw' depends on axioms: [propext,
 Quot.sound]
info: Challenge/Ripemd160/Submission/Proofs/Bytecode/PairedSynthCoreTrace.lean:3558:0: 'Challenge.Ripemd160.Submission.Proofs.Bytecode.PairedSynthCoreTrace.run_inline25Template' depends on axioms: [propext,
 Classical.choice,
 Quot.sound]
info: Challenge/Ripemd160/Submission/Proofs/Bytecode/PairedSynthCoreTrace.lean:3629:0: 'Challenge.Ripemd160.Submission.Proofs.Bytecode.PairedSynthCoreTrace.inline30Template_length' does not depend on any axioms
info: Challenge/Ripemd160/Submission/Proofs/Bytecode/PairedSynthCoreTrace.lean:3630:0: 'Challenge.Ripemd160.Submission.Proofs.Bytecode.PairedSynthCoreTrace.run_inline30Template_raw' depends on axioms: [propext,
 Quot.sound]
info: Challenge/Ripemd160/Submission/Proofs/Bytecode/PairedSynthCoreTrace.lean:3631:0: 'Challenge.Ripemd160.Submission.Proofs.Bytecode.PairedSynthCoreTrace.run_inline30Template' depends on axioms: [propext,
 Classical.choice,
 Quot.sound]
info: Challenge/Ripemd160/Submission/Proofs/Bytecode/PairedSynthCoreTrace.lean:3711:0: 'Challenge.Ripemd160.Submission.Proofs.Bytecode.PairedSynthCoreTrace.inline31Template_length' does not depend on any axioms
info: Challenge/Ripemd160/Submission/Proofs/Bytecode/PairedSynthCoreTrace.lean:3712:0: 'Challenge.Ripemd160.Submission.Proofs.Bytecode.PairedSynthCoreTrace.run_inline31Template_raw' depends on axioms: [propext,
 Quot.sound]
info: Challenge/Ripemd160/Submission/Proofs/Bytecode/PairedSynthCoreTrace.lean:3713:0: 'Challenge.Ripemd160.Submission.Proofs.Bytecode.PairedSynthCoreTrace.run_inline31Template' depends on axioms: [propext,
 Classical.choice,
 Quot.sound]
info: Challenge/Ripemd160/Submission/Proofs/Bytecode/PairedSynthCoreTrace.lean:3794:0: 'Challenge.Ripemd160.Submission.Proofs.Bytecode.PairedSynthCoreTrace.inline48Template_length' does not depend on any axioms
info: Challenge/Ripemd160/Submission/Proofs/Bytecode/PairedSynthCoreTrace.lean:3795:0: 'Challenge.Ripemd160.Submission.Proofs.Bytecode.PairedSynthCoreTrace.run_inline48Template_raw' depends on axioms: [propext,
 Quot.sound]
info: Challenge/Ripemd160/Submission/Proofs/Bytecode/PairedSynthCoreTrace.lean:3796:0: 'Challenge.Ripemd160.Submission.Proofs.Bytecode.PairedSynthCoreTrace.run_inline48Template' depends on axioms: [propext,
 Classical.choice,
 Quot.sound]
info: Challenge/Ripemd160/Submission/Proofs/Bytecode/PairedSynthCoreTrace.lean:3876:0: 'Challenge.Ripemd160.Submission.Proofs.Bytecode.PairedSynthCoreTrace.inline49Template_length' does not depend on any axioms
info: Challenge/Ripemd160/Submission/Proofs/Bytecode/PairedSynthCoreTrace.lean:3877:0: 'Challenge.Ripemd160.Submission.Proofs.Bytecode.PairedSynthCoreTrace.run_inline49Template_raw' depends on axioms: [propext,
 Quot.sound]
info: Challenge/Ripemd160/Submission/Proofs/Bytecode/PairedSynthCoreTrace.lean:3878:0: 'Challenge.Ripemd160.Submission.Proofs.Bytecode.PairedSynthCoreTrace.run_inline49Template' depends on axioms: [propext,
 Classical.choice,
 Quot.sound]
info: Challenge/Ripemd160/Submission/Proofs/Bytecode/PairedSynthCoreTrace.lean:3958:0: 'Challenge.Ripemd160.Submission.Proofs.Bytecode.PairedSynthCoreTrace.inline50Template_length' does not depend on any axioms
info: Challenge/Ripemd160/Submission/Proofs/Bytecode/PairedSynthCoreTrace.lean:3959:0: 'Challenge.Ripemd160.Submission.Proofs.Bytecode.PairedSynthCoreTrace.run_inline50Template_raw' depends on axioms: [propext,
 Quot.sound]
info: Challenge/Ripemd160/Submission/Proofs/Bytecode/PairedSynthCoreTrace.lean:3960:0: 'Challenge.Ripemd160.Submission.Proofs.Bytecode.PairedSynthCoreTrace.run_inline50Template' depends on axioms: [propext,
 Classical.choice,
 Quot.sound]
info: Challenge/Ripemd160/Submission/Proofs/Bytecode/PairedSynthCoreTrace.lean:4040:0: 'Challenge.Ripemd160.Submission.Proofs.Bytecode.PairedSynthCoreTrace.inline51Template_length' does not depend on any axioms
info: Challenge/Ripemd160/Submission/Proofs/Bytecode/PairedSynthCoreTrace.lean:4041:0: 'Challenge.Ripemd160.Submission.Proofs.Bytecode.PairedSynthCoreTrace.run_inline51Template_raw' depends on axioms: [propext,
 Quot.sound]
info: Challenge/Ripemd160/Submission/Proofs/Bytecode/PairedSynthCoreTrace.lean:4042:0: 'Challenge.Ripemd160.Submission.Proofs.Bytecode.PairedSynthCoreTrace.run_inline51Template' depends on axioms: [propext,
 Classical.choice,
 Quot.sound]
info: Challenge/Ripemd160/Submission/Proofs/Bytecode/PairedSynthCoreTrace.lean:4114:0: 'Challenge.Ripemd160.Submission.Proofs.Bytecode.PairedSynthCoreTrace.inline52Template_length' does not depend on any axioms
info: Challenge/Ripemd160/Submission/Proofs/Bytecode/PairedSynthCoreTrace.lean:4115:0: 'Challenge.Ripemd160.Submission.Proofs.Bytecode.PairedSynthCoreTrace.run_inline52Template_raw' depends on axioms: [propext,
 Quot.sound]
info: Challenge/Ripemd160/Submission/Proofs/Bytecode/PairedSynthCoreTrace.lean:4116:0: 'Challenge.Ripemd160.Submission.Proofs.Bytecode.PairedSynthCoreTrace.run_inline52Template' depends on axioms: [propext,
 Classical.choice,
 Quot.sound]
info: Challenge/Ripemd160/Submission/Proofs/Bytecode/PairedSynthCoreTrace.lean:4196:0: 'Challenge.Ripemd160.Submission.Proofs.Bytecode.PairedSynthCoreTrace.inline53Template_length' does not depend on any axioms
info: Challenge/Ripemd160/Submission/Proofs/Bytecode/PairedSynthCoreTrace.lean:4197:0: 'Challenge.Ripemd160.Submission.Proofs.Bytecode.PairedSynthCoreTrace.run_inline53Template_raw' depends on axioms: [propext,
 Quot.sound]
info: Challenge/Ripemd160/Submission/Proofs/Bytecode/PairedSynthCoreTrace.lean:4198:0: 'Challenge.Ripemd160.Submission.Proofs.Bytecode.PairedSynthCoreTrace.run_inline53Template' depends on axioms: [propext,
 Classical.choice,
 Quot.sound]
info: Challenge/Ripemd160/Submission/Proofs/Bytecode/PairedSynthCoreTrace.lean:4278:0: 'Challenge.Ripemd160.Submission.Proofs.Bytecode.PairedSynthCoreTrace.inline54Template_length' does not depend on any axioms
info: Challenge/Ripemd160/Submission/Proofs/Bytecode/PairedSynthCoreTrace.lean:4279:0: 'Challenge.Ripemd160.Submission.Proofs.Bytecode.PairedSynthCoreTrace.run_inline54Template_raw' depends on axioms: [propext,
 Quot.sound]
info: Challenge/Ripemd160/Submission/Proofs/Bytecode/PairedSynthCoreTrace.lean:4280:0: 'Challenge.Ripemd160.Submission.Proofs.Bytecode.PairedSynthCoreTrace.run_inline54Template' depends on axioms: [propext,
 Classical.choice,
 Quot.sound]
info: Challenge/Ripemd160/Submission/Proofs/Bytecode/PairedSynthCoreTrace.lean:4361:0: 'Challenge.Ripemd160.Submission.Proofs.Bytecode.PairedSynthCoreTrace.inline55Template_length' does not depend on any axioms
info: Challenge/Ripemd160/Submission/Proofs/Bytecode/PairedSynthCoreTrace.lean:4362:0: 'Challenge.Ripemd160.Submission.Proofs.Bytecode.PairedSynthCoreTrace.run_inline55Template_raw' depends on axioms: [propext,
 Quot.sound]
info: Challenge/Ripemd160/Submission/Proofs/Bytecode/PairedSynthCoreTrace.lean:4363:0: 'Challenge.Ripemd160.Submission.Proofs.Bytecode.PairedSynthCoreTrace.run_inline55Template' depends on axioms: [propext,
 Classical.choice,
 Quot.sound]
info: Challenge/Ripemd160/Submission/Proofs/Bytecode/PairedSynthCoreTrace.lean:4443:0: 'Challenge.Ripemd160.Submission.Proofs.Bytecode.PairedSynthCoreTrace.inline56Template_length' does not depend on any axioms
info: Challenge/Ripemd160/Submission/Proofs/Bytecode/PairedSynthCoreTrace.lean:4444:0: 'Challenge.Ripemd160.Submission.Proofs.Bytecode.PairedSynthCoreTrace.run_inline56Template_raw' depends on axioms: [propext,
 Quot.sound]
info: Challenge/Ripemd160/Submission/Proofs/Bytecode/PairedSynthCoreTrace.lean:4445:0: 'Challenge.Ripemd160.Submission.Proofs.Bytecode.PairedSynthCoreTrace.run_inline56Template' depends on axioms: [propext,
 Classical.choice,
 Quot.sound]
info: Challenge/Ripemd160/Submission/Proofs/Bytecode/PairedSynthCoreTrace.lean:4525:0: 'Challenge.Ripemd160.Submission.Proofs.Bytecode.PairedSynthCoreTrace.inline57Template_length' does not depend on any axioms
info: Challenge/Ripemd160/Submission/Proofs/Bytecode/PairedSynthCoreTrace.lean:4526:0: 'Challenge.Ripemd160.Submission.Proofs.Bytecode.PairedSynthCoreTrace.run_inline57Template_raw' depends on axioms: [propext,
 Quot.sound]
info: Challenge/Ripemd160/Submission/Proofs/Bytecode/PairedSynthCoreTrace.lean:4527:0: 'Challenge.Ripemd160.Submission.Proofs.Bytecode.PairedSynthCoreTrace.run_inline57Template' depends on axioms: [propext,
 Classical.choice,
 Quot.sound]
info: Challenge/Ripemd160/Submission/Proofs/Bytecode/PairedSynthCoreTrace.lean:4608:0: 'Challenge.Ripemd160.Submission.Proofs.Bytecode.PairedSynthCoreTrace.inline58Template_length' does not depend on any axioms
info: Challenge/Ripemd160/Submission/Proofs/Bytecode/PairedSynthCoreTrace.lean:4609:0: 'Challenge.Ripemd160.Submission.Proofs.Bytecode.PairedSynthCoreTrace.run_inline58Template_raw' depends on axioms: [propext,
 Quot.sound]
info: Challenge/Ripemd160/Submission/Proofs/Bytecode/PairedSynthCoreTrace.lean:4610:0: 'Challenge.Ripemd160.Submission.Proofs.Bytecode.PairedSynthCoreTrace.run_inline58Template' depends on axioms: [propext,
 Classical.choice,
 Quot.sound]
info: Challenge/Ripemd160/Submission/Proofs/Bytecode/PairedSynthCoreTrace.lean:4691:0: 'Challenge.Ripemd160.Submission.Proofs.Bytecode.PairedSynthCoreTrace.inline59Template_length' does not depend on any axioms
info: Challenge/Ripemd160/Submission/Proofs/Bytecode/PairedSynthCoreTrace.lean:4692:0: 'Challenge.Ripemd160.Submission.Proofs.Bytecode.PairedSynthCoreTrace.run_inline59Template_raw' depends on axioms: [propext,
 Quot.sound]
info: Challenge/Ripemd160/Submission/Proofs/Bytecode/PairedSynthCoreTrace.lean:4693:0: 'Challenge.Ripemd160.Submission.Proofs.Bytecode.PairedSynthCoreTrace.run_inline59Template' depends on axioms: [propext,
 Classical.choice,
 Quot.sound]
info: Challenge/Ripemd160/Submission/Proofs/Bytecode/PairedSynthCoreTrace.lean:4774:0: 'Challenge.Ripemd160.Submission.Proofs.Bytecode.PairedSynthCoreTrace.inline60Template_length' does not depend on any axioms
info: Challenge/Ripemd160/Submission/Proofs/Bytecode/PairedSynthCoreTrace.lean:4775:0: 'Challenge.Ripemd160.Submission.Proofs.Bytecode.PairedSynthCoreTrace.run_inline60Template_raw' depends on axioms: [propext,
 Quot.sound]
info: Challenge/Ripemd160/Submission/Proofs/Bytecode/PairedSynthCoreTrace.lean:4776:0: 'Challenge.Ripemd160.Submission.Proofs.Bytecode.PairedSynthCoreTrace.run_inline60Template' depends on axioms: [propext,
 Classical.choice,
 Quot.sound]
info: Challenge/Ripemd160/Submission/Proofs/Bytecode/PairedSynthCoreTrace.lean:4856:0: 'Challenge.Ripemd160.Submission.Proofs.Bytecode.PairedSynthCoreTrace.inline61Template_length' does not depend on any axioms
info: Challenge/Ripemd160/Submission/Proofs/Bytecode/PairedSynthCoreTrace.lean:4857:0: 'Challenge.Ripemd160.Submission.Proofs.Bytecode.PairedSynthCoreTrace.run_inline61Template_raw' depends on axioms: [propext,
 Quot.sound]
info: Challenge/Ripemd160/Submission/Proofs/Bytecode/PairedSynthCoreTrace.lean:4858:0: 'Challenge.Ripemd160.Submission.Proofs.Bytecode.PairedSynthCoreTrace.run_inline61Template' depends on axioms: [propext,
 Classical.choice,
 Quot.sound]
info: Challenge/Ripemd160/Submission/Proofs/Bytecode/PairedSynthCoreTrace.lean:4939:0: 'Challenge.Ripemd160.Submission.Proofs.Bytecode.PairedSynthCoreTrace.inline62Template_length' does not depend on any axioms
info: Challenge/Ripemd160/Submission/Proofs/Bytecode/PairedSynthCoreTrace.lean:4940:0: 'Challenge.Ripemd160.Submission.Proofs.Bytecode.PairedSynthCoreTrace.run_inline62Template_raw' depends on axioms: [propext,
 Quot.sound]
info: Challenge/Ripemd160/Submission/Proofs/Bytecode/PairedSynthCoreTrace.lean:4941:0: 'Challenge.Ripemd160.Submission.Proofs.Bytecode.PairedSynthCoreTrace.run_inline62Template' depends on axioms: [propext,
 Classical.choice,
 Quot.sound]
info: Challenge/Ripemd160/Submission/Proofs/Bytecode/PairedSynthCoreTrace.lean:5021:0: 'Challenge.Ripemd160.Submission.Proofs.Bytecode.PairedSynthCoreTrace.inline63Template_length' does not depend on any axioms
info: Challenge/Ripemd160/Submission/Proofs/Bytecode/PairedSynthCoreTrace.lean:5022:0: 'Challenge.Ripemd160.Submission.Proofs.Bytecode.PairedSynthCoreTrace.run_inline63Template_raw' depends on axioms: [propext,
 Quot.sound]
info: Challenge/Ripemd160/Submission/Proofs/Bytecode/PairedSynthCoreTrace.lean:5023:0: 'Challenge.Ripemd160.Submission.Proofs.Bytecode.PairedSynthCoreTrace.run_inline63Template' depends on axioms: [propext,
 Classical.choice,
 Quot.sound]
info: Challenge/Ripemd160/Submission/Proofs/Bytecode/PairedSynthCoreTrace.lean:5043:0: 'Challenge.Ripemd160.Submission.Proofs.Bytecode.PairedSynthCoreTrace.rawSum_hoisted' depends on axioms: [propext,
 Quot.sound]
info: Challenge/Ripemd160/Submission/Proofs/Bytecode/PairedSynthCoreTrace.lean:5108:0: 'Challenge.Ripemd160.Submission.Proofs.Bytecode.PairedSynthCoreTrace.scaledT_hoisted_low' depends on axioms: [propext,
 Quot.sound]
info: Challenge/Ripemd160/Submission/Proofs/Bytecode/PairedSynthCoreTrace.lean:5109:0: 'Challenge.Ripemd160.Submission.Proofs.Bytecode.PairedSynthCoreTrace.scaledT_hoisted_high' depends on axioms: [propext,
 Quot.sound]
info: Challenge/Ripemd160/Submission/Proofs/Bytecode/PairedSynthCoreTrace.lean:5110:0: 'Challenge.Ripemd160.Submission.Proofs.Bytecode.PairedSynthCoreTrace.scaledOneT_hoisted_low' depends on axioms: [propext,
 Quot.sound]
info: Challenge/Ripemd160/Submission/Proofs/Bytecode/PairedSynthCoreTrace.lean:5111:0: 'Challenge.Ripemd160.Submission.Proofs.Bytecode.PairedSynthCoreTrace.scaledOneT_hoisted_high' depends on axioms: [propext,
 Quot.sound]
info: Challenge/Ripemd160/Submission/Proofs/Bytecode/PairedSynthCoreTrace.lean:5112:0: 'Challenge.Ripemd160.Submission.Proofs.Bytecode.PairedSynthCoreTrace.singleT_hoisted' depends on axioms: [propext,
 Quot.sound]
info: Challenge/Ripemd160/Submission/Proofs/Bytecode/PairedSynthCoreTrace.lean:5177:0: 'Challenge.Ripemd160.Submission.Proofs.Bytecode.PairedSynthCoreTrace.inline32Template_length' does not depend on any axioms
info: Challenge/Ripemd160/Submission/Proofs/Bytecode/PairedSynthCoreTrace.lean:5178:0: 'Challenge.Ripemd160.Submission.Proofs.Bytecode.PairedSynthCoreTrace.run_inline32Template' depends on axioms: [propext,
 Quot.sound]
info: Challenge/Ripemd160/Submission/Proofs/Bytecode/PairedSynthCoreTrace.lean:5245:0: 'Challenge.Ripemd160.Submission.Proofs.Bytecode.PairedSynthCoreTrace.inline33Template_length' does not depend on any axioms
info: Challenge/Ripemd160/Submission/Proofs/Bytecode/PairedSynthCoreTrace.lean:5246:0: 'Challenge.Ripemd160.Submission.Proofs.Bytecode.PairedSynthCoreTrace.run_inline33Template' depends on axioms: [propext,
 Quot.sound]
info: Challenge/Ripemd160/Submission/Proofs/Bytecode/PairedSynthCoreTrace.lean:5314:0: 'Challenge.Ripemd160.Submission.Proofs.Bytecode.PairedSynthCoreTrace.inline34Template_length' does not depend on any axioms
info: Challenge/Ripemd160/Submission/Proofs/Bytecode/PairedSynthCoreTrace.lean:5315:0: 'Challenge.Ripemd160.Submission.Proofs.Bytecode.PairedSynthCoreTrace.run_inline34Template' depends on axioms: [propext,
 Quot.sound]
info: Challenge/Ripemd160/Submission/Proofs/Bytecode/PairedSynthCoreTrace.lean:5383:0: 'Challenge.Ripemd160.Submission.Proofs.Bytecode.PairedSynthCoreTrace.inline35Template_length' does not depend on any axioms
info: Challenge/Ripemd160/Submission/Proofs/Bytecode/PairedSynthCoreTrace.lean:5384:0: 'Challenge.Ripemd160.Submission.Proofs.Bytecode.PairedSynthCoreTrace.run_inline35Template' depends on axioms: [propext,
 Quot.sound]
info: Challenge/Ripemd160/Submission/Proofs/Bytecode/PairedSynthCoreTrace.lean:5451:0: 'Challenge.Ripemd160.Submission.Proofs.Bytecode.PairedSynthCoreTrace.inline36Template_length' does not depend on any axioms
info: Challenge/Ripemd160/Submission/Proofs/Bytecode/PairedSynthCoreTrace.lean:5452:0: 'Challenge.Ripemd160.Submission.Proofs.Bytecode.PairedSynthCoreTrace.run_inline36Template' depends on axioms: [propext,
 Quot.sound]
info: Challenge/Ripemd160/Submission/Proofs/Bytecode/PairedSynthCoreTrace.lean:5519:0: 'Challenge.Ripemd160.Submission.Proofs.Bytecode.PairedSynthCoreTrace.inline37Template_length' does not depend on any axioms
info: Challenge/Ripemd160/Submission/Proofs/Bytecode/PairedSynthCoreTrace.lean:5520:0: 'Challenge.Ripemd160.Submission.Proofs.Bytecode.PairedSynthCoreTrace.run_inline37Template' depends on axioms: [propext,
 Quot.sound]
info: Challenge/Ripemd160/Submission/Proofs/Bytecode/PairedSynthCoreTrace.lean:5587:0: 'Challenge.Ripemd160.Submission.Proofs.Bytecode.PairedSynthCoreTrace.inline38Template_length' does not depend on any axioms
info: Challenge/Ripemd160/Submission/Proofs/Bytecode/PairedSynthCoreTrace.lean:5588:0: 'Challenge.Ripemd160.Submission.Proofs.Bytecode.PairedSynthCoreTrace.run_inline38Template' depends on axioms: [propext,
 Quot.sound]
info: Challenge/Ripemd160/Submission/Proofs/Bytecode/PairedSynthCoreTrace.lean:5655:0: 'Challenge.Ripemd160.Submission.Proofs.Bytecode.PairedSynthCoreTrace.inline39Template_length' does not depend on any axioms
info: Challenge/Ripemd160/Submission/Proofs/Bytecode/PairedSynthCoreTrace.lean:5656:0: 'Challenge.Ripemd160.Submission.Proofs.Bytecode.PairedSynthCoreTrace.run_inline39Template' depends on axioms: [propext,
 Quot.sound]
info: Challenge/Ripemd160/Submission/Proofs/Bytecode/PairedSynthCoreTrace.lean:5723:0: 'Challenge.Ripemd160.Submission.Proofs.Bytecode.PairedSynthCoreTrace.inline40Template_length' does not depend on any axioms
info: Challenge/Ripemd160/Submission/Proofs/Bytecode/PairedSynthCoreTrace.lean:5724:0: 'Challenge.Ripemd160.Submission.Proofs.Bytecode.PairedSynthCoreTrace.run_inline40Template' depends on axioms: [propext,
 Quot.sound]
info: Challenge/Ripemd160/Submission/Proofs/Bytecode/PairedSynthCoreTrace.lean:5792:0: 'Challenge.Ripemd160.Submission.Proofs.Bytecode.PairedSynthCoreTrace.inline41Template_length' does not depend on any axioms
info: Challenge/Ripemd160/Submission/Proofs/Bytecode/PairedSynthCoreTrace.lean:5793:0: 'Challenge.Ripemd160.Submission.Proofs.Bytecode.PairedSynthCoreTrace.run_inline41Template' depends on axioms: [propext,
 Quot.sound]
info: Challenge/Ripemd160/Submission/Proofs/Bytecode/PairedSynthCoreTrace.lean:5860:0: 'Challenge.Ripemd160.Submission.Proofs.Bytecode.PairedSynthCoreTrace.inline42Template_length' does not depend on any axioms
info: Challenge/Ripemd160/Submission/Proofs/Bytecode/PairedSynthCoreTrace.lean:5861:0: 'Challenge.Ripemd160.Submission.Proofs.Bytecode.PairedSynthCoreTrace.run_inline42Template' depends on axioms: [propext,
 Quot.sound]
info: Challenge/Ripemd160/Submission/Proofs/Bytecode/PairedSynthCoreTrace.lean:5929:0: 'Challenge.Ripemd160.Submission.Proofs.Bytecode.PairedSynthCoreTrace.inline43Template_length' does not depend on any axioms
info: Challenge/Ripemd160/Submission/Proofs/Bytecode/PairedSynthCoreTrace.lean:5930:0: 'Challenge.Ripemd160.Submission.Proofs.Bytecode.PairedSynthCoreTrace.run_inline43Template' depends on axioms: [propext,
 Quot.sound]
info: Challenge/Ripemd160/Submission/Proofs/Bytecode/PairedSynthCoreTrace.lean:5998:0: 'Challenge.Ripemd160.Submission.Proofs.Bytecode.PairedSynthCoreTrace.inline44Template_length' does not depend on any axioms
info: Challenge/Ripemd160/Submission/Proofs/Bytecode/PairedSynthCoreTrace.lean:5999:0: 'Challenge.Ripemd160.Submission.Proofs.Bytecode.PairedSynthCoreTrace.run_inline44Template' depends on axioms: [propext,
 Quot.sound]
info: Challenge/Ripemd160/Submission/Proofs/Bytecode/PairedSynthCoreTrace.lean:6067:0: 'Challenge.Ripemd160.Submission.Proofs.Bytecode.PairedSynthCoreTrace.inline45Template_length' does not depend on any axioms
info: Challenge/Ripemd160/Submission/Proofs/Bytecode/PairedSynthCoreTrace.lean:6068:0: 'Challenge.Ripemd160.Submission.Proofs.Bytecode.PairedSynthCoreTrace.run_inline45Template' depends on axioms: [propext,
 Quot.sound]
info: Challenge/Ripemd160/Submission/Proofs/Bytecode/PairedSynthCoreTrace.lean:6127:0: 'Challenge.Ripemd160.Submission.Proofs.Bytecode.PairedSynthCoreTrace.inline46Template_length' does not depend on any axioms
info: Challenge/Ripemd160/Submission/Proofs/Bytecode/PairedSynthCoreTrace.lean:6128:0: 'Challenge.Ripemd160.Submission.Proofs.Bytecode.PairedSynthCoreTrace.run_inline46Template' depends on axioms: [propext,
 Quot.sound]
info: Challenge/Ripemd160/Submission/Proofs/Bytecode/PairedSynthCoreTrace.lean:6187:0: 'Challenge.Ripemd160.Submission.Proofs.Bytecode.PairedSynthCoreTrace.inline47Template_length' does not depend on any axioms
info: Challenge/Ripemd160/Submission/Proofs/Bytecode/PairedSynthCoreTrace.lean:6188:0: 'Challenge.Ripemd160.Submission.Proofs.Bytecode.PairedSynthCoreTrace.run_inline47Template' depends on axioms: [propext,
 Quot.sound]
info: Challenge/Ripemd160/Submission/Proofs/Bytecode/PairedSynthCoreTrace.lean:6212:0: 'Challenge.Ripemd160.Submission.Proofs.Bytecode.PairedSynthCoreTrace.hoistedWordStep_of_crypto' depends on axioms: [propext,
 Classical.choice,
 Quot.sound]
info: Challenge/Ripemd160/Submission/Proofs/Bytecode/PairedSynthCoreTrace.lean:6251:0: 'Challenge.Ripemd160.Submission.Proofs.Bytecode.PairedSynthCoreTrace.hoistedWordFold_crypto' depends on axioms: [propext,
 Classical.choice,
 Quot.sound]
info: Challenge/Ripemd160/Submission/Proofs/Bytecode/PairedSynthCoreTrace.lean:6270:0: 'Challenge.Ripemd160.Submission.Proofs.Bytecode.PairedSynthCoreTrace.hoistedWordFold_add' depends on axioms: [propext,
 Quot.sound]
info: Challenge/Ripemd160/Submission/Proofs/Bytecode/PairedSynthCoreTrace.lean:6291:0: 'Challenge.Ripemd160.Submission.Proofs.Bytecode.PairedSynthCoreTrace.hoistedWordFold_congr' depends on axioms: [propext,
 Quot.sound]
info: Challenge/Ripemd160/Submission/Proofs/Bytecode/PairedSynthCoreTrace.lean:6300:0: 'Challenge.Ripemd160.Submission.Proofs.Bytecode.PairedSynthCoreTrace.physicalKey_two' depends on axioms: [propext,
 Quot.sound]
info: Challenge/Ripemd160/Submission/Proofs/Bytecode/PairedSynthCoreTrace.lean:6321:0: 'Challenge.Ripemd160.Submission.Proofs.Bytecode.PairedSynthCoreTrace.hoistedAlgorithmFold_succ' depends on axioms: [propext,
 Quot.sound]
info: Challenge/Ripemd160/Submission/Proofs/Bytecode/PairedSynthCoreTrace.lean:6358:0: 'Challenge.Ripemd160.Submission.Proofs.Bytecode.PairedSynthCoreTrace.hoistedAlgorithmFold_crypto' depends on axioms: [propext,
 Classical.choice,
 Quot.sound]
info: Challenge/Ripemd160/Submission/Proofs/Bytecode/PairedSynthCoreTrace.lean:6457:0: 'Challenge.Ripemd160.Submission.Proofs.Bytecode.PairedSynthCoreTrace.call16Template_length' does not depend on any axioms
info: Challenge/Ripemd160/Submission/Proofs/Bytecode/PairedSynthCoreTrace.lean:6458:0: 'Challenge.Ripemd160.Submission.Proofs.Bytecode.PairedSynthCoreTrace.run_call16Template' depends on axioms: [propext,
 Quot.sound]
info: Challenge/Ripemd160/Submission/Proofs/Bytecode/PairedSynthCoreTrace.lean:6459:0: 'Challenge.Ripemd160.Submission.Proofs.Bytecode.PairedSynthCoreTrace.call28Template_length' does not depend on any axioms
info: Challenge/Ripemd160/Submission/Proofs/Bytecode/PairedSynthCoreTrace.lean:6460:0: 'Challenge.Ripemd160.Submission.Proofs.Bytecode.PairedSynthCoreTrace.run_call28Template' depends on axioms: [propext,
 Quot.sound]
info: Challenge/Ripemd160/Submission/Proofs/Bytecode/PairedSynthCoreTrace.lean:6485:0: 'Challenge.Ripemd160.Submission.Proofs.Bytecode.PairedSynthCoreTrace.run_group32Template' depends on axioms: [propext,
 Quot.sound]
info: Challenge/Ripemd160/Submission/Proofs/Bytecode/PairedSynthCoreTrace.lean:6534:0: 'Challenge.Ripemd160.Submission.Proofs.Bytecode.PairedSynthCoreTrace.CoreChain.run' depends on axioms: [propext,
 Quot.sound]
info: Challenge/Ripemd160/Submission/Proofs/Bytecode/PairedSynthCoreTrace.lean:6575:0: 'Challenge.Ripemd160.Submission.Proofs.Bytecode.PairedSynthCoreTrace.CoreEvalCert.sound' depends on axioms: [propext,
 Quot.sound]
info: Challenge/Ripemd160/Submission/Proofs/Bytecode/PairedSynthCoreTrace.lean:6583:0: 'Challenge.Ripemd160.Submission.Proofs.Bytecode.PairedSynthCoreTrace.fullTemplate_terminal_advances' depends on axioms: [propext,
 Quot.sound]
info: Challenge/Ripemd160/Submission/Proofs/Bytecode/PairedSynthCoreTrace.lean:6649:0: 'Challenge.Ripemd160.Submission.Proofs.Bytecode.PairedSynthCoreTrace.inline0Template_terminal_advances' depends on axioms: [propext,
 Quot.sound]
info: Challenge/Ripemd160/Submission/Proofs/Bytecode/PairedSynthCoreTrace.lean:6750:0: 'Challenge.Ripemd160.Submission.Proofs.Bytecode.PairedSynthCoreTrace.inline20Template_terminal_advances' depends on axioms: [propext,
 Quot.sound]
info: Challenge/Ripemd160/Submission/Proofs/Bytecode/PairedSynthCoreTrace.lean:6756:0: 'Challenge.Ripemd160.Submission.Proofs.Bytecode.PairedSynthCoreTrace.inline21Template_terminal_advances' depends on axioms: [propext,
 Quot.sound]
info: Challenge/Ripemd160/Submission/Proofs/Bytecode/PairedSynthCoreTrace.lean:6762:0: 'Challenge.Ripemd160.Submission.Proofs.Bytecode.PairedSynthCoreTrace.inline22Template_terminal_advances' depends on axioms: [propext,
 Quot.sound]
info: Challenge/Ripemd160/Submission/Proofs/Bytecode/PairedSynthCoreTrace.lean:6768:0: 'Challenge.Ripemd160.Submission.Proofs.Bytecode.PairedSynthCoreTrace.inline23Template_terminal_advances' depends on axioms: [propext,
 Quot.sound]
info: Challenge/Ripemd160/Submission/Proofs/Bytecode/PairedSynthCoreTrace.lean:6784:0: 'Challenge.Ripemd160.Submission.Proofs.Bytecode.PairedSynthCoreTrace.inline26Template_terminal_advances' depends on axioms: [propext,
 Quot.sound]
info: Challenge/Ripemd160/Submission/Proofs/Bytecode/PairedSynthCoreTrace.lean:6790:0: 'Challenge.Ripemd160.Submission.Proofs.Bytecode.PairedSynthCoreTrace.inline27Template_terminal_advances' depends on axioms: [propext,
 Quot.sound]
info: Challenge/Ripemd160/Submission/Proofs/Bytecode/PairedSynthCoreTrace.lean:7163:0: 'Challenge.Ripemd160.Submission.Proofs.Bytecode.PairedSynthCoreTrace.call16Template_terminal_advances' depends on axioms: [propext,
 Quot.sound]
info: Challenge/Ripemd160/Submission/Proofs/Bytecode/PairedSynthCoreTrace.lean:7164:0: 'Challenge.Ripemd160.Submission.Proofs.Bytecode.PairedSynthCoreTrace.CoreGasBlock.of_site' depends on axioms: [propext,
 Classical.choice,
 Quot.sound]
info: Challenge/Ripemd160/Submission/Proofs/Bytecode/PairedSynthCoreTrace.lean:7165:0: 'Challenge.Ripemd160.Submission.Proofs.Bytecode.PairedSynthCoreTrace.CoreGasChain.run' depends on axioms: [propext,
 Classical.choice,
 Quot.sound]
info: Challenge/Ripemd160/Submission/Proofs/Bytecode/PairedSynthCoreTrace.lean:7166:0: 'Challenge.Ripemd160.Submission.Proofs.Bytecode.PairedSynthCoreTrace.group0Template_terminal_advances' depends on axioms: [propext,
 Quot.sound]
info: Challenge/Ripemd160/Submission/Proofs/Bytecode/PairedSynthCoreTrace.lean:7167:0: 'Challenge.Ripemd160.Submission.Proofs.Bytecode.PairedSynthCoreTrace.inline1Template_terminal_advances' depends on axioms: [propext,
 Quot.sound]
info: Challenge/Ripemd160/Submission/Proofs/Bytecode/PairedSynthCoreTrace.lean:7168:0: 'Challenge.Ripemd160.Submission.Proofs.Bytecode.PairedSynthCoreTrace.inline2Template_terminal_advances' depends on axioms: [propext,
 Quot.sound]
info: Challenge/Ripemd160/Submission/Proofs/Bytecode/PairedSynthCoreTrace.lean:7169:0: 'Challenge.Ripemd160.Submission.Proofs.Bytecode.PairedSynthCoreTrace.inline3Template_terminal_advances' depends on axioms: [propext,
 Quot.sound]
info: Challenge/Ripemd160/Submission/Proofs/Bytecode/PairedSynthCoreTrace.lean:7170:0: 'Challenge.Ripemd160.Submission.Proofs.Bytecode.PairedSynthCoreTrace.inline4Template_terminal_advances' depends on axioms: [propext,
 Quot.sound]
info: Challenge/Ripemd160/Submission/Proofs/Bytecode/PairedSynthCoreTrace.lean:7171:0: 'Challenge.Ripemd160.Submission.Proofs.Bytecode.PairedSynthCoreTrace.inline5Template_terminal_advances' depends on axioms: [propext,
 Quot.sound]
info: Challenge/Ripemd160/Submission/Proofs/Bytecode/PairedSynthCoreTrace.lean:7172:0: 'Challenge.Ripemd160.Submission.Proofs.Bytecode.PairedSynthCoreTrace.inline6Template_terminal_advances' depends on axioms: [propext,
 Quot.sound]
info: Challenge/Ripemd160/Submission/Proofs/Bytecode/PairedSynthCoreTrace.lean:7173:0: 'Challenge.Ripemd160.Submission.Proofs.Bytecode.PairedSynthCoreTrace.inline7Template_terminal_advances' depends on axioms: [propext,
 Quot.sound]
info: Challenge/Ripemd160/Submission/Proofs/Bytecode/PairedSynthCoreTrace.lean:7174:0: 'Challenge.Ripemd160.Submission.Proofs.Bytecode.PairedSynthCoreTrace.inline8Template_terminal_advances' depends on axioms: [propext,
 Quot.sound]
info: Challenge/Ripemd160/Submission/Proofs/Bytecode/PairedSynthCoreTrace.lean:7175:0: 'Challenge.Ripemd160.Submission.Proofs.Bytecode.PairedSynthCoreTrace.inline9Template_terminal_advances' depends on axioms: [propext,
 Quot.sound]
info: Challenge/Ripemd160/Submission/Proofs/Bytecode/PairedSynthCoreTrace.lean:7176:0: 'Challenge.Ripemd160.Submission.Proofs.Bytecode.PairedSynthCoreTrace.inline10Template_terminal_advances' depends on axioms: [propext,
 Quot.sound]
info: Challenge/Ripemd160/Submission/Proofs/Bytecode/PairedSynthCoreTrace.lean:7177:0: 'Challenge.Ripemd160.Submission.Proofs.Bytecode.PairedSynthCoreTrace.inline11Template_terminal_advances' depends on axioms: [propext,
 Quot.sound]
info: Challenge/Ripemd160/Submission/Proofs/Bytecode/PairedSynthCoreTrace.lean:7178:0: 'Challenge.Ripemd160.Submission.Proofs.Bytecode.PairedSynthCoreTrace.inline12Template_terminal_advances' depends on axioms: [propext,
 Quot.sound]
info: Challenge/Ripemd160/Submission/Proofs/Bytecode/PairedSynthCoreTrace.lean:7179:0: 'Challenge.Ripemd160.Submission.Proofs.Bytecode.PairedSynthCoreTrace.inline13Template_terminal_advances' depends on axioms: [propext,
 Quot.sound]
info: Challenge/Ripemd160/Submission/Proofs/Bytecode/PairedSynthCoreTrace.lean:7180:0: 'Challenge.Ripemd160.Submission.Proofs.Bytecode.PairedSynthCoreTrace.inline14Template_terminal_advances' depends on axioms: [propext,
 Quot.sound]
info: Challenge/Ripemd160/Submission/Proofs/Bytecode/PairedSynthCoreTrace.lean:7181:0: 'Challenge.Ripemd160.Submission.Proofs.Bytecode.PairedSynthCoreTrace.inline15Template_terminal_advances' depends on axioms: [propext,
 Quot.sound]
info: Challenge/Ripemd160/Submission/Proofs/Bytecode/PairedSynthCoreTrace.lean:7182:0: 'Challenge.Ripemd160.Submission.Proofs.Bytecode.PairedSynthCoreTrace.group16Template_terminal_advances' depends on axioms: [propext,
 Quot.sound]
info: Challenge/Ripemd160/Submission/Proofs/Bytecode/PairedSynthCoreTrace.lean:7183:0: 'Challenge.Ripemd160.Submission.Proofs.Bytecode.PairedSynthCoreTrace.return18Template_terminal_advances' depends on axioms: [propext,
 Quot.sound]
info: Challenge/Ripemd160/Submission/Proofs/Bytecode/PairedSynthCoreTrace.lean:7184:0: 'Challenge.Ripemd160.Submission.Proofs.Bytecode.PairedSynthCoreTrace.inline18Template_terminal_advances' depends on axioms: [propext,
 Quot.sound]
info: Challenge/Ripemd160/Submission/Proofs/Bytecode/PairedSynthCoreTrace.lean:7185:0: 'Challenge.Ripemd160.Submission.Proofs.Bytecode.PairedSynthCoreTrace.inline19Template_terminal_advances' depends on axioms: [propext,
 Quot.sound]
info: Challenge/Ripemd160/Submission/Proofs/Bytecode/PairedSynthCoreTrace.lean:7186:0: 'Challenge.Ripemd160.Submission.Proofs.Bytecode.PairedSynthCoreTrace.inline24Template_terminal_advances' depends on axioms: [propext,
 Quot.sound]
info: Challenge/Ripemd160/Submission/Proofs/Bytecode/PairedSynthCoreTrace.lean:7187:0: 'Challenge.Ripemd160.Submission.Proofs.Bytecode.PairedSynthCoreTrace.inline25Template_terminal_advances' depends on axioms: [propext,
 Quot.sound]
info: Challenge/Ripemd160/Submission/Proofs/Bytecode/PairedSynthCoreTrace.lean:7188:0: 'Challenge.Ripemd160.Submission.Proofs.Bytecode.PairedSynthCoreTrace.call28Template_terminal_advances' depends on axioms: [propext,
 Quot.sound]
info: Challenge/Ripemd160/Submission/Proofs/Bytecode/PairedSynthCoreTrace.lean:7189:0: 'Challenge.Ripemd160.Submission.Proofs.Bytecode.PairedSynthCoreTrace.return30Template_terminal_advances' depends on axioms: [propext,
 Quot.sound]
info: Challenge/Ripemd160/Submission/Proofs/Bytecode/PairedSynthCoreTrace.lean:7190:0: 'Challenge.Ripemd160.Submission.Proofs.Bytecode.PairedSynthCoreTrace.inline30Template_terminal_advances' depends on axioms: [propext,
 Quot.sound]
info: Challenge/Ripemd160/Submission/Proofs/Bytecode/PairedSynthCoreTrace.lean:7191:0: 'Challenge.Ripemd160.Submission.Proofs.Bytecode.PairedSynthCoreTrace.inline31Template_terminal_advances' depends on axioms: [propext,
 Quot.sound]
info: Challenge/Ripemd160/Submission/Proofs/Bytecode/PairedSynthCoreTrace.lean:7192:0: 'Challenge.Ripemd160.Submission.Proofs.Bytecode.PairedSynthCoreTrace.group32Template_terminal_advances' depends on axioms: [propext,
 Quot.sound]
info: Challenge/Ripemd160/Submission/Proofs/Bytecode/PairedSynthCoreTrace.lean:7193:0: 'Challenge.Ripemd160.Submission.Proofs.Bytecode.PairedSynthCoreTrace.inline32Template_terminal_advances' depends on axioms: [propext,
 Quot.sound]
info: Challenge/Ripemd160/Submission/Proofs/Bytecode/PairedSynthCoreTrace.lean:7194:0: 'Challenge.Ripemd160.Submission.Proofs.Bytecode.PairedSynthCoreTrace.inline33Template_terminal_advances' depends on axioms: [propext,
 Quot.sound]
info: Challenge/Ripemd160/Submission/Proofs/Bytecode/PairedSynthCoreTrace.lean:7195:0: 'Challenge.Ripemd160.Submission.Proofs.Bytecode.PairedSynthCoreTrace.inline34Template_terminal_advances' depends on axioms: [propext,
 Quot.sound]
info: Challenge/Ripemd160/Submission/Proofs/Bytecode/PairedSynthCoreTrace.lean:7196:0: 'Challenge.Ripemd160.Submission.Proofs.Bytecode.PairedSynthCoreTrace.inline35Template_terminal_advances' depends on axioms: [propext,
 Quot.sound]
info: Challenge/Ripemd160/Submission/Proofs/Bytecode/PairedSynthCoreTrace.lean:7197:0: 'Challenge.Ripemd160.Submission.Proofs.Bytecode.PairedSynthCoreTrace.inline36Template_terminal_advances' depends on axioms: [propext,
 Quot.sound]
info: Challenge/Ripemd160/Submission/Proofs/Bytecode/PairedSynthCoreTrace.lean:7198:0: 'Challenge.Ripemd160.Submission.Proofs.Bytecode.PairedSynthCoreTrace.inline37Template_terminal_advances' depends on axioms: [propext,
 Quot.sound]
info: Challenge/Ripemd160/Submission/Proofs/Bytecode/PairedSynthCoreTrace.lean:7199:0: 'Challenge.Ripemd160.Submission.Proofs.Bytecode.PairedSynthCoreTrace.inline38Template_terminal_advances' depends on axioms: [propext,
 Quot.sound]
info: Challenge/Ripemd160/Submission/Proofs/Bytecode/PairedSynthCoreTrace.lean:7200:0: 'Challenge.Ripemd160.Submission.Proofs.Bytecode.PairedSynthCoreTrace.inline39Template_terminal_advances' depends on axioms: [propext,
 Quot.sound]
info: Challenge/Ripemd160/Submission/Proofs/Bytecode/PairedSynthCoreTrace.lean:7201:0: 'Challenge.Ripemd160.Submission.Proofs.Bytecode.PairedSynthCoreTrace.inline40Template_terminal_advances' depends on axioms: [propext,
 Quot.sound]
info: Challenge/Ripemd160/Submission/Proofs/Bytecode/PairedSynthCoreTrace.lean:7202:0: 'Challenge.Ripemd160.Submission.Proofs.Bytecode.PairedSynthCoreTrace.inline41Template_terminal_advances' depends on axioms: [propext,
 Quot.sound]
info: Challenge/Ripemd160/Submission/Proofs/Bytecode/PairedSynthCoreTrace.lean:7203:0: 'Challenge.Ripemd160.Submission.Proofs.Bytecode.PairedSynthCoreTrace.inline42Template_terminal_advances' depends on axioms: [propext,
 Quot.sound]
info: Challenge/Ripemd160/Submission/Proofs/Bytecode/PairedSynthCoreTrace.lean:7204:0: 'Challenge.Ripemd160.Submission.Proofs.Bytecode.PairedSynthCoreTrace.inline43Template_terminal_advances' depends on axioms: [propext,
 Quot.sound]
info: Challenge/Ripemd160/Submission/Proofs/Bytecode/PairedSynthCoreTrace.lean:7205:0: 'Challenge.Ripemd160.Submission.Proofs.Bytecode.PairedSynthCoreTrace.inline44Template_terminal_advances' depends on axioms: [propext,
 Quot.sound]
info: Challenge/Ripemd160/Submission/Proofs/Bytecode/PairedSynthCoreTrace.lean:7206:0: 'Challenge.Ripemd160.Submission.Proofs.Bytecode.PairedSynthCoreTrace.inline45Template_terminal_advances' depends on axioms: [propext,
 Quot.sound]
info: Challenge/Ripemd160/Submission/Proofs/Bytecode/PairedSynthCoreTrace.lean:7207:0: 'Challenge.Ripemd160.Submission.Proofs.Bytecode.PairedSynthCoreTrace.inline46Template_terminal_advances' depends on axioms: [propext,
 Quot.sound]
info: Challenge/Ripemd160/Submission/Proofs/Bytecode/PairedSynthCoreTrace.lean:7208:0: 'Challenge.Ripemd160.Submission.Proofs.Bytecode.PairedSynthCoreTrace.inline47Template_terminal_advances' depends on axioms: [propext,
 Quot.sound]
info: Challenge/Ripemd160/Submission/Proofs/Bytecode/PairedSynthCoreTrace.lean:7209:0: 'Challenge.Ripemd160.Submission.Proofs.Bytecode.PairedSynthCoreTrace.group48Template_terminal_advances' depends on axioms: [propext,
 Quot.sound]
info: Challenge/Ripemd160/Submission/Proofs/Bytecode/PairedSynthCoreTrace.lean:7210:0: 'Challenge.Ripemd160.Submission.Proofs.Bytecode.PairedSynthCoreTrace.inline48Template_terminal_advances' depends on axioms: [propext,
 Quot.sound]
info: Challenge/Ripemd160/Submission/Proofs/Bytecode/PairedSynthCoreTrace.lean:7211:0: 'Challenge.Ripemd160.Submission.Proofs.Bytecode.PairedSynthCoreTrace.inline49Template_terminal_advances' depends on axioms: [propext,
 Quot.sound]
info: Challenge/Ripemd160/Submission/Proofs/Bytecode/PairedSynthCoreTrace.lean:7212:0: 'Challenge.Ripemd160.Submission.Proofs.Bytecode.PairedSynthCoreTrace.inline50Template_terminal_advances' depends on axioms: [propext,
 Quot.sound]
info: Challenge/Ripemd160/Submission/Proofs/Bytecode/PairedSynthCoreTrace.lean:7213:0: 'Challenge.Ripemd160.Submission.Proofs.Bytecode.PairedSynthCoreTrace.inline51Template_terminal_advances' depends on axioms: [propext,
 Quot.sound]
info: Challenge/Ripemd160/Submission/Proofs/Bytecode/PairedSynthCoreTrace.lean:7214:0: 'Challenge.Ripemd160.Submission.Proofs.Bytecode.PairedSynthCoreTrace.inline52Template_terminal_advances' depends on axioms: [propext,
 Quot.sound]
info: Challenge/Ripemd160/Submission/Proofs/Bytecode/PairedSynthCoreTrace.lean:7215:0: 'Challenge.Ripemd160.Submission.Proofs.Bytecode.PairedSynthCoreTrace.inline53Template_terminal_advances' depends on axioms: [propext,
 Quot.sound]
info: Challenge/Ripemd160/Submission/Proofs/Bytecode/PairedSynthCoreTrace.lean:7216:0: 'Challenge.Ripemd160.Submission.Proofs.Bytecode.PairedSynthCoreTrace.inline54Template_terminal_advances' depends on axioms: [propext,
 Quot.sound]
info: Challenge/Ripemd160/Submission/Proofs/Bytecode/PairedSynthCoreTrace.lean:7217:0: 'Challenge.Ripemd160.Submission.Proofs.Bytecode.PairedSynthCoreTrace.inline55Template_terminal_advances' depends on axioms: [propext,
 Quot.sound]
info: Challenge/Ripemd160/Submission/Proofs/Bytecode/PairedSynthCoreTrace.lean:7218:0: 'Challenge.Ripemd160.Submission.Proofs.Bytecode.PairedSynthCoreTrace.inline56Template_terminal_advances' depends on axioms: [propext,
 Quot.sound]
info: Challenge/Ripemd160/Submission/Proofs/Bytecode/PairedSynthCoreTrace.lean:7219:0: 'Challenge.Ripemd160.Submission.Proofs.Bytecode.PairedSynthCoreTrace.inline57Template_terminal_advances' depends on axioms: [propext,
 Quot.sound]
info: Challenge/Ripemd160/Submission/Proofs/Bytecode/PairedSynthCoreTrace.lean:7220:0: 'Challenge.Ripemd160.Submission.Proofs.Bytecode.PairedSynthCoreTrace.inline58Template_terminal_advances' depends on axioms: [propext,
 Quot.sound]
info: Challenge/Ripemd160/Submission/Proofs/Bytecode/PairedSynthCoreTrace.lean:7221:0: 'Challenge.Ripemd160.Submission.Proofs.Bytecode.PairedSynthCoreTrace.inline59Template_terminal_advances' depends on axioms: [propext,
 Quot.sound]
info: Challenge/Ripemd160/Submission/Proofs/Bytecode/PairedSynthCoreTrace.lean:7222:0: 'Challenge.Ripemd160.Submission.Proofs.Bytecode.PairedSynthCoreTrace.inline60Template_terminal_advances' depends on axioms: [propext,
 Quot.sound]
info: Challenge/Ripemd160/Submission/Proofs/Bytecode/PairedSynthCoreTrace.lean:7223:0: 'Challenge.Ripemd160.Submission.Proofs.Bytecode.PairedSynthCoreTrace.inline61Template_terminal_advances' depends on axioms: [propext,
 Quot.sound]
info: Challenge/Ripemd160/Submission/Proofs/Bytecode/PairedSynthCoreTrace.lean:7224:0: 'Challenge.Ripemd160.Submission.Proofs.Bytecode.PairedSynthCoreTrace.inline62Template_terminal_advances' depends on axioms: [propext,
 Quot.sound]
info: Challenge/Ripemd160/Submission/Proofs/Bytecode/PairedSynthCoreTrace.lean:7225:0: 'Challenge.Ripemd160.Submission.Proofs.Bytecode.PairedSynthCoreTrace.inline63Template_terminal_advances' depends on axioms: [propext,
 Quot.sound]
info: Challenge/Ripemd160/Submission/Proofs/Bytecode/PairedSynthCoreTrace.lean:7226:0: 'Challenge.Ripemd160.Submission.Proofs.Bytecode.PairedSynthCoreTrace.group64Template_terminal_advances' depends on axioms: [propext,
 Quot.sound]
info: Challenge/Ripemd160/Submission/Proofs/Bytecode/PairedSynthCoreTrace.lean:7227:0: 'Challenge.Ripemd160.Submission.Proofs.Bytecode.PairedSynthCoreTrace.inline64Template_terminal_advances' depends on axioms: [propext,
 Quot.sound]
info: Challenge/Ripemd160/Submission/Proofs/Bytecode/PairedSynthCoreTrace.lean:7228:0: 'Challenge.Ripemd160.Submission.Proofs.Bytecode.PairedSynthCoreTrace.inline65Template_terminal_advances' depends on axioms: [propext,
 Quot.sound]
info: Challenge/Ripemd160/Submission/Proofs/Bytecode/PairedSynthCoreTrace.lean:7229:0: 'Challenge.Ripemd160.Submission.Proofs.Bytecode.PairedSynthCoreTrace.inline66Template_terminal_advances' depends on axioms: [propext,
 Quot.sound]
info: Challenge/Ripemd160/Submission/Proofs/Bytecode/PairedSynthCoreTrace.lean:7230:0: 'Challenge.Ripemd160.Submission.Proofs.Bytecode.PairedSynthCoreTrace.inline67Template_terminal_advances' depends on axioms: [propext,
 Quot.sound]
info: Challenge/Ripemd160/Submission/Proofs/Bytecode/PairedSynthCoreTrace.lean:7231:0: 'Challenge.Ripemd160.Submission.Proofs.Bytecode.PairedSynthCoreTrace.inline68Template_terminal_advances' depends on axioms: [propext,
 Quot.sound]
info: Challenge/Ripemd160/Submission/Proofs/Bytecode/PairedSynthCoreTrace.lean:7232:0: 'Challenge.Ripemd160.Submission.Proofs.Bytecode.PairedSynthCoreTrace.inline69Template_terminal_advances' depends on axioms: [propext,
 Quot.sound]
info: Challenge/Ripemd160/Submission/Proofs/Bytecode/PairedSynthCoreTrace.lean:7233:0: 'Challenge.Ripemd160.Submission.Proofs.Bytecode.PairedSynthCoreTrace.inline70Template_terminal_advances' depends on axioms: [propext,
 Quot.sound]
info: Challenge/Ripemd160/Submission/Proofs/Bytecode/PairedSynthCoreTrace.lean:7234:0: 'Challenge.Ripemd160.Submission.Proofs.Bytecode.PairedSynthCoreTrace.inline71Template_terminal_advances' depends on axioms: [propext,
 Quot.sound]
info: Challenge/Ripemd160/Submission/Proofs/Bytecode/PairedSynthCoreTrace.lean:7235:0: 'Challenge.Ripemd160.Submission.Proofs.Bytecode.PairedSynthCoreTrace.inline72Template_terminal_advances' depends on axioms: [propext,
 Quot.sound]
info: Challenge/Ripemd160/Submission/Proofs/Bytecode/PairedSynthCoreTrace.lean:7236:0: 'Challenge.Ripemd160.Submission.Proofs.Bytecode.PairedSynthCoreTrace.inline73Template_terminal_advances' depends on axioms: [propext,
 Quot.sound]
info: Challenge/Ripemd160/Submission/Proofs/Bytecode/PairedSynthCoreTrace.lean:7237:0: 'Challenge.Ripemd160.Submission.Proofs.Bytecode.PairedSynthCoreTrace.inline74Template_terminal_advances' depends on axioms: [propext,
 Quot.sound]
info: Challenge/Ripemd160/Submission/Proofs/Bytecode/PairedSynthCoreTrace.lean:7238:0: 'Challenge.Ripemd160.Submission.Proofs.Bytecode.PairedSynthCoreTrace.inline75Template_terminal_advances' depends on axioms: [propext,
 Quot.sound]
info: Challenge/Ripemd160/Submission/Proofs/Bytecode/PairedSynthCoreTrace.lean:7239:0: 'Challenge.Ripemd160.Submission.Proofs.Bytecode.PairedSynthCoreTrace.inline76Template_terminal_advances' depends on axioms: [propext,
 Quot.sound]
info: Challenge/Ripemd160/Submission/Proofs/Bytecode/PairedSynthCoreTrace.lean:7240:0: 'Challenge.Ripemd160.Submission.Proofs.Bytecode.PairedSynthCoreTrace.inline77Template_terminal_advances' depends on axioms: [propext,
 Quot.sound]
info: Challenge/Ripemd160/Submission/Proofs/Bytecode/PairedSynthCoreTrace.lean:7241:0: 'Challenge.Ripemd160.Submission.Proofs.Bytecode.PairedSynthCoreTrace.inline78Template_terminal_advances' depends on axioms: [propext,
 Quot.sound]
info: Challenge/Ripemd160/Submission/Proofs/Bytecode/PairedSynthCoreTrace.lean:7242:0: 'Challenge.Ripemd160.Submission.Proofs.Bytecode.PairedSynthCoreTrace.inline79Template_terminal_advances' depends on axioms: [propext,
 Quot.sound]
info: Challenge/Ripemd160/Submission/Proofs/Bytecode/PairedSynthCoreTrace.lean:7243:0: 'Challenge.Ripemd160.Submission.Proofs.Bytecode.PairedSynthCoreTrace.coreExitTemplate_terminal_advances' depends on axioms: [propext,
 Quot.sound]
ℹ [1107/1641] Replayed Challenge.Ripemd160.Submission.Proofs.Bytecode.PairedAllInlineNewPairs
info: Challenge/Ripemd160/Submission/Proofs/Bytecode/PairedAllInlineNewPairs.lean:77:0: 'Challenge.Ripemd160.Submission.Proofs.Bytecode.PairedAllInlineNewPairs.inline16Template_length' does not depend on any axioms
info: Challenge/Ripemd160/Submission/Proofs/Bytecode/PairedAllInlineNewPairs.lean:96:0: 'Challenge.Ripemd160.Submission.Proofs.Bytecode.PairedAllInlineNewPairs.run_inline16Template_raw' depends on axioms: [propext,
 Quot.sound]
info: Challenge/Ripemd160/Submission/Proofs/Bytecode/PairedAllInlineNewPairs.lean:106:0: 'Challenge.Ripemd160.Submission.Proofs.Bytecode.PairedAllInlineNewPairs.run_inline16Template' depends on axioms: [propext,
 Classical.choice,
 Quot.sound]
info: Challenge/Ripemd160/Submission/Proofs/Bytecode/PairedAllInlineNewPairs.lean:128:0: 'Challenge.Ripemd160.Submission.Proofs.Bytecode.PairedAllInlineNewPairs.run_inline16Template_word' depends on axioms: [propext,
 Classical.choice,
 Quot.sound]
info: Challenge/Ripemd160/Submission/Proofs/Bytecode/PairedAllInlineNewPairs.lean:135:0: 'Challenge.Ripemd160.Submission.Proofs.Bytecode.PairedAllInlineNewPairs.inline16Template_terminal_advances' depends on axioms: [propext,
 Quot.sound]
info: Challenge/Ripemd160/Submission/Proofs/Bytecode/PairedAllInlineNewPairs.lean:200:0: 'Challenge.Ripemd160.Submission.Proofs.Bytecode.PairedAllInlineNewPairs.inline17Template_length' does not depend on any axioms
info: Challenge/Ripemd160/Submission/Proofs/Bytecode/PairedAllInlineNewPairs.lean:219:0: 'Challenge.Ripemd160.Submission.Proofs.Bytecode.PairedAllInlineNewPairs.run_inline17Template_raw' depends on axioms: [propext,
 Quot.sound]
info: Challenge/Ripemd160/Submission/Proofs/Bytecode/PairedAllInlineNewPairs.lean:229:0: 'Challenge.Ripemd160.Submission.Proofs.Bytecode.PairedAllInlineNewPairs.run_inline17Template' depends on axioms: [propext,
 Classical.choice,
 Quot.sound]
info: Challenge/Ripemd160/Submission/Proofs/Bytecode/PairedAllInlineNewPairs.lean:251:0: 'Challenge.Ripemd160.Submission.Proofs.Bytecode.PairedAllInlineNewPairs.run_inline17Template_word' depends on axioms: [propext,
 Classical.choice,
 Quot.sound]
info: Challenge/Ripemd160/Submission/Proofs/Bytecode/PairedAllInlineNewPairs.lean:258:0: 'Challenge.Ripemd160.Submission.Proofs.Bytecode.PairedAllInlineNewPairs.inline17Template_terminal_advances' depends on axioms: [propext,
 Quot.sound]
info: Challenge/Ripemd160/Submission/Proofs/Bytecode/PairedAllInlineNewPairs.lean:323:0: 'Challenge.Ripemd160.Submission.Proofs.Bytecode.PairedAllInlineNewPairs.inline28Template_length' does not depend on any axioms
info: Challenge/Ripemd160/Submission/Proofs/Bytecode/PairedAllInlineNewPairs.lean:342:0: 'Challenge.Ripemd160.Submission.Proofs.Bytecode.PairedAllInlineNewPairs.run_inline28Template_raw' depends on axioms: [propext,
 Quot.sound]
info: Challenge/Ripemd160/Submission/Proofs/Bytecode/PairedAllInlineNewPairs.lean:352:0: 'Challenge.Ripemd160.Submission.Proofs.Bytecode.PairedAllInlineNewPairs.run_inline28Template' depends on axioms: [propext,
 Classical.choice,
 Quot.sound]
info: Challenge/Ripemd160/Submission/Proofs/Bytecode/PairedAllInlineNewPairs.lean:374:0: 'Challenge.Ripemd160.Submission.Proofs.Bytecode.PairedAllInlineNewPairs.run_inline28Template_word' depends on axioms: [propext,
 Classical.choice,
 Quot.sound]
info: Challenge/Ripemd160/Submission/Proofs/Bytecode/PairedAllInlineNewPairs.lean:381:0: 'Challenge.Ripemd160.Submission.Proofs.Bytecode.PairedAllInlineNewPairs.inline28Template_terminal_advances' depends on axioms: [propext,
 Quot.sound]
info: Challenge/Ripemd160/Submission/Proofs/Bytecode/PairedAllInlineNewPairs.lean:446:0: 'Challenge.Ripemd160.Submission.Proofs.Bytecode.PairedAllInlineNewPairs.inline29Template_length' does not depend on any axioms
info: Challenge/Ripemd160/Submission/Proofs/Bytecode/PairedAllInlineNewPairs.lean:465:0: 'Challenge.Ripemd160.Submission.Proofs.Bytecode.PairedAllInlineNewPairs.run_inline29Template_raw' depends on axioms: [propext,
 Quot.sound]
info: Challenge/Ripemd160/Submission/Proofs/Bytecode/PairedAllInlineNewPairs.lean:475:0: 'Challenge.Ripemd160.Submission.Proofs.Bytecode.PairedAllInlineNewPairs.run_inline29Template' depends on axioms: [propext,
 Classical.choice,
 Quot.sound]
info: Challenge/Ripemd160/Submission/Proofs/Bytecode/PairedAllInlineNewPairs.lean:497:0: 'Challenge.Ripemd160.Submission.Proofs.Bytecode.PairedAllInlineNewPairs.run_inline29Template_word' depends on axioms: [propext,
 Classical.choice,
 Quot.sound]
info: Challenge/Ripemd160/Submission/Proofs/Bytecode/PairedAllInlineNewPairs.lean:504:0: 'Challenge.Ripemd160.Submission.Proofs.Bytecode.PairedAllInlineNewPairs.inline29Template_terminal_advances' depends on axioms: [propext,
 Quot.sound]
ℹ [1108/1641] Replayed Challenge.Ripemd160.Submission.Proofs.Bytecode.PairedFactoredGroupConstants
info: Challenge/Ripemd160/Submission/Proofs/Bytecode/PairedFactoredGroupConstants.lean:17:0: 'Challenge.Ripemd160.Submission.Proofs.Bytecode.PairedFactoredGroupConstants.upper_value' does not depend on any axioms
info: Challenge/Ripemd160/Submission/Proofs/Bytecode/PairedFactoredGroupConstants.lean:24:0: 'Challenge.Ripemd160.Submission.Proofs.Bytecode.PairedFactoredGroupConstants.mixed_value' depends on axioms: [propext]
info: Challenge/Ripemd160/Submission/Proofs/Bytecode/PairedFactoredGroupConstants.lean:59:0: 'Challenge.Ripemd160.Submission.Proofs.Bytecode.PairedFactoredGroupConstants.run_upperTemplate' depends on axioms: [propext,
 Classical.choice,
 Quot.sound]
info: Challenge/Ripemd160/Submission/Proofs/Bytecode/PairedFactoredGroupConstants.lean:74:0: 'Challenge.Ripemd160.Submission.Proofs.Bytecode.PairedFactoredGroupConstants.run_replaceTemplate' depends on axioms: [propext,
 Quot.sound]
ℹ [1109/1641] Replayed Challenge.Ripemd160.Submission.Proofs.Bytecode.PairedAllInlineCoreTrace
info: Challenge/Ripemd160/Submission/Proofs/Bytecode/PairedAllInlineCoreTrace.lean:81:0: 'Challenge.Ripemd160.Submission.Proofs.Bytecode.PairedAllInlineCoreTrace.inline18Template_length' does not depend on any axioms
info: Challenge/Ripemd160/Submission/Proofs/Bytecode/PairedAllInlineCoreTrace.lean:100:0: 'Challenge.Ripemd160.Submission.Proofs.Bytecode.PairedAllInlineCoreTrace.run_inline18Template_raw' depends on axioms: [propext,
 Quot.sound]
info: Challenge/Ripemd160/Submission/Proofs/Bytecode/PairedAllInlineCoreTrace.lean:110:0: 'Challenge.Ripemd160.Submission.Proofs.Bytecode.PairedAllInlineCoreTrace.run_inline18Template' depends on axioms: [propext,
 Classical.choice,
 Quot.sound]
info: Challenge/Ripemd160/Submission/Proofs/Bytecode/PairedAllInlineCoreTrace.lean:132:0: 'Challenge.Ripemd160.Submission.Proofs.Bytecode.PairedAllInlineCoreTrace.run_inline18Template_word' depends on axioms: [propext,
 Classical.choice,
 Quot.sound]
info: Challenge/Ripemd160/Submission/Proofs/Bytecode/PairedAllInlineCoreTrace.lean:196:0: 'Challenge.Ripemd160.Submission.Proofs.Bytecode.PairedAllInlineCoreTrace.inline19Template_length' does not depend on any axioms
info: Challenge/Ripemd160/Submission/Proofs/Bytecode/PairedAllInlineCoreTrace.lean:215:0: 'Challenge.Ripemd160.Submission.Proofs.Bytecode.PairedAllInlineCoreTrace.run_inline19Template_raw' depends on axioms: [propext,
 Quot.sound]
info: Challenge/Ripemd160/Submission/Proofs/Bytecode/PairedAllInlineCoreTrace.lean:225:0: 'Challenge.Ripemd160.Submission.Proofs.Bytecode.PairedAllInlineCoreTrace.run_inline19Template' depends on axioms: [propext,
 Classical.choice,
 Quot.sound]
info: Challenge/Ripemd160/Submission/Proofs/Bytecode/PairedAllInlineCoreTrace.lean:247:0: 'Challenge.Ripemd160.Submission.Proofs.Bytecode.PairedAllInlineCoreTrace.run_inline19Template_word' depends on axioms: [propext,
 Classical.choice,
 Quot.sound]
info: Challenge/Ripemd160/Submission/Proofs/Bytecode/PairedAllInlineCoreTrace.lean:309:0: 'Challenge.Ripemd160.Submission.Proofs.Bytecode.PairedAllInlineCoreTrace.inline20Template_length' does not depend on any axioms
info: Challenge/Ripemd160/Submission/Proofs/Bytecode/PairedAllInlineCoreTrace.lean:328:0: 'Challenge.Ripemd160.Submission.Proofs.Bytecode.PairedAllInlineCoreTrace.run_inline20Template_raw' depends on axioms: [propext,
 Quot.sound]
info: Challenge/Ripemd160/Submission/Proofs/Bytecode/PairedAllInlineCoreTrace.lean:338:0: 'Challenge.Ripemd160.Submission.Proofs.Bytecode.PairedAllInlineCoreTrace.run_inline20Template' depends on axioms: [propext,
 Classical.choice,
 Quot.sound]
info: Challenge/Ripemd160/Submission/Proofs/Bytecode/PairedAllInlineCoreTrace.lean:360:0: 'Challenge.Ripemd160.Submission.Proofs.Bytecode.PairedAllInlineCoreTrace.run_inline20Template_word' depends on axioms: [propext,
 Classical.choice,
 Quot.sound]
info: Challenge/Ripemd160/Submission/Proofs/Bytecode/PairedAllInlineCoreTrace.lean:422:0: 'Challenge.Ripemd160.Submission.Proofs.Bytecode.PairedAllInlineCoreTrace.inline21Template_length' does not depend on any axioms
info: Challenge/Ripemd160/Submission/Proofs/Bytecode/PairedAllInlineCoreTrace.lean:441:0: 'Challenge.Ripemd160.Submission.Proofs.Bytecode.PairedAllInlineCoreTrace.run_inline21Template_raw' depends on axioms: [propext,
 Quot.sound]
info: Challenge/Ripemd160/Submission/Proofs/Bytecode/PairedAllInlineCoreTrace.lean:451:0: 'Challenge.Ripemd160.Submission.Proofs.Bytecode.PairedAllInlineCoreTrace.run_inline21Template' depends on axioms: [propext,
 Classical.choice,
 Quot.sound]
info: Challenge/Ripemd160/Submission/Proofs/Bytecode/PairedAllInlineCoreTrace.lean:473:0: 'Challenge.Ripemd160.Submission.Proofs.Bytecode.PairedAllInlineCoreTrace.run_inline21Template_word' depends on axioms: [propext,
 Classical.choice,
 Quot.sound]
info: Challenge/Ripemd160/Submission/Proofs/Bytecode/PairedAllInlineCoreTrace.lean:537:0: 'Challenge.Ripemd160.Submission.Proofs.Bytecode.PairedAllInlineCoreTrace.inline22Template_length' does not depend on any axioms
info: Challenge/Ripemd160/Submission/Proofs/Bytecode/PairedAllInlineCoreTrace.lean:556:0: 'Challenge.Ripemd160.Submission.Proofs.Bytecode.PairedAllInlineCoreTrace.run_inline22Template_raw' depends on axioms: [propext,
 Quot.sound]
info: Challenge/Ripemd160/Submission/Proofs/Bytecode/PairedAllInlineCoreTrace.lean:566:0: 'Challenge.Ripemd160.Submission.Proofs.Bytecode.PairedAllInlineCoreTrace.run_inline22Template' depends on axioms: [propext,
 Classical.choice,
 Quot.sound]
info: Challenge/Ripemd160/Submission/Proofs/Bytecode/PairedAllInlineCoreTrace.lean:588:0: 'Challenge.Ripemd160.Submission.Proofs.Bytecode.PairedAllInlineCoreTrace.run_inline22Template_word' depends on axioms: [propext,
 Classical.choice,
 Quot.sound]
info: Challenge/Ripemd160/Submission/Proofs/Bytecode/PairedAllInlineCoreTrace.lean:652:0: 'Challenge.Ripemd160.Submission.Proofs.Bytecode.PairedAllInlineCoreTrace.inline23Template_length' does not depend on any axioms
info: Challenge/Ripemd160/Submission/Proofs/Bytecode/PairedAllInlineCoreTrace.lean:671:0: 'Challenge.Ripemd160.Submission.Proofs.Bytecode.PairedAllInlineCoreTrace.run_inline23Template_raw' depends on axioms: [propext,
 Quot.sound]
info: Challenge/Ripemd160/Submission/Proofs/Bytecode/PairedAllInlineCoreTrace.lean:681:0: 'Challenge.Ripemd160.Submission.Proofs.Bytecode.PairedAllInlineCoreTrace.run_inline23Template' depends on axioms: [propext,
 Classical.choice,
 Quot.sound]
info: Challenge/Ripemd160/Submission/Proofs/Bytecode/PairedAllInlineCoreTrace.lean:703:0: 'Challenge.Ripemd160.Submission.Proofs.Bytecode.PairedAllInlineCoreTrace.run_inline23Template_word' depends on axioms: [propext,
 Classical.choice,
 Quot.sound]
info: Challenge/Ripemd160/Submission/Proofs/Bytecode/PairedAllInlineCoreTrace.lean:761:0: 'Challenge.Ripemd160.Submission.Proofs.Bytecode.PairedAllInlineCoreTrace.inline24Template_length' does not depend on any axioms
info: Challenge/Ripemd160/Submission/Proofs/Bytecode/PairedAllInlineCoreTrace.lean:780:0: 'Challenge.Ripemd160.Submission.Proofs.Bytecode.PairedAllInlineCoreTrace.run_inline24Template_raw' depends on axioms: [propext,
 Quot.sound]
info: Challenge/Ripemd160/Submission/Proofs/Bytecode/PairedAllInlineCoreTrace.lean:790:0: 'Challenge.Ripemd160.Submission.Proofs.Bytecode.PairedAllInlineCoreTrace.run_inline24Template' depends on axioms: [propext,
 Classical.choice,
 Quot.sound]
info: Challenge/Ripemd160/Submission/Proofs/Bytecode/PairedAllInlineCoreTrace.lean:812:0: 'Challenge.Ripemd160.Submission.Proofs.Bytecode.PairedAllInlineCoreTrace.run_inline24Template_word' depends on axioms: [propext,
 Classical.choice,
 Quot.sound]
info: Challenge/Ripemd160/Submission/Proofs/Bytecode/PairedAllInlineCoreTrace.lean:876:0: 'Challenge.Ripemd160.Submission.Proofs.Bytecode.PairedAllInlineCoreTrace.inline25Template_length' does not depend on any axioms
info: Challenge/Ripemd160/Submission/Proofs/Bytecode/PairedAllInlineCoreTrace.lean:895:0: 'Challenge.Ripemd160.Submission.Proofs.Bytecode.PairedAllInlineCoreTrace.run_inline25Template_raw' depends on axioms: [propext,
 Quot.sound]
info: Challenge/Ripemd160/Submission/Proofs/Bytecode/PairedAllInlineCoreTrace.lean:905:0: 'Challenge.Ripemd160.Submission.Proofs.Bytecode.PairedAllInlineCoreTrace.run_inline25Template' depends on axioms: [propext,
 Classical.choice,
 Quot.sound]
info: Challenge/Ripemd160/Submission/Proofs/Bytecode/PairedAllInlineCoreTrace.lean:927:0: 'Challenge.Ripemd160.Submission.Proofs.Bytecode.PairedAllInlineCoreTrace.run_inline25Template_word' depends on axioms: [propext,
 Classical.choice,
 Quot.sound]
info: Challenge/Ripemd160/Submission/Proofs/Bytecode/PairedAllInlineCoreTrace.lean:991:0: 'Challenge.Ripemd160.Submission.Proofs.Bytecode.PairedAllInlineCoreTrace.inline26Template_length' does not depend on any axioms
info: Challenge/Ripemd160/Submission/Proofs/Bytecode/PairedAllInlineCoreTrace.lean:1010:0: 'Challenge.Ripemd160.Submission.Proofs.Bytecode.PairedAllInlineCoreTrace.run_inline26Template_raw' depends on axioms: [propext,
 Quot.sound]
info: Challenge/Ripemd160/Submission/Proofs/Bytecode/PairedAllInlineCoreTrace.lean:1020:0: 'Challenge.Ripemd160.Submission.Proofs.Bytecode.PairedAllInlineCoreTrace.run_inline26Template' depends on axioms: [propext,
 Classical.choice,
 Quot.sound]
info: Challenge/Ripemd160/Submission/Proofs/Bytecode/PairedAllInlineCoreTrace.lean:1042:0: 'Challenge.Ripemd160.Submission.Proofs.Bytecode.PairedAllInlineCoreTrace.run_inline26Template_word' depends on axioms: [propext,
 Classical.choice,
 Quot.sound]
info: Challenge/Ripemd160/Submission/Proofs/Bytecode/PairedAllInlineCoreTrace.lean:1106:0: 'Challenge.Ripemd160.Submission.Proofs.Bytecode.PairedAllInlineCoreTrace.inline27Template_length' does not depend on any axioms
info: Challenge/Ripemd160/Submission/Proofs/Bytecode/PairedAllInlineCoreTrace.lean:1125:0: 'Challenge.Ripemd160.Submission.Proofs.Bytecode.PairedAllInlineCoreTrace.run_inline27Template_raw' depends on axioms: [propext,
 Quot.sound]
info: Challenge/Ripemd160/Submission/Proofs/Bytecode/PairedAllInlineCoreTrace.lean:1135:0: 'Challenge.Ripemd160.Submission.Proofs.Bytecode.PairedAllInlineCoreTrace.run_inline27Template' depends on axioms: [propext,
 Classical.choice,
 Quot.sound]
info: Challenge/Ripemd160/Submission/Proofs/Bytecode/PairedAllInlineCoreTrace.lean:1157:0: 'Challenge.Ripemd160.Submission.Proofs.Bytecode.PairedAllInlineCoreTrace.run_inline27Template_word' depends on axioms: [propext,
 Classical.choice,
 Quot.sound]
info: Challenge/Ripemd160/Submission/Proofs/Bytecode/PairedAllInlineCoreTrace.lean:1215:0: 'Challenge.Ripemd160.Submission.Proofs.Bytecode.PairedAllInlineCoreTrace.inline30Template_length' does not depend on any axioms
info: Challenge/Ripemd160/Submission/Proofs/Bytecode/PairedAllInlineCoreTrace.lean:1234:0: 'Challenge.Ripemd160.Submission.Proofs.Bytecode.PairedAllInlineCoreTrace.run_inline30Template_raw' depends on axioms: [propext,
 Quot.sound]
info: Challenge/Ripemd160/Submission/Proofs/Bytecode/PairedAllInlineCoreTrace.lean:1244:0: 'Challenge.Ripemd160.Submission.Proofs.Bytecode.PairedAllInlineCoreTrace.run_inline30Template' depends on axioms: [propext,
 Classical.choice,
 Quot.sound]
info: Challenge/Ripemd160/Submission/Proofs/Bytecode/PairedAllInlineCoreTrace.lean:1266:0: 'Challenge.Ripemd160.Submission.Proofs.Bytecode.PairedAllInlineCoreTrace.run_inline30Template_word' depends on axioms: [propext,
 Classical.choice,
 Quot.sound]
info: Challenge/Ripemd160/Submission/Proofs/Bytecode/PairedAllInlineCoreTrace.lean:1328:0: 'Challenge.Ripemd160.Submission.Proofs.Bytecode.PairedAllInlineCoreTrace.inline31Template_length' does not depend on any axioms
info: Challenge/Ripemd160/Submission/Proofs/Bytecode/PairedAllInlineCoreTrace.lean:1347:0: 'Challenge.Ripemd160.Submission.Proofs.Bytecode.PairedAllInlineCoreTrace.run_inline31Template_raw' depends on axioms: [propext,
 Quot.sound]
info: Challenge/Ripemd160/Submission/Proofs/Bytecode/PairedAllInlineCoreTrace.lean:1357:0: 'Challenge.Ripemd160.Submission.Proofs.Bytecode.PairedAllInlineCoreTrace.run_inline31Template' depends on axioms: [propext,
 Classical.choice,
 Quot.sound]
info: Challenge/Ripemd160/Submission/Proofs/Bytecode/PairedAllInlineCoreTrace.lean:1379:0: 'Challenge.Ripemd160.Submission.Proofs.Bytecode.PairedAllInlineCoreTrace.run_inline31Template_word' depends on axioms: [propext,
 Classical.choice,
 Quot.sound]
info: Challenge/Ripemd160/Submission/Proofs/Bytecode/PairedAllInlineCoreTrace.lean:1436:0: 'Challenge.Ripemd160.Submission.Proofs.Bytecode.PairedAllInlineCoreTrace.inline32Template_length' does not depend on any axioms
info: Challenge/Ripemd160/Submission/Proofs/Bytecode/PairedAllInlineCoreTrace.lean:1455:0: 'Challenge.Ripemd160.Submission.Proofs.Bytecode.PairedAllInlineCoreTrace.run_inline32Template' depends on axioms: [propext,
 Quot.sound]
info: Challenge/Ripemd160/Submission/Proofs/Bytecode/PairedAllInlineCoreTrace.lean:1475:0: 'Challenge.Ripemd160.Submission.Proofs.Bytecode.PairedAllInlineCoreTrace.run_inline32Template_word' depends on axioms: [propext,
 Quot.sound]
info: Challenge/Ripemd160/Submission/Proofs/Bytecode/PairedAllInlineCoreTrace.lean:1532:0: 'Challenge.Ripemd160.Submission.Proofs.Bytecode.PairedAllInlineCoreTrace.inline33Template_length' does not depend on any axioms
info: Challenge/Ripemd160/Submission/Proofs/Bytecode/PairedAllInlineCoreTrace.lean:1551:0: 'Challenge.Ripemd160.Submission.Proofs.Bytecode.PairedAllInlineCoreTrace.run_inline33Template' depends on axioms: [propext,
 Quot.sound]
info: Challenge/Ripemd160/Submission/Proofs/Bytecode/PairedAllInlineCoreTrace.lean:1571:0: 'Challenge.Ripemd160.Submission.Proofs.Bytecode.PairedAllInlineCoreTrace.run_inline33Template_word' depends on axioms: [propext,
 Quot.sound]
info: Challenge/Ripemd160/Submission/Proofs/Bytecode/PairedAllInlineCoreTrace.lean:1628:0: 'Challenge.Ripemd160.Submission.Proofs.Bytecode.PairedAllInlineCoreTrace.inline34Template_length' does not depend on any axioms
info: Challenge/Ripemd160/Submission/Proofs/Bytecode/PairedAllInlineCoreTrace.lean:1647:0: 'Challenge.Ripemd160.Submission.Proofs.Bytecode.PairedAllInlineCoreTrace.run_inline34Template' depends on axioms: [propext,
 Quot.sound]
info: Challenge/Ripemd160/Submission/Proofs/Bytecode/PairedAllInlineCoreTrace.lean:1667:0: 'Challenge.Ripemd160.Submission.Proofs.Bytecode.PairedAllInlineCoreTrace.run_inline34Template_word' depends on axioms: [propext,
 Quot.sound]
info: Challenge/Ripemd160/Submission/Proofs/Bytecode/PairedAllInlineCoreTrace.lean:1724:0: 'Challenge.Ripemd160.Submission.Proofs.Bytecode.PairedAllInlineCoreTrace.inline35Template_length' does not depend on any axioms
info: Challenge/Ripemd160/Submission/Proofs/Bytecode/PairedAllInlineCoreTrace.lean:1743:0: 'Challenge.Ripemd160.Submission.Proofs.Bytecode.PairedAllInlineCoreTrace.run_inline35Template' depends on axioms: [propext,
 Quot.sound]
info: Challenge/Ripemd160/Submission/Proofs/Bytecode/PairedAllInlineCoreTrace.lean:1763:0: 'Challenge.Ripemd160.Submission.Proofs.Bytecode.PairedAllInlineCoreTrace.run_inline35Template_word' depends on axioms: [propext,
 Quot.sound]
info: Challenge/Ripemd160/Submission/Proofs/Bytecode/PairedAllInlineCoreTrace.lean:1820:0: 'Challenge.Ripemd160.Submission.Proofs.Bytecode.PairedAllInlineCoreTrace.inline36Template_length' does not depend on any axioms
info: Challenge/Ripemd160/Submission/Proofs/Bytecode/PairedAllInlineCoreTrace.lean:1839:0: 'Challenge.Ripemd160.Submission.Proofs.Bytecode.PairedAllInlineCoreTrace.run_inline36Template' depends on axioms: [propext,
 Quot.sound]
info: Challenge/Ripemd160/Submission/Proofs/Bytecode/PairedAllInlineCoreTrace.lean:1859:0: 'Challenge.Ripemd160.Submission.Proofs.Bytecode.PairedAllInlineCoreTrace.run_inline36Template_word' depends on axioms: [propext,
 Quot.sound]
info: Challenge/Ripemd160/Submission/Proofs/Bytecode/PairedAllInlineCoreTrace.lean:1916:0: 'Challenge.Ripemd160.Submission.Proofs.Bytecode.PairedAllInlineCoreTrace.inline37Template_length' does not depend on any axioms
info: Challenge/Ripemd160/Submission/Proofs/Bytecode/PairedAllInlineCoreTrace.lean:1935:0: 'Challenge.Ripemd160.Submission.Proofs.Bytecode.PairedAllInlineCoreTrace.run_inline37Template' depends on axioms: [propext,
 Quot.sound]
info: Challenge/Ripemd160/Submission/Proofs/Bytecode/PairedAllInlineCoreTrace.lean:1955:0: 'Challenge.Ripemd160.Submission.Proofs.Bytecode.PairedAllInlineCoreTrace.run_inline37Template_word' depends on axioms: [propext,
 Quot.sound]
info: Challenge/Ripemd160/Submission/Proofs/Bytecode/PairedAllInlineCoreTrace.lean:2012:0: 'Challenge.Ripemd160.Submission.Proofs.Bytecode.PairedAllInlineCoreTrace.inline38Template_length' does not depend on any axioms
info: Challenge/Ripemd160/Submission/Proofs/Bytecode/PairedAllInlineCoreTrace.lean:2031:0: 'Challenge.Ripemd160.Submission.Proofs.Bytecode.PairedAllInlineCoreTrace.run_inline38Template' depends on axioms: [propext,
 Quot.sound]
info: Challenge/Ripemd160/Submission/Proofs/Bytecode/PairedAllInlineCoreTrace.lean:2051:0: 'Challenge.Ripemd160.Submission.Proofs.Bytecode.PairedAllInlineCoreTrace.run_inline38Template_word' depends on axioms: [propext,
 Quot.sound]
info: Challenge/Ripemd160/Submission/Proofs/Bytecode/PairedAllInlineCoreTrace.lean:2106:0: 'Challenge.Ripemd160.Submission.Proofs.Bytecode.PairedAllInlineCoreTrace.inline39Template_length' does not depend on any axioms
info: Challenge/Ripemd160/Submission/Proofs/Bytecode/PairedAllInlineCoreTrace.lean:2125:0: 'Challenge.Ripemd160.Submission.Proofs.Bytecode.PairedAllInlineCoreTrace.run_inline39Template' depends on axioms: [propext,
 Quot.sound]
info: Challenge/Ripemd160/Submission/Proofs/Bytecode/PairedAllInlineCoreTrace.lean:2145:0: 'Challenge.Ripemd160.Submission.Proofs.Bytecode.PairedAllInlineCoreTrace.run_inline39Template_word' depends on axioms: [propext,
 Quot.sound]
info: Challenge/Ripemd160/Submission/Proofs/Bytecode/PairedAllInlineCoreTrace.lean:2202:0: 'Challenge.Ripemd160.Submission.Proofs.Bytecode.PairedAllInlineCoreTrace.inline40Template_length' does not depend on any axioms
info: Challenge/Ripemd160/Submission/Proofs/Bytecode/PairedAllInlineCoreTrace.lean:2221:0: 'Challenge.Ripemd160.Submission.Proofs.Bytecode.PairedAllInlineCoreTrace.run_inline40Template' depends on axioms: [propext,
 Quot.sound]
info: Challenge/Ripemd160/Submission/Proofs/Bytecode/PairedAllInlineCoreTrace.lean:2241:0: 'Challenge.Ripemd160.Submission.Proofs.Bytecode.PairedAllInlineCoreTrace.run_inline40Template_word' depends on axioms: [propext,
 Quot.sound]
info: Challenge/Ripemd160/Submission/Proofs/Bytecode/PairedAllInlineCoreTrace.lean:2298:0: 'Challenge.Ripemd160.Submission.Proofs.Bytecode.PairedAllInlineCoreTrace.inline41Template_length' does not depend on any axioms
info: Challenge/Ripemd160/Submission/Proofs/Bytecode/PairedAllInlineCoreTrace.lean:2317:0: 'Challenge.Ripemd160.Submission.Proofs.Bytecode.PairedAllInlineCoreTrace.run_inline41Template' depends on axioms: [propext,
 Quot.sound]
info: Challenge/Ripemd160/Submission/Proofs/Bytecode/PairedAllInlineCoreTrace.lean:2337:0: 'Challenge.Ripemd160.Submission.Proofs.Bytecode.PairedAllInlineCoreTrace.run_inline41Template_word' depends on axioms: [propext,
 Quot.sound]
info: Challenge/Ripemd160/Submission/Proofs/Bytecode/PairedAllInlineCoreTrace.lean:2394:0: 'Challenge.Ripemd160.Submission.Proofs.Bytecode.PairedAllInlineCoreTrace.inline42Template_length' does not depend on any axioms
info: Challenge/Ripemd160/Submission/Proofs/Bytecode/PairedAllInlineCoreTrace.lean:2413:0: 'Challenge.Ripemd160.Submission.Proofs.Bytecode.PairedAllInlineCoreTrace.run_inline42Template' depends on axioms: [propext,
 Quot.sound]
info: Challenge/Ripemd160/Submission/Proofs/Bytecode/PairedAllInlineCoreTrace.lean:2433:0: 'Challenge.Ripemd160.Submission.Proofs.Bytecode.PairedAllInlineCoreTrace.run_inline42Template_word' depends on axioms: [propext,
 Quot.sound]
info: Challenge/Ripemd160/Submission/Proofs/Bytecode/PairedAllInlineCoreTrace.lean:2490:0: 'Challenge.Ripemd160.Submission.Proofs.Bytecode.PairedAllInlineCoreTrace.inline43Template_length' does not depend on any axioms
info: Challenge/Ripemd160/Submission/Proofs/Bytecode/PairedAllInlineCoreTrace.lean:2509:0: 'Challenge.Ripemd160.Submission.Proofs.Bytecode.PairedAllInlineCoreTrace.run_inline43Template' depends on axioms: [propext,
 Quot.sound]
info: Challenge/Ripemd160/Submission/Proofs/Bytecode/PairedAllInlineCoreTrace.lean:2529:0: 'Challenge.Ripemd160.Submission.Proofs.Bytecode.PairedAllInlineCoreTrace.run_inline43Template_word' depends on axioms: [propext,
 Quot.sound]
info: Challenge/Ripemd160/Submission/Proofs/Bytecode/PairedAllInlineCoreTrace.lean:2586:0: 'Challenge.Ripemd160.Submission.Proofs.Bytecode.PairedAllInlineCoreTrace.inline44Template_length' does not depend on any axioms
info: Challenge/Ripemd160/Submission/Proofs/Bytecode/PairedAllInlineCoreTrace.lean:2605:0: 'Challenge.Ripemd160.Submission.Proofs.Bytecode.PairedAllInlineCoreTrace.run_inline44Template' depends on axioms: [propext,
 Quot.sound]
info: Challenge/Ripemd160/Submission/Proofs/Bytecode/PairedAllInlineCoreTrace.lean:2625:0: 'Challenge.Ripemd160.Submission.Proofs.Bytecode.PairedAllInlineCoreTrace.run_inline44Template_word' depends on axioms: [propext,
 Quot.sound]
info: Challenge/Ripemd160/Submission/Proofs/Bytecode/PairedAllInlineCoreTrace.lean:2680:0: 'Challenge.Ripemd160.Submission.Proofs.Bytecode.PairedAllInlineCoreTrace.inline45Template_length' does not depend on any axioms
info: Challenge/Ripemd160/Submission/Proofs/Bytecode/PairedAllInlineCoreTrace.lean:2699:0: 'Challenge.Ripemd160.Submission.Proofs.Bytecode.PairedAllInlineCoreTrace.run_inline45Template' depends on axioms: [propext,
 Quot.sound]
info: Challenge/Ripemd160/Submission/Proofs/Bytecode/PairedAllInlineCoreTrace.lean:2719:0: 'Challenge.Ripemd160.Submission.Proofs.Bytecode.PairedAllInlineCoreTrace.run_inline45Template_word' depends on axioms: [propext,
 Quot.sound]
info: Challenge/Ripemd160/Submission/Proofs/Bytecode/PairedAllInlineCoreTrace.lean:2770:0: 'Challenge.Ripemd160.Submission.Proofs.Bytecode.PairedAllInlineCoreTrace.inline46Template_length' does not depend on any axioms
info: Challenge/Ripemd160/Submission/Proofs/Bytecode/PairedAllInlineCoreTrace.lean:2789:0: 'Challenge.Ripemd160.Submission.Proofs.Bytecode.PairedAllInlineCoreTrace.run_inline46Template' depends on axioms: [propext,
 Quot.sound]
info: Challenge/Ripemd160/Submission/Proofs/Bytecode/PairedAllInlineCoreTrace.lean:2809:0: 'Challenge.Ripemd160.Submission.Proofs.Bytecode.PairedAllInlineCoreTrace.run_inline46Template_word' depends on axioms: [propext,
 Quot.sound]
info: Challenge/Ripemd160/Submission/Proofs/Bytecode/PairedAllInlineCoreTrace.lean:2860:0: 'Challenge.Ripemd160.Submission.Proofs.Bytecode.PairedAllInlineCoreTrace.inline47Template_length' does not depend on any axioms
info: Challenge/Ripemd160/Submission/Proofs/Bytecode/PairedAllInlineCoreTrace.lean:2879:0: 'Challenge.Ripemd160.Submission.Proofs.Bytecode.PairedAllInlineCoreTrace.run_inline47Template' depends on axioms: [propext,
 Quot.sound]
info: Challenge/Ripemd160/Submission/Proofs/Bytecode/PairedAllInlineCoreTrace.lean:2901:0: 'Challenge.Ripemd160.Submission.Proofs.Bytecode.PairedAllInlineCoreTrace.run_inline47Template_word' depends on axioms: [propext,
 Quot.sound]
info: Challenge/Ripemd160/Submission/Proofs/Bytecode/PairedAllInlineCoreTrace.lean:2965:0: 'Challenge.Ripemd160.Submission.Proofs.Bytecode.PairedAllInlineCoreTrace.inline48Template_length' does not depend on any axioms
info: Challenge/Ripemd160/Submission/Proofs/Bytecode/PairedAllInlineCoreTrace.lean:2984:0: 'Challenge.Ripemd160.Submission.Proofs.Bytecode.PairedAllInlineCoreTrace.run_inline48Template_raw' depends on axioms: [propext,
 Quot.sound]
info: Challenge/Ripemd160/Submission/Proofs/Bytecode/PairedAllInlineCoreTrace.lean:2994:0: 'Challenge.Ripemd160.Submission.Proofs.Bytecode.PairedAllInlineCoreTrace.run_inline48Template' depends on axioms: [propext,
 Classical.choice,
 Quot.sound]
info: Challenge/Ripemd160/Submission/Proofs/Bytecode/PairedAllInlineCoreTrace.lean:3016:0: 'Challenge.Ripemd160.Submission.Proofs.Bytecode.PairedAllInlineCoreTrace.run_inline48Template_word' depends on axioms: [propext,
 Classical.choice,
 Quot.sound]
info: Challenge/Ripemd160/Submission/Proofs/Bytecode/PairedAllInlineCoreTrace.lean:3080:0: 'Challenge.Ripemd160.Submission.Proofs.Bytecode.PairedAllInlineCoreTrace.inline49Template_length' does not depend on any axioms
info: Challenge/Ripemd160/Submission/Proofs/Bytecode/PairedAllInlineCoreTrace.lean:3099:0: 'Challenge.Ripemd160.Submission.Proofs.Bytecode.PairedAllInlineCoreTrace.run_inline49Template_raw' depends on axioms: [propext,
 Quot.sound]
info: Challenge/Ripemd160/Submission/Proofs/Bytecode/PairedAllInlineCoreTrace.lean:3109:0: 'Challenge.Ripemd160.Submission.Proofs.Bytecode.PairedAllInlineCoreTrace.run_inline49Template' depends on axioms: [propext,
 Classical.choice,
 Quot.sound]
info: Challenge/Ripemd160/Submission/Proofs/Bytecode/PairedAllInlineCoreTrace.lean:3131:0: 'Challenge.Ripemd160.Submission.Proofs.Bytecode.PairedAllInlineCoreTrace.run_inline49Template_word' depends on axioms: [propext,
 Classical.choice,
 Quot.sound]
info: Challenge/Ripemd160/Submission/Proofs/Bytecode/PairedAllInlineCoreTrace.lean:3195:0: 'Challenge.Ripemd160.Submission.Proofs.Bytecode.PairedAllInlineCoreTrace.inline50Template_length' does not depend on any axioms
info: Challenge/Ripemd160/Submission/Proofs/Bytecode/PairedAllInlineCoreTrace.lean:3214:0: 'Challenge.Ripemd160.Submission.Proofs.Bytecode.PairedAllInlineCoreTrace.run_inline50Template_raw' depends on axioms: [propext,
 Quot.sound]
info: Challenge/Ripemd160/Submission/Proofs/Bytecode/PairedAllInlineCoreTrace.lean:3224:0: 'Challenge.Ripemd160.Submission.Proofs.Bytecode.PairedAllInlineCoreTrace.run_inline50Template' depends on axioms: [propext,
 Classical.choice,
 Quot.sound]
info: Challenge/Ripemd160/Submission/Proofs/Bytecode/PairedAllInlineCoreTrace.lean:3246:0: 'Challenge.Ripemd160.Submission.Proofs.Bytecode.PairedAllInlineCoreTrace.run_inline50Template_word' depends on axioms: [propext,
 Classical.choice,
 Quot.sound]
info: Challenge/Ripemd160/Submission/Proofs/Bytecode/PairedAllInlineCoreTrace.lean:3310:0: 'Challenge.Ripemd160.Submission.Proofs.Bytecode.PairedAllInlineCoreTrace.inline51Template_length' does not depend on any axioms
info: Challenge/Ripemd160/Submission/Proofs/Bytecode/PairedAllInlineCoreTrace.lean:3329:0: 'Challenge.Ripemd160.Submission.Proofs.Bytecode.PairedAllInlineCoreTrace.run_inline51Template_raw' depends on axioms: [propext,
 Quot.sound]
info: Challenge/Ripemd160/Submission/Proofs/Bytecode/PairedAllInlineCoreTrace.lean:3339:0: 'Challenge.Ripemd160.Submission.Proofs.Bytecode.PairedAllInlineCoreTrace.run_inline51Template' depends on axioms: [propext,
 Classical.choice,
 Quot.sound]
info: Challenge/Ripemd160/Submission/Proofs/Bytecode/PairedAllInlineCoreTrace.lean:3361:0: 'Challenge.Ripemd160.Submission.Proofs.Bytecode.PairedAllInlineCoreTrace.run_inline51Template_word' depends on axioms: [propext,
 Classical.choice,
 Quot.sound]
info: Challenge/Ripemd160/Submission/Proofs/Bytecode/PairedAllInlineCoreTrace.lean:3419:0: 'Challenge.Ripemd160.Submission.Proofs.Bytecode.PairedAllInlineCoreTrace.inline52Template_length' does not depend on any axioms
info: Challenge/Ripemd160/Submission/Proofs/Bytecode/PairedAllInlineCoreTrace.lean:3438:0: 'Challenge.Ripemd160.Submission.Proofs.Bytecode.PairedAllInlineCoreTrace.run_inline52Template_raw' depends on axioms: [propext,
 Quot.sound]
info: Challenge/Ripemd160/Submission/Proofs/Bytecode/PairedAllInlineCoreTrace.lean:3448:0: 'Challenge.Ripemd160.Submission.Proofs.Bytecode.PairedAllInlineCoreTrace.run_inline52Template' depends on axioms: [propext,
 Classical.choice,
 Quot.sound]
info: Challenge/Ripemd160/Submission/Proofs/Bytecode/PairedAllInlineCoreTrace.lean:3470:0: 'Challenge.Ripemd160.Submission.Proofs.Bytecode.PairedAllInlineCoreTrace.run_inline52Template_word' depends on axioms: [propext,
 Classical.choice,
 Quot.sound]
info: Challenge/Ripemd160/Submission/Proofs/Bytecode/PairedAllInlineCoreTrace.lean:3532:0: 'Challenge.Ripemd160.Submission.Proofs.Bytecode.PairedAllInlineCoreTrace.inline53Template_length' does not depend on any axioms
info: Challenge/Ripemd160/Submission/Proofs/Bytecode/PairedAllInlineCoreTrace.lean:3551:0: 'Challenge.Ripemd160.Submission.Proofs.Bytecode.PairedAllInlineCoreTrace.run_inline53Template_raw' depends on axioms: [propext,
 Quot.sound]
info: Challenge/Ripemd160/Submission/Proofs/Bytecode/PairedAllInlineCoreTrace.lean:3561:0: 'Challenge.Ripemd160.Submission.Proofs.Bytecode.PairedAllInlineCoreTrace.run_inline53Template' depends on axioms: [propext,
 Classical.choice,
 Quot.sound]
info: Challenge/Ripemd160/Submission/Proofs/Bytecode/PairedAllInlineCoreTrace.lean:3583:0: 'Challenge.Ripemd160.Submission.Proofs.Bytecode.PairedAllInlineCoreTrace.run_inline53Template_word' depends on axioms: [propext,
 Classical.choice,
 Quot.sound]
info: Challenge/Ripemd160/Submission/Proofs/Bytecode/PairedAllInlineCoreTrace.lean:3647:0: 'Challenge.Ripemd160.Submission.Proofs.Bytecode.PairedAllInlineCoreTrace.inline54Template_length' does not depend on any axioms
info: Challenge/Ripemd160/Submission/Proofs/Bytecode/PairedAllInlineCoreTrace.lean:3666:0: 'Challenge.Ripemd160.Submission.Proofs.Bytecode.PairedAllInlineCoreTrace.run_inline54Template_raw' depends on axioms: [propext,
 Quot.sound]
info: Challenge/Ripemd160/Submission/Proofs/Bytecode/PairedAllInlineCoreTrace.lean:3676:0: 'Challenge.Ripemd160.Submission.Proofs.Bytecode.PairedAllInlineCoreTrace.run_inline54Template' depends on axioms: [propext,
 Classical.choice,
 Quot.sound]
info: Challenge/Ripemd160/Submission/Proofs/Bytecode/PairedAllInlineCoreTrace.lean:3698:0: 'Challenge.Ripemd160.Submission.Proofs.Bytecode.PairedAllInlineCoreTrace.run_inline54Template_word' depends on axioms: [propext,
 Classical.choice,
 Quot.sound]
info: Challenge/Ripemd160/Submission/Proofs/Bytecode/PairedAllInlineCoreTrace.lean:3762:0: 'Challenge.Ripemd160.Submission.Proofs.Bytecode.PairedAllInlineCoreTrace.inline55Template_length' does not depend on any axioms
info: Challenge/Ripemd160/Submission/Proofs/Bytecode/PairedAllInlineCoreTrace.lean:3781:0: 'Challenge.Ripemd160.Submission.Proofs.Bytecode.PairedAllInlineCoreTrace.run_inline55Template_raw' depends on axioms: [propext,
 Quot.sound]
info: Challenge/Ripemd160/Submission/Proofs/Bytecode/PairedAllInlineCoreTrace.lean:3791:0: 'Challenge.Ripemd160.Submission.Proofs.Bytecode.PairedAllInlineCoreTrace.run_inline55Template' depends on axioms: [propext,
 Classical.choice,
 Quot.sound]
info: Challenge/Ripemd160/Submission/Proofs/Bytecode/PairedAllInlineCoreTrace.lean:3813:0: 'Challenge.Ripemd160.Submission.Proofs.Bytecode.PairedAllInlineCoreTrace.run_inline55Template_word' depends on axioms: [propext,
 Classical.choice,
 Quot.sound]
info: Challenge/Ripemd160/Submission/Proofs/Bytecode/PairedAllInlineCoreTrace.lean:3877:0: 'Challenge.Ripemd160.Submission.Proofs.Bytecode.PairedAllInlineCoreTrace.inline56Template_length' does not depend on any axioms
info: Challenge/Ripemd160/Submission/Proofs/Bytecode/PairedAllInlineCoreTrace.lean:3896:0: 'Challenge.Ripemd160.Submission.Proofs.Bytecode.PairedAllInlineCoreTrace.run_inline56Template_raw' depends on axioms: [propext,
 Quot.sound]
info: Challenge/Ripemd160/Submission/Proofs/Bytecode/PairedAllInlineCoreTrace.lean:3906:0: 'Challenge.Ripemd160.Submission.Proofs.Bytecode.PairedAllInlineCoreTrace.run_inline56Template' depends on axioms: [propext,
 Classical.choice,
 Quot.sound]
info: Challenge/Ripemd160/Submission/Proofs/Bytecode/PairedAllInlineCoreTrace.lean:3928:0: 'Challenge.Ripemd160.Submission.Proofs.Bytecode.PairedAllInlineCoreTrace.run_inline56Template_word' depends on axioms: [propext,
 Classical.choice,
 Quot.sound]
info: Challenge/Ripemd160/Submission/Proofs/Bytecode/PairedAllInlineCoreTrace.lean:3992:0: 'Challenge.Ripemd160.Submission.Proofs.Bytecode.PairedAllInlineCoreTrace.inline57Template_length' does not depend on any axioms
info: Challenge/Ripemd160/Submission/Proofs/Bytecode/PairedAllInlineCoreTrace.lean:4011:0: 'Challenge.Ripemd160.Submission.Proofs.Bytecode.PairedAllInlineCoreTrace.run_inline57Template_raw' depends on axioms: [propext,
 Quot.sound]
info: Challenge/Ripemd160/Submission/Proofs/Bytecode/PairedAllInlineCoreTrace.lean:4021:0: 'Challenge.Ripemd160.Submission.Proofs.Bytecode.PairedAllInlineCoreTrace.run_inline57Template' depends on axioms: [propext,
 Classical.choice,
 Quot.sound]
info: Challenge/Ripemd160/Submission/Proofs/Bytecode/PairedAllInlineCoreTrace.lean:4043:0: 'Challenge.Ripemd160.Submission.Proofs.Bytecode.PairedAllInlineCoreTrace.run_inline57Template_word' depends on axioms: [propext,
 Classical.choice,
 Quot.sound]
info: Challenge/Ripemd160/Submission/Proofs/Bytecode/PairedAllInlineCoreTrace.lean:4107:0: 'Challenge.Ripemd160.Submission.Proofs.Bytecode.PairedAllInlineCoreTrace.inline58Template_length' does not depend on any axioms
info: Challenge/Ripemd160/Submission/Proofs/Bytecode/PairedAllInlineCoreTrace.lean:4126:0: 'Challenge.Ripemd160.Submission.Proofs.Bytecode.PairedAllInlineCoreTrace.run_inline58Template_raw' depends on axioms: [propext,
 Quot.sound]
info: Challenge/Ripemd160/Submission/Proofs/Bytecode/PairedAllInlineCoreTrace.lean:4136:0: 'Challenge.Ripemd160.Submission.Proofs.Bytecode.PairedAllInlineCoreTrace.run_inline58Template' depends on axioms: [propext,
 Classical.choice,
 Quot.sound]
info: Challenge/Ripemd160/Submission/Proofs/Bytecode/PairedAllInlineCoreTrace.lean:4158:0: 'Challenge.Ripemd160.Submission.Proofs.Bytecode.PairedAllInlineCoreTrace.run_inline58Template_word' depends on axioms: [propext,
 Classical.choice,
 Quot.sound]
info: Challenge/Ripemd160/Submission/Proofs/Bytecode/PairedAllInlineCoreTrace.lean:4222:0: 'Challenge.Ripemd160.Submission.Proofs.Bytecode.PairedAllInlineCoreTrace.inline59Template_length' does not depend on any axioms
info: Challenge/Ripemd160/Submission/Proofs/Bytecode/PairedAllInlineCoreTrace.lean:4241:0: 'Challenge.Ripemd160.Submission.Proofs.Bytecode.PairedAllInlineCoreTrace.run_inline59Template_raw' depends on axioms: [propext,
 Quot.sound]
info: Challenge/Ripemd160/Submission/Proofs/Bytecode/PairedAllInlineCoreTrace.lean:4251:0: 'Challenge.Ripemd160.Submission.Proofs.Bytecode.PairedAllInlineCoreTrace.run_inline59Template' depends on axioms: [propext,
 Classical.choice,
 Quot.sound]
info: Challenge/Ripemd160/Submission/Proofs/Bytecode/PairedAllInlineCoreTrace.lean:4273:0: 'Challenge.Ripemd160.Submission.Proofs.Bytecode.PairedAllInlineCoreTrace.run_inline59Template_word' depends on axioms: [propext,
 Classical.choice,
 Quot.sound]
info: Challenge/Ripemd160/Submission/Proofs/Bytecode/PairedAllInlineCoreTrace.lean:4337:0: 'Challenge.Ripemd160.Submission.Proofs.Bytecode.PairedAllInlineCoreTrace.inline60Template_length' does not depend on any axioms
info: Challenge/Ripemd160/Submission/Proofs/Bytecode/PairedAllInlineCoreTrace.lean:4356:0: 'Challenge.Ripemd160.Submission.Proofs.Bytecode.PairedAllInlineCoreTrace.run_inline60Template_raw' depends on axioms: [propext,
 Quot.sound]
info: Challenge/Ripemd160/Submission/Proofs/Bytecode/PairedAllInlineCoreTrace.lean:4366:0: 'Challenge.Ripemd160.Submission.Proofs.Bytecode.PairedAllInlineCoreTrace.run_inline60Template' depends on axioms: [propext,
 Classical.choice,
 Quot.sound]
info: Challenge/Ripemd160/Submission/Proofs/Bytecode/PairedAllInlineCoreTrace.lean:4388:0: 'Challenge.Ripemd160.Submission.Proofs.Bytecode.PairedAllInlineCoreTrace.run_inline60Template_word' depends on axioms: [propext,
 Classical.choice,
 Quot.sound]
info: Challenge/Ripemd160/Submission/Proofs/Bytecode/PairedAllInlineCoreTrace.lean:4450:0: 'Challenge.Ripemd160.Submission.Proofs.Bytecode.PairedAllInlineCoreTrace.inline61Template_length' does not depend on any axioms
info: Challenge/Ripemd160/Submission/Proofs/Bytecode/PairedAllInlineCoreTrace.lean:4469:0: 'Challenge.Ripemd160.Submission.Proofs.Bytecode.PairedAllInlineCoreTrace.run_inline61Template_raw' depends on axioms: [propext,
 Quot.sound]
info: Challenge/Ripemd160/Submission/Proofs/Bytecode/PairedAllInlineCoreTrace.lean:4479:0: 'Challenge.Ripemd160.Submission.Proofs.Bytecode.PairedAllInlineCoreTrace.run_inline61Template' depends on axioms: [propext,
 Classical.choice,
 Quot.sound]
info: Challenge/Ripemd160/Submission/Proofs/Bytecode/PairedAllInlineCoreTrace.lean:4501:0: 'Challenge.Ripemd160.Submission.Proofs.Bytecode.PairedAllInlineCoreTrace.run_inline61Template_word' depends on axioms: [propext,
 Classical.choice,
 Quot.sound]
info: Challenge/Ripemd160/Submission/Proofs/Bytecode/PairedAllInlineCoreTrace.lean:4565:0: 'Challenge.Ripemd160.Submission.Proofs.Bytecode.PairedAllInlineCoreTrace.inline62Template_length' does not depend on any axioms
info: Challenge/Ripemd160/Submission/Proofs/Bytecode/PairedAllInlineCoreTrace.lean:4584:0: 'Challenge.Ripemd160.Submission.Proofs.Bytecode.PairedAllInlineCoreTrace.run_inline62Template_raw' depends on axioms: [propext,
 Quot.sound]
info: Challenge/Ripemd160/Submission/Proofs/Bytecode/PairedAllInlineCoreTrace.lean:4594:0: 'Challenge.Ripemd160.Submission.Proofs.Bytecode.PairedAllInlineCoreTrace.run_inline62Template' depends on axioms: [propext,
 Classical.choice,
 Quot.sound]
info: Challenge/Ripemd160/Submission/Proofs/Bytecode/PairedAllInlineCoreTrace.lean:4616:0: 'Challenge.Ripemd160.Submission.Proofs.Bytecode.PairedAllInlineCoreTrace.run_inline62Template_word' depends on axioms: [propext,
 Classical.choice,
 Quot.sound]
info: Challenge/Ripemd160/Submission/Proofs/Bytecode/PairedAllInlineCoreTrace.lean:4680:0: 'Challenge.Ripemd160.Submission.Proofs.Bytecode.PairedAllInlineCoreTrace.inline63Template_length' does not depend on any axioms
info: Challenge/Ripemd160/Submission/Proofs/Bytecode/PairedAllInlineCoreTrace.lean:4699:0: 'Challenge.Ripemd160.Submission.Proofs.Bytecode.PairedAllInlineCoreTrace.run_inline63Template_raw' depends on axioms: [propext,
 Quot.sound]
info: Challenge/Ripemd160/Submission/Proofs/Bytecode/PairedAllInlineCoreTrace.lean:4709:0: 'Challenge.Ripemd160.Submission.Proofs.Bytecode.PairedAllInlineCoreTrace.run_inline63Template' depends on axioms: [propext,
 Classical.choice,
 Quot.sound]
info: Challenge/Ripemd160/Submission/Proofs/Bytecode/PairedAllInlineCoreTrace.lean:4734:0: 'Challenge.Ripemd160.Submission.Proofs.Bytecode.PairedAllInlineCoreTrace.run_inline63Template_word' depends on axioms: [propext,
 Classical.choice,
 Quot.sound]
info: Challenge/Ripemd160/Submission/Proofs/Bytecode/PairedAllInlineCoreTrace.lean:4794:0: 'Challenge.Ripemd160.Submission.Proofs.Bytecode.PairedAllInlineCoreTrace.inline64Template_length' does not depend on any axioms
info: Challenge/Ripemd160/Submission/Proofs/Bytecode/PairedAllInlineCoreTrace.lean:4813:0: 'Challenge.Ripemd160.Submission.Proofs.Bytecode.PairedAllInlineCoreTrace.run_inline64Template_raw' depends on axioms: [propext,
 Quot.sound]
info: Challenge/Ripemd160/Submission/Proofs/Bytecode/PairedAllInlineCoreTrace.lean:4823:0: 'Challenge.Ripemd160.Submission.Proofs.Bytecode.PairedAllInlineCoreTrace.run_inline64Template' depends on axioms: [propext,
 Classical.choice,
 Quot.sound]
info: Challenge/Ripemd160/Submission/Proofs/Bytecode/PairedAllInlineCoreTrace.lean:4845:0: 'Challenge.Ripemd160.Submission.Proofs.Bytecode.PairedAllInlineCoreTrace.run_inline64Template_word' depends on axioms: [propext,
 Classical.choice,
 Quot.sound]
info: Challenge/Ripemd160/Submission/Proofs/Bytecode/PairedAllInlineCoreTrace.lean:4907:0: 'Challenge.Ripemd160.Submission.Proofs.Bytecode.PairedAllInlineCoreTrace.inline65Template_length' does not depend on any axioms
info: Challenge/Ripemd160/Submission/Proofs/Bytecode/PairedAllInlineCoreTrace.lean:4926:0: 'Challenge.Ripemd160.Submission.Proofs.Bytecode.PairedAllInlineCoreTrace.run_inline65Template_raw' depends on axioms: [propext,
 Quot.sound]
info: Challenge/Ripemd160/Submission/Proofs/Bytecode/PairedAllInlineCoreTrace.lean:4936:0: 'Challenge.Ripemd160.Submission.Proofs.Bytecode.PairedAllInlineCoreTrace.run_inline65Template' depends on axioms: [propext,
 Classical.choice,
 Quot.sound]
info: Challenge/Ripemd160/Submission/Proofs/Bytecode/PairedAllInlineCoreTrace.lean:4958:0: 'Challenge.Ripemd160.Submission.Proofs.Bytecode.PairedAllInlineCoreTrace.run_inline65Template_word' depends on axioms: [propext,
 Classical.choice,
 Quot.sound]
info: Challenge/Ripemd160/Submission/Proofs/Bytecode/PairedAllInlineCoreTrace.lean:5020:0: 'Challenge.Ripemd160.Submission.Proofs.Bytecode.PairedAllInlineCoreTrace.inline66Template_length' does not depend on any axioms
info: Challenge/Ripemd160/Submission/Proofs/Bytecode/PairedAllInlineCoreTrace.lean:5039:0: 'Challenge.Ripemd160.Submission.Proofs.Bytecode.PairedAllInlineCoreTrace.run_inline66Template_raw' depends on axioms: [propext,
 Quot.sound]
info: Challenge/Ripemd160/Submission/Proofs/Bytecode/PairedAllInlineCoreTrace.lean:5049:0: 'Challenge.Ripemd160.Submission.Proofs.Bytecode.PairedAllInlineCoreTrace.run_inline66Template' depends on axioms: [propext,
 Classical.choice,
 Quot.sound]
info: Challenge/Ripemd160/Submission/Proofs/Bytecode/PairedAllInlineCoreTrace.lean:5071:0: 'Challenge.Ripemd160.Submission.Proofs.Bytecode.PairedAllInlineCoreTrace.run_inline66Template_word' depends on axioms: [propext,
 Classical.choice,
 Quot.sound]
info: Challenge/Ripemd160/Submission/Proofs/Bytecode/PairedAllInlineCoreTrace.lean:5133:0: 'Challenge.Ripemd160.Submission.Proofs.Bytecode.PairedAllInlineCoreTrace.inline67Template_length' does not depend on any axioms
info: Challenge/Ripemd160/Submission/Proofs/Bytecode/PairedAllInlineCoreTrace.lean:5152:0: 'Challenge.Ripemd160.Submission.Proofs.Bytecode.PairedAllInlineCoreTrace.run_inline67Template_raw' depends on axioms: [propext,
 Quot.sound]
info: Challenge/Ripemd160/Submission/Proofs/Bytecode/PairedAllInlineCoreTrace.lean:5162:0: 'Challenge.Ripemd160.Submission.Proofs.Bytecode.PairedAllInlineCoreTrace.run_inline67Template' depends on axioms: [propext,
 Classical.choice,
 Quot.sound]
info: Challenge/Ripemd160/Submission/Proofs/Bytecode/PairedAllInlineCoreTrace.lean:5184:0: 'Challenge.Ripemd160.Submission.Proofs.Bytecode.PairedAllInlineCoreTrace.run_inline67Template_word' depends on axioms: [propext,
 Classical.choice,
 Quot.sound]
info: Challenge/Ripemd160/Submission/Proofs/Bytecode/PairedAllInlineCoreTrace.lean:5246:0: 'Challenge.Ripemd160.Submission.Proofs.Bytecode.PairedAllInlineCoreTrace.inline68Template_length' does not depend on any axioms
info: Challenge/Ripemd160/Submission/Proofs/Bytecode/PairedAllInlineCoreTrace.lean:5265:0: 'Challenge.Ripemd160.Submission.Proofs.Bytecode.PairedAllInlineCoreTrace.run_inline68Template_raw' depends on axioms: [propext,
 Quot.sound]
info: Challenge/Ripemd160/Submission/Proofs/Bytecode/PairedAllInlineCoreTrace.lean:5275:0: 'Challenge.Ripemd160.Submission.Proofs.Bytecode.PairedAllInlineCoreTrace.run_inline68Template' depends on axioms: [propext,
 Classical.choice,
 Quot.sound]
info: Challenge/Ripemd160/Submission/Proofs/Bytecode/PairedAllInlineCoreTrace.lean:5297:0: 'Challenge.Ripemd160.Submission.Proofs.Bytecode.PairedAllInlineCoreTrace.run_inline68Template_word' depends on axioms: [propext,
 Classical.choice,
 Quot.sound]
info: Challenge/Ripemd160/Submission/Proofs/Bytecode/PairedAllInlineCoreTrace.lean:5359:0: 'Challenge.Ripemd160.Submission.Proofs.Bytecode.PairedAllInlineCoreTrace.inline69Template_length' does not depend on any axioms
info: Challenge/Ripemd160/Submission/Proofs/Bytecode/PairedAllInlineCoreTrace.lean:5378:0: 'Challenge.Ripemd160.Submission.Proofs.Bytecode.PairedAllInlineCoreTrace.run_inline69Template_raw' depends on axioms: [propext,
 Quot.sound]
info: Challenge/Ripemd160/Submission/Proofs/Bytecode/PairedAllInlineCoreTrace.lean:5388:0: 'Challenge.Ripemd160.Submission.Proofs.Bytecode.PairedAllInlineCoreTrace.run_inline69Template' depends on axioms: [propext,
 Classical.choice,
 Quot.sound]
info: Challenge/Ripemd160/Submission/Proofs/Bytecode/PairedAllInlineCoreTrace.lean:5410:0: 'Challenge.Ripemd160.Submission.Proofs.Bytecode.PairedAllInlineCoreTrace.run_inline69Template_word' depends on axioms: [propext,
 Classical.choice,
 Quot.sound]
info: Challenge/Ripemd160/Submission/Proofs/Bytecode/PairedAllInlineCoreTrace.lean:5470:0: 'Challenge.Ripemd160.Submission.Proofs.Bytecode.PairedAllInlineCoreTrace.inline70Template_length' does not depend on any axioms
info: Challenge/Ripemd160/Submission/Proofs/Bytecode/PairedAllInlineCoreTrace.lean:5489:0: 'Challenge.Ripemd160.Submission.Proofs.Bytecode.PairedAllInlineCoreTrace.run_inline70Template_raw' depends on axioms: [propext,
 Quot.sound]
info: Challenge/Ripemd160/Submission/Proofs/Bytecode/PairedAllInlineCoreTrace.lean:5499:0: 'Challenge.Ripemd160.Submission.Proofs.Bytecode.PairedAllInlineCoreTrace.run_inline70Template' depends on axioms: [propext,
 Classical.choice,
 Quot.sound]
info: Challenge/Ripemd160/Submission/Proofs/Bytecode/PairedAllInlineCoreTrace.lean:5521:0: 'Challenge.Ripemd160.Submission.Proofs.Bytecode.PairedAllInlineCoreTrace.run_inline70Template_word' depends on axioms: [propext,
 Classical.choice,
 Quot.sound]
info: Challenge/Ripemd160/Submission/Proofs/Bytecode/PairedAllInlineCoreTrace.lean:5583:0: 'Challenge.Ripemd160.Submission.Proofs.Bytecode.PairedAllInlineCoreTrace.inline71Template_length' does not depend on any axioms
info: Challenge/Ripemd160/Submission/Proofs/Bytecode/PairedAllInlineCoreTrace.lean:5602:0: 'Challenge.Ripemd160.Submission.Proofs.Bytecode.PairedAllInlineCoreTrace.run_inline71Template_raw' depends on axioms: [propext,
 Quot.sound]
info: Challenge/Ripemd160/Submission/Proofs/Bytecode/PairedAllInlineCoreTrace.lean:5612:0: 'Challenge.Ripemd160.Submission.Proofs.Bytecode.PairedAllInlineCoreTrace.run_inline71Template' depends on axioms: [propext,
 Classical.choice,
 Quot.sound]
info: Challenge/Ripemd160/Submission/Proofs/Bytecode/PairedAllInlineCoreTrace.lean:5634:0: 'Challenge.Ripemd160.Submission.Proofs.Bytecode.PairedAllInlineCoreTrace.run_inline71Template_word' depends on axioms: [propext,
 Classical.choice,
 Quot.sound]
info: Challenge/Ripemd160/Submission/Proofs/Bytecode/PairedAllInlineCoreTrace.lean:5696:0: 'Challenge.Ripemd160.Submission.Proofs.Bytecode.PairedAllInlineCoreTrace.inline72Template_length' does not depend on any axioms
info: Challenge/Ripemd160/Submission/Proofs/Bytecode/PairedAllInlineCoreTrace.lean:5715:0: 'Challenge.Ripemd160.Submission.Proofs.Bytecode.PairedAllInlineCoreTrace.run_inline72Template_raw' depends on axioms: [propext,
 Quot.sound]
info: Challenge/Ripemd160/Submission/Proofs/Bytecode/PairedAllInlineCoreTrace.lean:5725:0: 'Challenge.Ripemd160.Submission.Proofs.Bytecode.PairedAllInlineCoreTrace.run_inline72Template' depends on axioms: [propext,
 Classical.choice,
 Quot.sound]
info: Challenge/Ripemd160/Submission/Proofs/Bytecode/PairedAllInlineCoreTrace.lean:5747:0: 'Challenge.Ripemd160.Submission.Proofs.Bytecode.PairedAllInlineCoreTrace.run_inline72Template_word' depends on axioms: [propext,
 Classical.choice,
 Quot.sound]
info: Challenge/Ripemd160/Submission/Proofs/Bytecode/PairedAllInlineCoreTrace.lean:5807:0: 'Challenge.Ripemd160.Submission.Proofs.Bytecode.PairedAllInlineCoreTrace.inline73Template_length' does not depend on any axioms
info: Challenge/Ripemd160/Submission/Proofs/Bytecode/PairedAllInlineCoreTrace.lean:5826:0: 'Challenge.Ripemd160.Submission.Proofs.Bytecode.PairedAllInlineCoreTrace.run_inline73Template_raw' depends on axioms: [propext,
 Quot.sound]
info: Challenge/Ripemd160/Submission/Proofs/Bytecode/PairedAllInlineCoreTrace.lean:5836:0: 'Challenge.Ripemd160.Submission.Proofs.Bytecode.PairedAllInlineCoreTrace.run_inline73Template' depends on axioms: [propext,
 Classical.choice,
 Quot.sound]
info: Challenge/Ripemd160/Submission/Proofs/Bytecode/PairedAllInlineCoreTrace.lean:5858:0: 'Challenge.Ripemd160.Submission.Proofs.Bytecode.PairedAllInlineCoreTrace.run_inline73Template_word' depends on axioms: [propext,
 Classical.choice,
 Quot.sound]
info: Challenge/Ripemd160/Submission/Proofs/Bytecode/PairedAllInlineCoreTrace.lean:5920:0: 'Challenge.Ripemd160.Submission.Proofs.Bytecode.PairedAllInlineCoreTrace.inline74Template_length' does not depend on any axioms
info: Challenge/Ripemd160/Submission/Proofs/Bytecode/PairedAllInlineCoreTrace.lean:5939:0: 'Challenge.Ripemd160.Submission.Proofs.Bytecode.PairedAllInlineCoreTrace.run_inline74Template_raw' depends on axioms: [propext,
 Quot.sound]
info: Challenge/Ripemd160/Submission/Proofs/Bytecode/PairedAllInlineCoreTrace.lean:5949:0: 'Challenge.Ripemd160.Submission.Proofs.Bytecode.PairedAllInlineCoreTrace.run_inline74Template' depends on axioms: [propext,
 Classical.choice,
 Quot.sound]
info: Challenge/Ripemd160/Submission/Proofs/Bytecode/PairedAllInlineCoreTrace.lean:5971:0: 'Challenge.Ripemd160.Submission.Proofs.Bytecode.PairedAllInlineCoreTrace.run_inline74Template_word' depends on axioms: [propext,
 Classical.choice,
 Quot.sound]
info: Challenge/Ripemd160/Submission/Proofs/Bytecode/PairedAllInlineCoreTrace.lean:6033:0: 'Challenge.Ripemd160.Submission.Proofs.Bytecode.PairedAllInlineCoreTrace.inline75Template_length' does not depend on any axioms
info: Challenge/Ripemd160/Submission/Proofs/Bytecode/PairedAllInlineCoreTrace.lean:6052:0: 'Challenge.Ripemd160.Submission.Proofs.Bytecode.PairedAllInlineCoreTrace.run_inline75Template_raw' depends on axioms: [propext,
 Quot.sound]
info: Challenge/Ripemd160/Submission/Proofs/Bytecode/PairedAllInlineCoreTrace.lean:6062:0: 'Challenge.Ripemd160.Submission.Proofs.Bytecode.PairedAllInlineCoreTrace.run_inline75Template' depends on axioms: [propext,
 Classical.choice,
 Quot.sound]
info: Challenge/Ripemd160/Submission/Proofs/Bytecode/PairedAllInlineCoreTrace.lean:6084:0: 'Challenge.Ripemd160.Submission.Proofs.Bytecode.PairedAllInlineCoreTrace.run_inline75Template_word' depends on axioms: [propext,
 Classical.choice,
 Quot.sound]
info: Challenge/Ripemd160/Submission/Proofs/Bytecode/PairedAllInlineCoreTrace.lean:6146:0: 'Challenge.Ripemd160.Submission.Proofs.Bytecode.PairedAllInlineCoreTrace.inline76Template_length' does not depend on any axioms
info: Challenge/Ripemd160/Submission/Proofs/Bytecode/PairedAllInlineCoreTrace.lean:6165:0: 'Challenge.Ripemd160.Submission.Proofs.Bytecode.PairedAllInlineCoreTrace.run_inline76Template_raw' depends on axioms: [propext,
 Quot.sound]
info: Challenge/Ripemd160/Submission/Proofs/Bytecode/PairedAllInlineCoreTrace.lean:6175:0: 'Challenge.Ripemd160.Submission.Proofs.Bytecode.PairedAllInlineCoreTrace.run_inline76Template' depends on axioms: [propext,
 Classical.choice,
 Quot.sound]
info: Challenge/Ripemd160/Submission/Proofs/Bytecode/PairedAllInlineCoreTrace.lean:6197:0: 'Challenge.Ripemd160.Submission.Proofs.Bytecode.PairedAllInlineCoreTrace.run_inline76Template_word' depends on axioms: [propext,
 Classical.choice,
 Quot.sound]
info: Challenge/Ripemd160/Submission/Proofs/Bytecode/PairedAllInlineCoreTrace.lean:6259:0: 'Challenge.Ripemd160.Submission.Proofs.Bytecode.PairedAllInlineCoreTrace.inline77Template_length' does not depend on any axioms
info: Challenge/Ripemd160/Submission/Proofs/Bytecode/PairedAllInlineCoreTrace.lean:6278:0: 'Challenge.Ripemd160.Submission.Proofs.Bytecode.PairedAllInlineCoreTrace.run_inline77Template_raw' depends on axioms: [propext,
 Quot.sound]
info: Challenge/Ripemd160/Submission/Proofs/Bytecode/PairedAllInlineCoreTrace.lean:6288:0: 'Challenge.Ripemd160.Submission.Proofs.Bytecode.PairedAllInlineCoreTrace.run_inline77Template' depends on axioms: [propext,
 Classical.choice,
 Quot.sound]
info: Challenge/Ripemd160/Submission/Proofs/Bytecode/PairedAllInlineCoreTrace.lean:6310:0: 'Challenge.Ripemd160.Submission.Proofs.Bytecode.PairedAllInlineCoreTrace.run_inline77Template_word' depends on axioms: [propext,
 Classical.choice,
 Quot.sound]
info: Challenge/Ripemd160/Submission/Proofs/Bytecode/PairedAllInlineCoreTrace.lean:6372:0: 'Challenge.Ripemd160.Submission.Proofs.Bytecode.PairedAllInlineCoreTrace.inline78Template_length' does not depend on any axioms
info: Challenge/Ripemd160/Submission/Proofs/Bytecode/PairedAllInlineCoreTrace.lean:6391:0: 'Challenge.Ripemd160.Submission.Proofs.Bytecode.PairedAllInlineCoreTrace.run_inline78Template_raw' depends on axioms: [propext,
 Quot.sound]
info: Challenge/Ripemd160/Submission/Proofs/Bytecode/PairedAllInlineCoreTrace.lean:6401:0: 'Challenge.Ripemd160.Submission.Proofs.Bytecode.PairedAllInlineCoreTrace.run_inline78Template' depends on axioms: [propext,
 Classical.choice,
 Quot.sound]
info: Challenge/Ripemd160/Submission/Proofs/Bytecode/PairedAllInlineCoreTrace.lean:6423:0: 'Challenge.Ripemd160.Submission.Proofs.Bytecode.PairedAllInlineCoreTrace.run_inline78Template_word' depends on axioms: [propext,
 Classical.choice,
 Quot.sound]
info: Challenge/Ripemd160/Submission/Proofs/Bytecode/PairedAllInlineCoreTrace.lean:6485:0: 'Challenge.Ripemd160.Submission.Proofs.Bytecode.PairedAllInlineCoreTrace.inline79Template_length' does not depend on any axioms
info: Challenge/Ripemd160/Submission/Proofs/Bytecode/PairedAllInlineCoreTrace.lean:6504:0: 'Challenge.Ripemd160.Submission.Proofs.Bytecode.PairedAllInlineCoreTrace.run_inline79Template_raw' depends on axioms: [propext,
 Quot.sound]
info: Challenge/Ripemd160/Submission/Proofs/Bytecode/PairedAllInlineCoreTrace.lean:6514:0: 'Challenge.Ripemd160.Submission.Proofs.Bytecode.PairedAllInlineCoreTrace.run_inline79Template' depends on axioms: [propext,
 Classical.choice,
 Quot.sound]
info: Challenge/Ripemd160/Submission/Proofs/Bytecode/PairedAllInlineCoreTrace.lean:6536:0: 'Challenge.Ripemd160.Submission.Proofs.Bytecode.PairedAllInlineCoreTrace.run_inline79Template_word' depends on axioms: [propext,
 Classical.choice,
 Quot.sound]
info: Challenge/Ripemd160/Submission/Proofs/Bytecode/PairedAllInlineCoreTrace.lean:6584:0: 'Challenge.Ripemd160.Submission.Proofs.Bytecode.PairedAllInlineCoreTrace.CoreChain.run' depends on axioms: [propext,
 Quot.sound]
info: Challenge/Ripemd160/Submission/Proofs/Bytecode/PairedAllInlineCoreTrace.lean:6604:0: 'Challenge.Ripemd160.Submission.Proofs.Bytecode.PairedAllInlineCoreTrace.run_group0Template' depends on axioms: [propext,
 Classical.choice,
 Quot.sound]
info: Challenge/Ripemd160/Submission/Proofs/Bytecode/PairedAllInlineCoreTrace.lean:6625:0: 'Challenge.Ripemd160.Submission.Proofs.Bytecode.PairedAllInlineCoreTrace.run_group16Template' depends on axioms: [propext,
 Quot.sound]
info: Challenge/Ripemd160/Submission/Proofs/Bytecode/PairedAllInlineCoreTrace.lean:6658:0: 'Challenge.Ripemd160.Submission.Proofs.Bytecode.PairedAllInlineCoreTrace.run_group32Template' depends on axioms: [propext,
 Quot.sound]
info: Challenge/Ripemd160/Submission/Proofs/Bytecode/PairedAllInlineCoreTrace.lean:6682:0: 'Challenge.Ripemd160.Submission.Proofs.Bytecode.PairedAllInlineCoreTrace.run_group48Template' depends on axioms: [propext,
 Quot.sound]
info: Challenge/Ripemd160/Submission/Proofs/Bytecode/PairedAllInlineCoreTrace.lean:6705:0: 'Challenge.Ripemd160.Submission.Proofs.Bytecode.PairedAllInlineCoreTrace.run_group64Template' depends on axioms: [propext,
 Quot.sound]
info: Challenge/Ripemd160/Submission/Proofs/Bytecode/PairedAllInlineCoreTrace.lean:6727:0: 'Challenge.Ripemd160.Submission.Proofs.Bytecode.PairedAllInlineCoreTrace.run_coreExitTemplate' depends on axioms: [propext,
 Quot.sound]
info: Challenge/Ripemd160/Submission/Proofs/Bytecode/PairedAllInlineCoreTrace.lean:6731:0: 'Challenge.Ripemd160.Submission.Proofs.Bytecode.PairedAllInlineCoreTrace.group0Template_pc' depends on axioms: [propext]
info: Challenge/Ripemd160/Submission/Proofs/Bytecode/PairedAllInlineCoreTrace.lean:6744:0: 'Challenge.Ripemd160.Submission.Proofs.Bytecode.PairedAllInlineCoreTrace.inline0Template_pc' depends on axioms: [propext]
info: Challenge/Ripemd160/Submission/Proofs/Bytecode/PairedAllInlineCoreTrace.lean:6758:0: 'Challenge.Ripemd160.Submission.Proofs.Bytecode.PairedAllInlineCoreTrace.inline1Template_pc' depends on axioms: [propext]
info: Challenge/Ripemd160/Submission/Proofs/Bytecode/PairedAllInlineCoreTrace.lean:6772:0: 'Challenge.Ripemd160.Submission.Proofs.Bytecode.PairedAllInlineCoreTrace.inline2Template_pc' depends on axioms: [propext]
info: Challenge/Ripemd160/Submission/Proofs/Bytecode/PairedAllInlineCoreTrace.lean:6786:0: 'Challenge.Ripemd160.Submission.Proofs.Bytecode.PairedAllInlineCoreTrace.inline3Template_pc' depends on axioms: [propext]
info: Challenge/Ripemd160/Submission/Proofs/Bytecode/PairedAllInlineCoreTrace.lean:6800:0: 'Challenge.Ripemd160.Submission.Proofs.Bytecode.PairedAllInlineCoreTrace.inline4Template_pc' depends on axioms: [propext]
info: Challenge/Ripemd160/Submission/Proofs/Bytecode/PairedAllInlineCoreTrace.lean:6814:0: 'Challenge.Ripemd160.Submission.Proofs.Bytecode.PairedAllInlineCoreTrace.inline5Template_pc' depends on axioms: [propext]
info: Challenge/Ripemd160/Submission/Proofs/Bytecode/PairedAllInlineCoreTrace.lean:6828:0: 'Challenge.Ripemd160.Submission.Proofs.Bytecode.PairedAllInlineCoreTrace.inline6Template_pc' depends on axioms: [propext]
info: Challenge/Ripemd160/Submission/Proofs/Bytecode/PairedAllInlineCoreTrace.lean:6842:0: 'Challenge.Ripemd160.Submission.Proofs.Bytecode.PairedAllInlineCoreTrace.inline7Template_pc' depends on axioms: [propext]
info: Challenge/Ripemd160/Submission/Proofs/Bytecode/PairedAllInlineCoreTrace.lean:6856:0: 'Challenge.Ripemd160.Submission.Proofs.Bytecode.PairedAllInlineCoreTrace.inline8Template_pc' depends on axioms: [propext]
info: Challenge/Ripemd160/Submission/Proofs/Bytecode/PairedAllInlineCoreTrace.lean:6870:0: 'Challenge.Ripemd160.Submission.Proofs.Bytecode.PairedAllInlineCoreTrace.inline9Template_pc' depends on axioms: [propext]
info: Challenge/Ripemd160/Submission/Proofs/Bytecode/PairedAllInlineCoreTrace.lean:6884:0: 'Challenge.Ripemd160.Submission.Proofs.Bytecode.PairedAllInlineCoreTrace.inline10Template_pc' depends on axioms: [propext]
info: Challenge/Ripemd160/Submission/Proofs/Bytecode/PairedAllInlineCoreTrace.lean:6898:0: 'Challenge.Ripemd160.Submission.Proofs.Bytecode.PairedAllInlineCoreTrace.inline11Template_pc' depends on axioms: [propext]
info: Challenge/Ripemd160/Submission/Proofs/Bytecode/PairedAllInlineCoreTrace.lean:6912:0: 'Challenge.Ripemd160.Submission.Proofs.Bytecode.PairedAllInlineCoreTrace.inline12Template_pc' depends on axioms: [propext]
info: Challenge/Ripemd160/Submission/Proofs/Bytecode/PairedAllInlineCoreTrace.lean:6926:0: 'Challenge.Ripemd160.Submission.Proofs.Bytecode.PairedAllInlineCoreTrace.inline13Template_pc' depends on axioms: [propext]
info: Challenge/Ripemd160/Submission/Proofs/Bytecode/PairedAllInlineCoreTrace.lean:6940:0: 'Challenge.Ripemd160.Submission.Proofs.Bytecode.PairedAllInlineCoreTrace.inline14Template_pc' depends on axioms: [propext]
info: Challenge/Ripemd160/Submission/Proofs/Bytecode/PairedAllInlineCoreTrace.lean:6954:0: 'Challenge.Ripemd160.Submission.Proofs.Bytecode.PairedAllInlineCoreTrace.inline15Template_pc' depends on axioms: [propext]
info: Challenge/Ripemd160/Submission/Proofs/Bytecode/PairedAllInlineCoreTrace.lean:6968:0: 'Challenge.Ripemd160.Submission.Proofs.Bytecode.PairedAllInlineCoreTrace.group16Template_pc' depends on axioms: [propext]
info: Challenge/Ripemd160/Submission/Proofs/Bytecode/PairedAllInlineCoreTrace.lean:6981:0: 'Challenge.Ripemd160.Submission.Proofs.Bytecode.PairedAllInlineCoreTrace.inline16Template_pc' depends on axioms: [propext]
info: Challenge/Ripemd160/Submission/Proofs/Bytecode/PairedAllInlineCoreTrace.lean:6995:0: 'Challenge.Ripemd160.Submission.Proofs.Bytecode.PairedAllInlineCoreTrace.inline17Template_pc' depends on axioms: [propext]
info: Challenge/Ripemd160/Submission/Proofs/Bytecode/PairedAllInlineCoreTrace.lean:7009:0: 'Challenge.Ripemd160.Submission.Proofs.Bytecode.PairedAllInlineCoreTrace.inline18Template_pc' depends on axioms: [propext]
info: Challenge/Ripemd160/Submission/Proofs/Bytecode/PairedAllInlineCoreTrace.lean:7023:0: 'Challenge.Ripemd160.Submission.Proofs.Bytecode.PairedAllInlineCoreTrace.inline19Template_pc' depends on axioms: [propext]
info: Challenge/Ripemd160/Submission/Proofs/Bytecode/PairedAllInlineCoreTrace.lean:7037:0: 'Challenge.Ripemd160.Submission.Proofs.Bytecode.PairedAllInlineCoreTrace.inline20Template_pc' depends on axioms: [propext]
info: Challenge/Ripemd160/Submission/Proofs/Bytecode/PairedAllInlineCoreTrace.lean:7051:0: 'Challenge.Ripemd160.Submission.Proofs.Bytecode.PairedAllInlineCoreTrace.inline21Template_pc' depends on axioms: [propext]
info: Challenge/Ripemd160/Submission/Proofs/Bytecode/PairedAllInlineCoreTrace.lean:7065:0: 'Challenge.Ripemd160.Submission.Proofs.Bytecode.PairedAllInlineCoreTrace.inline22Template_pc' depends on axioms: [propext]
info: Challenge/Ripemd160/Submission/Proofs/Bytecode/PairedAllInlineCoreTrace.lean:7079:0: 'Challenge.Ripemd160.Submission.Proofs.Bytecode.PairedAllInlineCoreTrace.inline23Template_pc' depends on axioms: [propext]
info: Challenge/Ripemd160/Submission/Proofs/Bytecode/PairedAllInlineCoreTrace.lean:7093:0: 'Challenge.Ripemd160.Submission.Proofs.Bytecode.PairedAllInlineCoreTrace.inline24Template_pc' depends on axioms: [propext]
info: Challenge/Ripemd160/Submission/Proofs/Bytecode/PairedAllInlineCoreTrace.lean:7107:0: 'Challenge.Ripemd160.Submission.Proofs.Bytecode.PairedAllInlineCoreTrace.inline25Template_pc' depends on axioms: [propext]
info: Challenge/Ripemd160/Submission/Proofs/Bytecode/PairedAllInlineCoreTrace.lean:7121:0: 'Challenge.Ripemd160.Submission.Proofs.Bytecode.PairedAllInlineCoreTrace.inline26Template_pc' depends on axioms: [propext]
info: Challenge/Ripemd160/Submission/Proofs/Bytecode/PairedAllInlineCoreTrace.lean:7135:0: 'Challenge.Ripemd160.Submission.Proofs.Bytecode.PairedAllInlineCoreTrace.inline27Template_pc' depends on axioms: [propext]
info: Challenge/Ripemd160/Submission/Proofs/Bytecode/PairedAllInlineCoreTrace.lean:7149:0: 'Challenge.Ripemd160.Submission.Proofs.Bytecode.PairedAllInlineCoreTrace.inline28Template_pc' depends on axioms: [propext]
info: Challenge/Ripemd160/Submission/Proofs/Bytecode/PairedAllInlineCoreTrace.lean:7163:0: 'Challenge.Ripemd160.Submission.Proofs.Bytecode.PairedAllInlineCoreTrace.inline29Template_pc' depends on axioms: [propext]
info: Challenge/Ripemd160/Submission/Proofs/Bytecode/PairedAllInlineCoreTrace.lean:7177:0: 'Challenge.Ripemd160.Submission.Proofs.Bytecode.PairedAllInlineCoreTrace.inline30Template_pc' depends on axioms: [propext]
info: Challenge/Ripemd160/Submission/Proofs/Bytecode/PairedAllInlineCoreTrace.lean:7191:0: 'Challenge.Ripemd160.Submission.Proofs.Bytecode.PairedAllInlineCoreTrace.inline31Template_pc' depends on axioms: [propext]
info: Challenge/Ripemd160/Submission/Proofs/Bytecode/PairedAllInlineCoreTrace.lean:7205:0: 'Challenge.Ripemd160.Submission.Proofs.Bytecode.PairedAllInlineCoreTrace.group32Template_pc' depends on axioms: [propext]
info: Challenge/Ripemd160/Submission/Proofs/Bytecode/PairedAllInlineCoreTrace.lean:7218:0: 'Challenge.Ripemd160.Submission.Proofs.Bytecode.PairedAllInlineCoreTrace.inline32Template_pc' depends on axioms: [propext]
info: Challenge/Ripemd160/Submission/Proofs/Bytecode/PairedAllInlineCoreTrace.lean:7232:0: 'Challenge.Ripemd160.Submission.Proofs.Bytecode.PairedAllInlineCoreTrace.inline33Template_pc' depends on axioms: [propext]
info: Challenge/Ripemd160/Submission/Proofs/Bytecode/PairedAllInlineCoreTrace.lean:7246:0: 'Challenge.Ripemd160.Submission.Proofs.Bytecode.PairedAllInlineCoreTrace.inline34Template_pc' depends on axioms: [propext]
info: Challenge/Ripemd160/Submission/Proofs/Bytecode/PairedAllInlineCoreTrace.lean:7260:0: 'Challenge.Ripemd160.Submission.Proofs.Bytecode.PairedAllInlineCoreTrace.inline35Template_pc' depends on axioms: [propext]
info: Challenge/Ripemd160/Submission/Proofs/Bytecode/PairedAllInlineCoreTrace.lean:7274:0: 'Challenge.Ripemd160.Submission.Proofs.Bytecode.PairedAllInlineCoreTrace.inline36Template_pc' depends on axioms: [propext]
info: Challenge/Ripemd160/Submission/Proofs/Bytecode/PairedAllInlineCoreTrace.lean:7288:0: 'Challenge.Ripemd160.Submission.Proofs.Bytecode.PairedAllInlineCoreTrace.inline37Template_pc' depends on axioms: [propext]
info: Challenge/Ripemd160/Submission/Proofs/Bytecode/PairedAllInlineCoreTrace.lean:7302:0: 'Challenge.Ripemd160.Submission.Proofs.Bytecode.PairedAllInlineCoreTrace.inline38Template_pc' depends on axioms: [propext]
info: Challenge/Ripemd160/Submission/Proofs/Bytecode/PairedAllInlineCoreTrace.lean:7316:0: 'Challenge.Ripemd160.Submission.Proofs.Bytecode.PairedAllInlineCoreTrace.inline39Template_pc' depends on axioms: [propext]
info: Challenge/Ripemd160/Submission/Proofs/Bytecode/PairedAllInlineCoreTrace.lean:7330:0: 'Challenge.Ripemd160.Submission.Proofs.Bytecode.PairedAllInlineCoreTrace.inline40Template_pc' depends on axioms: [propext]
info: Challenge/Ripemd160/Submission/Proofs/Bytecode/PairedAllInlineCoreTrace.lean:7344:0: 'Challenge.Ripemd160.Submission.Proofs.Bytecode.PairedAllInlineCoreTrace.inline41Template_pc' depends on axioms: [propext]
info: Challenge/Ripemd160/Submission/Proofs/Bytecode/PairedAllInlineCoreTrace.lean:7358:0: 'Challenge.Ripemd160.Submission.Proofs.Bytecode.PairedAllInlineCoreTrace.inline42Template_pc' depends on axioms: [propext]
info: Challenge/Ripemd160/Submission/Proofs/Bytecode/PairedAllInlineCoreTrace.lean:7372:0: 'Challenge.Ripemd160.Submission.Proofs.Bytecode.PairedAllInlineCoreTrace.inline43Template_pc' depends on axioms: [propext]
info: Challenge/Ripemd160/Submission/Proofs/Bytecode/PairedAllInlineCoreTrace.lean:7386:0: 'Challenge.Ripemd160.Submission.Proofs.Bytecode.PairedAllInlineCoreTrace.inline44Template_pc' depends on axioms: [propext]
info: Challenge/Ripemd160/Submission/Proofs/Bytecode/PairedAllInlineCoreTrace.lean:7400:0: 'Challenge.Ripemd160.Submission.Proofs.Bytecode.PairedAllInlineCoreTrace.inline45Template_pc' depends on axioms: [propext]
info: Challenge/Ripemd160/Submission/Proofs/Bytecode/PairedAllInlineCoreTrace.lean:7414:0: 'Challenge.Ripemd160.Submission.Proofs.Bytecode.PairedAllInlineCoreTrace.inline46Template_pc' depends on axioms: [propext]
info: Challenge/Ripemd160/Submission/Proofs/Bytecode/PairedAllInlineCoreTrace.lean:7428:0: 'Challenge.Ripemd160.Submission.Proofs.Bytecode.PairedAllInlineCoreTrace.inline47Template_pc' depends on axioms: [propext]
info: Challenge/Ripemd160/Submission/Proofs/Bytecode/PairedAllInlineCoreTrace.lean:7442:0: 'Challenge.Ripemd160.Submission.Proofs.Bytecode.PairedAllInlineCoreTrace.group48Template_pc' depends on axioms: [propext]
info: Challenge/Ripemd160/Submission/Proofs/Bytecode/PairedAllInlineCoreTrace.lean:7455:0: 'Challenge.Ripemd160.Submission.Proofs.Bytecode.PairedAllInlineCoreTrace.inline48Template_pc' depends on axioms: [propext]
info: Challenge/Ripemd160/Submission/Proofs/Bytecode/PairedAllInlineCoreTrace.lean:7469:0: 'Challenge.Ripemd160.Submission.Proofs.Bytecode.PairedAllInlineCoreTrace.inline49Template_pc' depends on axioms: [propext]
info: Challenge/Ripemd160/Submission/Proofs/Bytecode/PairedAllInlineCoreTrace.lean:7483:0: 'Challenge.Ripemd160.Submission.Proofs.Bytecode.PairedAllInlineCoreTrace.inline50Template_pc' depends on axioms: [propext]
info: Challenge/Ripemd160/Submission/Proofs/Bytecode/PairedAllInlineCoreTrace.lean:7497:0: 'Challenge.Ripemd160.Submission.Proofs.Bytecode.PairedAllInlineCoreTrace.inline51Template_pc' depends on axioms: [propext]
info: Challenge/Ripemd160/Submission/Proofs/Bytecode/PairedAllInlineCoreTrace.lean:7511:0: 'Challenge.Ripemd160.Submission.Proofs.Bytecode.PairedAllInlineCoreTrace.inline52Template_pc' depends on axioms: [propext]
info: Challenge/Ripemd160/Submission/Proofs/Bytecode/PairedAllInlineCoreTrace.lean:7525:0: 'Challenge.Ripemd160.Submission.Proofs.Bytecode.PairedAllInlineCoreTrace.inline53Template_pc' depends on axioms: [propext]
info: Challenge/Ripemd160/Submission/Proofs/Bytecode/PairedAllInlineCoreTrace.lean:7539:0: 'Challenge.Ripemd160.Submission.Proofs.Bytecode.PairedAllInlineCoreTrace.inline54Template_pc' depends on axioms: [propext]
info: Challenge/Ripemd160/Submission/Proofs/Bytecode/PairedAllInlineCoreTrace.lean:7553:0: 'Challenge.Ripemd160.Submission.Proofs.Bytecode.PairedAllInlineCoreTrace.inline55Template_pc' depends on axioms: [propext]
info: Challenge/Ripemd160/Submission/Proofs/Bytecode/PairedAllInlineCoreTrace.lean:7567:0: 'Challenge.Ripemd160.Submission.Proofs.Bytecode.PairedAllInlineCoreTrace.inline56Template_pc' depends on axioms: [propext]
info: Challenge/Ripemd160/Submission/Proofs/Bytecode/PairedAllInlineCoreTrace.lean:7581:0: 'Challenge.Ripemd160.Submission.Proofs.Bytecode.PairedAllInlineCoreTrace.inline57Template_pc' depends on axioms: [propext]
info: Challenge/Ripemd160/Submission/Proofs/Bytecode/PairedAllInlineCoreTrace.lean:7595:0: 'Challenge.Ripemd160.Submission.Proofs.Bytecode.PairedAllInlineCoreTrace.inline58Template_pc' depends on axioms: [propext]
info: Challenge/Ripemd160/Submission/Proofs/Bytecode/PairedAllInlineCoreTrace.lean:7609:0: 'Challenge.Ripemd160.Submission.Proofs.Bytecode.PairedAllInlineCoreTrace.inline59Template_pc' depends on axioms: [propext]
info: Challenge/Ripemd160/Submission/Proofs/Bytecode/PairedAllInlineCoreTrace.lean:7623:0: 'Challenge.Ripemd160.Submission.Proofs.Bytecode.PairedAllInlineCoreTrace.inline60Template_pc' depends on axioms: [propext]
info: Challenge/Ripemd160/Submission/Proofs/Bytecode/PairedAllInlineCoreTrace.lean:7637:0: 'Challenge.Ripemd160.Submission.Proofs.Bytecode.PairedAllInlineCoreTrace.inline61Template_pc' depends on axioms: [propext]
info: Challenge/Ripemd160/Submission/Proofs/Bytecode/PairedAllInlineCoreTrace.lean:7651:0: 'Challenge.Ripemd160.Submission.Proofs.Bytecode.PairedAllInlineCoreTrace.inline62Template_pc' depends on axioms: [propext]
info: Challenge/Ripemd160/Submission/Proofs/Bytecode/PairedAllInlineCoreTrace.lean:7665:0: 'Challenge.Ripemd160.Submission.Proofs.Bytecode.PairedAllInlineCoreTrace.inline63Template_pc' depends on axioms: [propext]
info: Challenge/Ripemd160/Submission/Proofs/Bytecode/PairedAllInlineCoreTrace.lean:7679:0: 'Challenge.Ripemd160.Submission.Proofs.Bytecode.PairedAllInlineCoreTrace.group64Template_pc' depends on axioms: [propext]
info: Challenge/Ripemd160/Submission/Proofs/Bytecode/PairedAllInlineCoreTrace.lean:7692:0: 'Challenge.Ripemd160.Submission.Proofs.Bytecode.PairedAllInlineCoreTrace.inline64Template_pc' depends on axioms: [propext]
info: Challenge/Ripemd160/Submission/Proofs/Bytecode/PairedAllInlineCoreTrace.lean:7706:0: 'Challenge.Ripemd160.Submission.Proofs.Bytecode.PairedAllInlineCoreTrace.inline65Template_pc' depends on axioms: [propext]
info: Challenge/Ripemd160/Submission/Proofs/Bytecode/PairedAllInlineCoreTrace.lean:7720:0: 'Challenge.Ripemd160.Submission.Proofs.Bytecode.PairedAllInlineCoreTrace.inline66Template_pc' depends on axioms: [propext]
info: Challenge/Ripemd160/Submission/Proofs/Bytecode/PairedAllInlineCoreTrace.lean:7734:0: 'Challenge.Ripemd160.Submission.Proofs.Bytecode.PairedAllInlineCoreTrace.inline67Template_pc' depends on axioms: [propext]
info: Challenge/Ripemd160/Submission/Proofs/Bytecode/PairedAllInlineCoreTrace.lean:7748:0: 'Challenge.Ripemd160.Submission.Proofs.Bytecode.PairedAllInlineCoreTrace.inline68Template_pc' depends on axioms: [propext]
info: Challenge/Ripemd160/Submission/Proofs/Bytecode/PairedAllInlineCoreTrace.lean:7762:0: 'Challenge.Ripemd160.Submission.Proofs.Bytecode.PairedAllInlineCoreTrace.inline69Template_pc' depends on axioms: [propext]
info: Challenge/Ripemd160/Submission/Proofs/Bytecode/PairedAllInlineCoreTrace.lean:7776:0: 'Challenge.Ripemd160.Submission.Proofs.Bytecode.PairedAllInlineCoreTrace.inline70Template_pc' depends on axioms: [propext]
info: Challenge/Ripemd160/Submission/Proofs/Bytecode/PairedAllInlineCoreTrace.lean:7790:0: 'Challenge.Ripemd160.Submission.Proofs.Bytecode.PairedAllInlineCoreTrace.inline71Template_pc' depends on axioms: [propext]
info: Challenge/Ripemd160/Submission/Proofs/Bytecode/PairedAllInlineCoreTrace.lean:7804:0: 'Challenge.Ripemd160.Submission.Proofs.Bytecode.PairedAllInlineCoreTrace.inline72Template_pc' depends on axioms: [propext]
info: Challenge/Ripemd160/Submission/Proofs/Bytecode/PairedAllInlineCoreTrace.lean:7818:0: 'Challenge.Ripemd160.Submission.Proofs.Bytecode.PairedAllInlineCoreTrace.inline73Template_pc' depends on axioms: [propext]
info: Challenge/Ripemd160/Submission/Proofs/Bytecode/PairedAllInlineCoreTrace.lean:7832:0: 'Challenge.Ripemd160.Submission.Proofs.Bytecode.PairedAllInlineCoreTrace.inline74Template_pc' depends on axioms: [propext]
info: Challenge/Ripemd160/Submission/Proofs/Bytecode/PairedAllInlineCoreTrace.lean:7846:0: 'Challenge.Ripemd160.Submission.Proofs.Bytecode.PairedAllInlineCoreTrace.inline75Template_pc' depends on axioms: [propext]
info: Challenge/Ripemd160/Submission/Proofs/Bytecode/PairedAllInlineCoreTrace.lean:7860:0: 'Challenge.Ripemd160.Submission.Proofs.Bytecode.PairedAllInlineCoreTrace.inline76Template_pc' depends on axioms: [propext]
info: Challenge/Ripemd160/Submission/Proofs/Bytecode/PairedAllInlineCoreTrace.lean:7874:0: 'Challenge.Ripemd160.Submission.Proofs.Bytecode.PairedAllInlineCoreTrace.inline77Template_pc' depends on axioms: [propext]
info: Challenge/Ripemd160/Submission/Proofs/Bytecode/PairedAllInlineCoreTrace.lean:7888:0: 'Challenge.Ripemd160.Submission.Proofs.Bytecode.PairedAllInlineCoreTrace.inline78Template_pc' depends on axioms: [propext]
info: Challenge/Ripemd160/Submission/Proofs/Bytecode/PairedAllInlineCoreTrace.lean:7902:0: 'Challenge.Ripemd160.Submission.Proofs.Bytecode.PairedAllInlineCoreTrace.inline79Template_pc' depends on axioms: [propext]
info: Challenge/Ripemd160/Submission/Proofs/Bytecode/PairedAllInlineCoreTrace.lean:7916:0: 'Challenge.Ripemd160.Submission.Proofs.Bytecode.PairedAllInlineCoreTrace.coreExitTemplate_pc' depends on axioms: [propext]
info: Challenge/Ripemd160/Submission/Proofs/Bytecode/PairedAllInlineCoreTrace.lean:8023:0: 'Challenge.Ripemd160.Submission.Proofs.Bytecode.PairedAllInlineCoreTrace.run_wholeCoreChain' depends on axioms: [propext,
 Classical.choice,
 Quot.sound]
info: Challenge/Ripemd160/Submission/Proofs/Bytecode/PairedAllInlineCoreTrace.lean:8028:0: 'Challenge.Ripemd160.Submission.Proofs.Bytecode.PairedAllInlineCoreTrace.group0Block_eval' depends on axioms: [propext,
 Classical.choice,
 Quot.sound]
info: Challenge/Ripemd160/Submission/Proofs/Bytecode/PairedAllInlineCoreTrace.lean:8034:0: 'Challenge.Ripemd160.Submission.Proofs.Bytecode.PairedAllInlineCoreTrace.inline0Block_eval' depends on axioms: [propext,
 Classical.choice,
 Quot.sound]
info: Challenge/Ripemd160/Submission/Proofs/Bytecode/PairedAllInlineCoreTrace.lean:8040:0: 'Challenge.Ripemd160.Submission.Proofs.Bytecode.PairedAllInlineCoreTrace.inline1Block_eval' depends on axioms: [propext,
 Classical.choice,
 Quot.sound]
info: Challenge/Ripemd160/Submission/Proofs/Bytecode/PairedAllInlineCoreTrace.lean:8046:0: 'Challenge.Ripemd160.Submission.Proofs.Bytecode.PairedAllInlineCoreTrace.inline2Block_eval' depends on axioms: [propext,
 Classical.choice,
 Quot.sound]
info: Challenge/Ripemd160/Submission/Proofs/Bytecode/PairedAllInlineCoreTrace.lean:8052:0: 'Challenge.Ripemd160.Submission.Proofs.Bytecode.PairedAllInlineCoreTrace.inline3Block_eval' depends on axioms: [propext,
 Classical.choice,
 Quot.sound]
info: Challenge/Ripemd160/Submission/Proofs/Bytecode/PairedAllInlineCoreTrace.lean:8058:0: 'Challenge.Ripemd160.Submission.Proofs.Bytecode.PairedAllInlineCoreTrace.inline4Block_eval' depends on axioms: [propext,
 Classical.choice,
 Quot.sound]
info: Challenge/Ripemd160/Submission/Proofs/Bytecode/PairedAllInlineCoreTrace.lean:8064:0: 'Challenge.Ripemd160.Submission.Proofs.Bytecode.PairedAllInlineCoreTrace.inline5Block_eval' depends on axioms: [propext,
 Classical.choice,
 Quot.sound]
info: Challenge/Ripemd160/Submission/Proofs/Bytecode/PairedAllInlineCoreTrace.lean:8070:0: 'Challenge.Ripemd160.Submission.Proofs.Bytecode.PairedAllInlineCoreTrace.inline6Block_eval' depends on axioms: [propext,
 Classical.choice,
 Quot.sound]
info: Challenge/Ripemd160/Submission/Proofs/Bytecode/PairedAllInlineCoreTrace.lean:8076:0: 'Challenge.Ripemd160.Submission.Proofs.Bytecode.PairedAllInlineCoreTrace.inline7Block_eval' depends on axioms: [propext,
 Classical.choice,
 Quot.sound]
info: Challenge/Ripemd160/Submission/Proofs/Bytecode/PairedAllInlineCoreTrace.lean:8082:0: 'Challenge.Ripemd160.Submission.Proofs.Bytecode.PairedAllInlineCoreTrace.inline8Block_eval' depends on axioms: [propext,
 Classical.choice,
 Quot.sound]
info: Challenge/Ripemd160/Submission/Proofs/Bytecode/PairedAllInlineCoreTrace.lean:8088:0: 'Challenge.Ripemd160.Submission.Proofs.Bytecode.PairedAllInlineCoreTrace.inline9Block_eval' depends on axioms: [propext,
 Classical.choice,
 Quot.sound]
info: Challenge/Ripemd160/Submission/Proofs/Bytecode/PairedAllInlineCoreTrace.lean:8094:0: 'Challenge.Ripemd160.Submission.Proofs.Bytecode.PairedAllInlineCoreTrace.inline10Block_eval' depends on axioms: [propext,
 Classical.choice,
 Quot.sound]
info: Challenge/Ripemd160/Submission/Proofs/Bytecode/PairedAllInlineCoreTrace.lean:8100:0: 'Challenge.Ripemd160.Submission.Proofs.Bytecode.PairedAllInlineCoreTrace.inline11Block_eval' depends on axioms: [propext,
 Classical.choice,
 Quot.sound]
info: Challenge/Ripemd160/Submission/Proofs/Bytecode/PairedAllInlineCoreTrace.lean:8106:0: 'Challenge.Ripemd160.Submission.Proofs.Bytecode.PairedAllInlineCoreTrace.inline12Block_eval' depends on axioms: [propext,
 Classical.choice,
 Quot.sound]
info: Challenge/Ripemd160/Submission/Proofs/Bytecode/PairedAllInlineCoreTrace.lean:8112:0: 'Challenge.Ripemd160.Submission.Proofs.Bytecode.PairedAllInlineCoreTrace.inline13Block_eval' depends on axioms: [propext,
 Classical.choice,
 Quot.sound]
info: Challenge/Ripemd160/Submission/Proofs/Bytecode/PairedAllInlineCoreTrace.lean:8118:0: 'Challenge.Ripemd160.Submission.Proofs.Bytecode.PairedAllInlineCoreTrace.inline14Block_eval' depends on axioms: [propext,
 Classical.choice,
 Quot.sound]
info: Challenge/Ripemd160/Submission/Proofs/Bytecode/PairedAllInlineCoreTrace.lean:8124:0: 'Challenge.Ripemd160.Submission.Proofs.Bytecode.PairedAllInlineCoreTrace.inline15Block_eval' depends on axioms: [propext,
 Classical.choice,
 Quot.sound]
info: Challenge/Ripemd160/Submission/Proofs/Bytecode/PairedAllInlineCoreTrace.lean:8129:0: 'Challenge.Ripemd160.Submission.Proofs.Bytecode.PairedAllInlineCoreTrace.group16Block_eval' depends on axioms: [propext,
 Quot.sound]
info: Challenge/Ripemd160/Submission/Proofs/Bytecode/PairedAllInlineCoreTrace.lean:8135:0: 'Challenge.Ripemd160.Submission.Proofs.Bytecode.PairedAllInlineCoreTrace.inline16Block_eval' depends on axioms: [propext,
 Classical.choice,
 Quot.sound]
info: Challenge/Ripemd160/Submission/Proofs/Bytecode/PairedAllInlineCoreTrace.lean:8141:0: 'Challenge.Ripemd160.Submission.Proofs.Bytecode.PairedAllInlineCoreTrace.inline17Block_eval' depends on axioms: [propext,
 Classical.choice,
 Quot.sound]
info: Challenge/Ripemd160/Submission/Proofs/Bytecode/PairedAllInlineCoreTrace.lean:8147:0: 'Challenge.Ripemd160.Submission.Proofs.Bytecode.PairedAllInlineCoreTrace.inline18Block_eval' depends on axioms: [propext,
 Classical.choice,
 Quot.sound]
info: Challenge/Ripemd160/Submission/Proofs/Bytecode/PairedAllInlineCoreTrace.lean:8153:0: 'Challenge.Ripemd160.Submission.Proofs.Bytecode.PairedAllInlineCoreTrace.inline19Block_eval' depends on axioms: [propext,
 Classical.choice,
 Quot.sound]
info: Challenge/Ripemd160/Submission/Proofs/Bytecode/PairedAllInlineCoreTrace.lean:8159:0: 'Challenge.Ripemd160.Submission.Proofs.Bytecode.PairedAllInlineCoreTrace.inline20Block_eval' depends on axioms: [propext,
 Classical.choice,
 Quot.sound]
info: Challenge/Ripemd160/Submission/Proofs/Bytecode/PairedAllInlineCoreTrace.lean:8165:0: 'Challenge.Ripemd160.Submission.Proofs.Bytecode.PairedAllInlineCoreTrace.inline21Block_eval' depends on axioms: [propext,
 Classical.choice,
 Quot.sound]
info: Challenge/Ripemd160/Submission/Proofs/Bytecode/PairedAllInlineCoreTrace.lean:8171:0: 'Challenge.Ripemd160.Submission.Proofs.Bytecode.PairedAllInlineCoreTrace.inline22Block_eval' depends on axioms: [propext,
 Classical.choice,
 Quot.sound]
info: Challenge/Ripemd160/Submission/Proofs/Bytecode/PairedAllInlineCoreTrace.lean:8177:0: 'Challenge.Ripemd160.Submission.Proofs.Bytecode.PairedAllInlineCoreTrace.inline23Block_eval' depends on axioms: [propext,
 Classical.choice,
 Quot.sound]
info: Challenge/Ripemd160/Submission/Proofs/Bytecode/PairedAllInlineCoreTrace.lean:8183:0: 'Challenge.Ripemd160.Submission.Proofs.Bytecode.PairedAllInlineCoreTrace.inline24Block_eval' depends on axioms: [propext,
 Classical.choice,
 Quot.sound]
info: Challenge/Ripemd160/Submission/Proofs/Bytecode/PairedAllInlineCoreTrace.lean:8189:0: 'Challenge.Ripemd160.Submission.Proofs.Bytecode.PairedAllInlineCoreTrace.inline25Block_eval' depends on axioms: [propext,
 Classical.choice,
 Quot.sound]
info: Challenge/Ripemd160/Submission/Proofs/Bytecode/PairedAllInlineCoreTrace.lean:8195:0: 'Challenge.Ripemd160.Submission.Proofs.Bytecode.PairedAllInlineCoreTrace.inline26Block_eval' depends on axioms: [propext,
 Classical.choice,
 Quot.sound]
info: Challenge/Ripemd160/Submission/Proofs/Bytecode/PairedAllInlineCoreTrace.lean:8201:0: 'Challenge.Ripemd160.Submission.Proofs.Bytecode.PairedAllInlineCoreTrace.inline27Block_eval' depends on axioms: [propext,
 Classical.choice,
 Quot.sound]
info: Challenge/Ripemd160/Submission/Proofs/Bytecode/PairedAllInlineCoreTrace.lean:8207:0: 'Challenge.Ripemd160.Submission.Proofs.Bytecode.PairedAllInlineCoreTrace.inline28Block_eval' depends on axioms: [propext,
 Classical.choice,
 Quot.sound]
info: Challenge/Ripemd160/Submission/Proofs/Bytecode/PairedAllInlineCoreTrace.lean:8213:0: 'Challenge.Ripemd160.Submission.Proofs.Bytecode.PairedAllInlineCoreTrace.inline29Block_eval' depends on axioms: [propext,
 Classical.choice,
 Quot.sound]
info: Challenge/Ripemd160/Submission/Proofs/Bytecode/PairedAllInlineCoreTrace.lean:8219:0: 'Challenge.Ripemd160.Submission.Proofs.Bytecode.PairedAllInlineCoreTrace.inline30Block_eval' depends on axioms: [propext,
 Classical.choice,
 Quot.sound]
info: Challenge/Ripemd160/Submission/Proofs/Bytecode/PairedAllInlineCoreTrace.lean:8225:0: 'Challenge.Ripemd160.Submission.Proofs.Bytecode.PairedAllInlineCoreTrace.inline31Block_eval' depends on axioms: [propext,
 Classical.choice,
 Quot.sound]
info: Challenge/Ripemd160/Submission/Proofs/Bytecode/PairedAllInlineCoreTrace.lean:8231:0: 'Challenge.Ripemd160.Submission.Proofs.Bytecode.PairedAllInlineCoreTrace.group32Block_eval' depends on axioms: [propext,
 Quot.sound]
info: Challenge/Ripemd160/Submission/Proofs/Bytecode/PairedAllInlineCoreTrace.lean:8237:0: 'Challenge.Ripemd160.Submission.Proofs.Bytecode.PairedAllInlineCoreTrace.inline32Block_eval' depends on axioms: [propext,
 Quot.sound]
info: Challenge/Ripemd160/Submission/Proofs/Bytecode/PairedAllInlineCoreTrace.lean:8243:0: 'Challenge.Ripemd160.Submission.Proofs.Bytecode.PairedAllInlineCoreTrace.inline33Block_eval' depends on axioms: [propext,
 Quot.sound]
info: Challenge/Ripemd160/Submission/Proofs/Bytecode/PairedAllInlineCoreTrace.lean:8249:0: 'Challenge.Ripemd160.Submission.Proofs.Bytecode.PairedAllInlineCoreTrace.inline34Block_eval' depends on axioms: [propext,
 Quot.sound]
info: Challenge/Ripemd160/Submission/Proofs/Bytecode/PairedAllInlineCoreTrace.lean:8255:0: 'Challenge.Ripemd160.Submission.Proofs.Bytecode.PairedAllInlineCoreTrace.inline35Block_eval' depends on axioms: [propext,
 Quot.sound]
info: Challenge/Ripemd160/Submission/Proofs/Bytecode/PairedAllInlineCoreTrace.lean:8261:0: 'Challenge.Ripemd160.Submission.Proofs.Bytecode.PairedAllInlineCoreTrace.inline36Block_eval' depends on axioms: [propext,
 Quot.sound]
info: Challenge/Ripemd160/Submission/Proofs/Bytecode/PairedAllInlineCoreTrace.lean:8267:0: 'Challenge.Ripemd160.Submission.Proofs.Bytecode.PairedAllInlineCoreTrace.inline37Block_eval' depends on axioms: [propext,
 Quot.sound]
info: Challenge/Ripemd160/Submission/Proofs/Bytecode/PairedAllInlineCoreTrace.lean:8273:0: 'Challenge.Ripemd160.Submission.Proofs.Bytecode.PairedAllInlineCoreTrace.inline38Block_eval' depends on axioms: [propext,
 Quot.sound]
info: Challenge/Ripemd160/Submission/Proofs/Bytecode/PairedAllInlineCoreTrace.lean:8279:0: 'Challenge.Ripemd160.Submission.Proofs.Bytecode.PairedAllInlineCoreTrace.inline39Block_eval' depends on axioms: [propext,
 Quot.sound]
info: Challenge/Ripemd160/Submission/Proofs/Bytecode/PairedAllInlineCoreTrace.lean:8285:0: 'Challenge.Ripemd160.Submission.Proofs.Bytecode.PairedAllInlineCoreTrace.inline40Block_eval' depends on axioms: [propext,
 Quot.sound]
info: Challenge/Ripemd160/Submission/Proofs/Bytecode/PairedAllInlineCoreTrace.lean:8291:0: 'Challenge.Ripemd160.Submission.Proofs.Bytecode.PairedAllInlineCoreTrace.inline41Block_eval' depends on axioms: [propext,
 Quot.sound]
info: Challenge/Ripemd160/Submission/Proofs/Bytecode/PairedAllInlineCoreTrace.lean:8297:0: 'Challenge.Ripemd160.Submission.Proofs.Bytecode.PairedAllInlineCoreTrace.inline42Block_eval' depends on axioms: [propext,
 Quot.sound]
info: Challenge/Ripemd160/Submission/Proofs/Bytecode/PairedAllInlineCoreTrace.lean:8303:0: 'Challenge.Ripemd160.Submission.Proofs.Bytecode.PairedAllInlineCoreTrace.inline43Block_eval' depends on axioms: [propext,
 Quot.sound]
info: Challenge/Ripemd160/Submission/Proofs/Bytecode/PairedAllInlineCoreTrace.lean:8309:0: 'Challenge.Ripemd160.Submission.Proofs.Bytecode.PairedAllInlineCoreTrace.inline44Block_eval' depends on axioms: [propext,
 Quot.sound]
info: Challenge/Ripemd160/Submission/Proofs/Bytecode/PairedAllInlineCoreTrace.lean:8315:0: 'Challenge.Ripemd160.Submission.Proofs.Bytecode.PairedAllInlineCoreTrace.inline45Block_eval' depends on axioms: [propext,
 Quot.sound]
info: Challenge/Ripemd160/Submission/Proofs/Bytecode/PairedAllInlineCoreTrace.lean:8321:0: 'Challenge.Ripemd160.Submission.Proofs.Bytecode.PairedAllInlineCoreTrace.inline46Block_eval' depends on axioms: [propext,
 Quot.sound]
info: Challenge/Ripemd160/Submission/Proofs/Bytecode/PairedAllInlineCoreTrace.lean:8327:0: 'Challenge.Ripemd160.Submission.Proofs.Bytecode.PairedAllInlineCoreTrace.inline47Block_eval' depends on axioms: [propext,
 Quot.sound]
info: Challenge/Ripemd160/Submission/Proofs/Bytecode/PairedAllInlineCoreTrace.lean:8332:0: 'Challenge.Ripemd160.Submission.Proofs.Bytecode.PairedAllInlineCoreTrace.group48Block_eval' depends on axioms: [propext,
 Quot.sound]
info: Challenge/Ripemd160/Submission/Proofs/Bytecode/PairedAllInlineCoreTrace.lean:8338:0: 'Challenge.Ripemd160.Submission.Proofs.Bytecode.PairedAllInlineCoreTrace.inline48Block_eval' depends on axioms: [propext,
 Classical.choice,
 Quot.sound]
info: Challenge/Ripemd160/Submission/Proofs/Bytecode/PairedAllInlineCoreTrace.lean:8344:0: 'Challenge.Ripemd160.Submission.Proofs.Bytecode.PairedAllInlineCoreTrace.inline49Block_eval' depends on axioms: [propext,
 Classical.choice,
 Quot.sound]
info: Challenge/Ripemd160/Submission/Proofs/Bytecode/PairedAllInlineCoreTrace.lean:8350:0: 'Challenge.Ripemd160.Submission.Proofs.Bytecode.PairedAllInlineCoreTrace.inline50Block_eval' depends on axioms: [propext,
 Classical.choice,
 Quot.sound]
info: Challenge/Ripemd160/Submission/Proofs/Bytecode/PairedAllInlineCoreTrace.lean:8356:0: 'Challenge.Ripemd160.Submission.Proofs.Bytecode.PairedAllInlineCoreTrace.inline51Block_eval' depends on axioms: [propext,
 Classical.choice,
 Quot.sound]
info: Challenge/Ripemd160/Submission/Proofs/Bytecode/PairedAllInlineCoreTrace.lean:8362:0: 'Challenge.Ripemd160.Submission.Proofs.Bytecode.PairedAllInlineCoreTrace.inline52Block_eval' depends on axioms: [propext,
 Classical.choice,
 Quot.sound]
info: Challenge/Ripemd160/Submission/Proofs/Bytecode/PairedAllInlineCoreTrace.lean:8368:0: 'Challenge.Ripemd160.Submission.Proofs.Bytecode.PairedAllInlineCoreTrace.inline53Block_eval' depends on axioms: [propext,
 Classical.choice,
 Quot.sound]
info: Challenge/Ripemd160/Submission/Proofs/Bytecode/PairedAllInlineCoreTrace.lean:8374:0: 'Challenge.Ripemd160.Submission.Proofs.Bytecode.PairedAllInlineCoreTrace.inline54Block_eval' depends on axioms: [propext,
 Classical.choice,
 Quot.sound]
info: Challenge/Ripemd160/Submission/Proofs/Bytecode/PairedAllInlineCoreTrace.lean:8380:0: 'Challenge.Ripemd160.Submission.Proofs.Bytecode.PairedAllInlineCoreTrace.inline55Block_eval' depends on axioms: [propext,
 Classical.choice,
 Quot.sound]
info: Challenge/Ripemd160/Submission/Proofs/Bytecode/PairedAllInlineCoreTrace.lean:8386:0: 'Challenge.Ripemd160.Submission.Proofs.Bytecode.PairedAllInlineCoreTrace.inline56Block_eval' depends on axioms: [propext,
 Classical.choice,
 Quot.sound]
info: Challenge/Ripemd160/Submission/Proofs/Bytecode/PairedAllInlineCoreTrace.lean:8392:0: 'Challenge.Ripemd160.Submission.Proofs.Bytecode.PairedAllInlineCoreTrace.inline57Block_eval' depends on axioms: [propext,
 Classical.choice,
 Quot.sound]
info: Challenge/Ripemd160/Submission/Proofs/Bytecode/PairedAllInlineCoreTrace.lean:8398:0: 'Challenge.Ripemd160.Submission.Proofs.Bytecode.PairedAllInlineCoreTrace.inline58Block_eval' depends on axioms: [propext,
 Classical.choice,
 Quot.sound]
info: Challenge/Ripemd160/Submission/Proofs/Bytecode/PairedAllInlineCoreTrace.lean:8404:0: 'Challenge.Ripemd160.Submission.Proofs.Bytecode.PairedAllInlineCoreTrace.inline59Block_eval' depends on axioms: [propext,
 Classical.choice,
 Quot.sound]
info: Challenge/Ripemd160/Submission/Proofs/Bytecode/PairedAllInlineCoreTrace.lean:8410:0: 'Challenge.Ripemd160.Submission.Proofs.Bytecode.PairedAllInlineCoreTrace.inline60Block_eval' depends on axioms: [propext,
 Classical.choice,
 Quot.sound]
info: Challenge/Ripemd160/Submission/Proofs/Bytecode/PairedAllInlineCoreTrace.lean:8416:0: 'Challenge.Ripemd160.Submission.Proofs.Bytecode.PairedAllInlineCoreTrace.inline61Block_eval' depends on axioms: [propext,
 Classical.choice,
 Quot.sound]
info: Challenge/Ripemd160/Submission/Proofs/Bytecode/PairedAllInlineCoreTrace.lean:8422:0: 'Challenge.Ripemd160.Submission.Proofs.Bytecode.PairedAllInlineCoreTrace.inline62Block_eval' depends on axioms: [propext,
 Classical.choice,
 Quot.sound]
info: Challenge/Ripemd160/Submission/Proofs/Bytecode/PairedAllInlineCoreTrace.lean:8428:0: 'Challenge.Ripemd160.Submission.Proofs.Bytecode.PairedAllInlineCoreTrace.inline63Block_eval' depends on axioms: [propext,
 Classical.choice,
 Quot.sound]
info: Challenge/Ripemd160/Submission/Proofs/Bytecode/PairedAllInlineCoreTrace.lean:8433:0: 'Challenge.Ripemd160.Submission.Proofs.Bytecode.PairedAllInlineCoreTrace.group64Block_eval' depends on axioms: [propext,
 Quot.sound]
info: Challenge/Ripemd160/Submission/Proofs/Bytecode/PairedAllInlineCoreTrace.lean:8439:0: 'Challenge.Ripemd160.Submission.Proofs.Bytecode.PairedAllInlineCoreTrace.inline64Block_eval' depends on axioms: [propext,
 Classical.choice,
 Quot.sound]
info: Challenge/Ripemd160/Submission/Proofs/Bytecode/PairedAllInlineCoreTrace.lean:8445:0: 'Challenge.Ripemd160.Submission.Proofs.Bytecode.PairedAllInlineCoreTrace.inline65Block_eval' depends on axioms: [propext,
 Classical.choice,
 Quot.sound]
info: Challenge/Ripemd160/Submission/Proofs/Bytecode/PairedAllInlineCoreTrace.lean:8451:0: 'Challenge.Ripemd160.Submission.Proofs.Bytecode.PairedAllInlineCoreTrace.inline66Block_eval' depends on axioms: [propext,
 Classical.choice,
 Quot.sound]
info: Challenge/Ripemd160/Submission/Proofs/Bytecode/PairedAllInlineCoreTrace.lean:8457:0: 'Challenge.Ripemd160.Submission.Proofs.Bytecode.PairedAllInlineCoreTrace.inline67Block_eval' depends on axioms: [propext,
 Classical.choice,
 Quot.sound]
info: Challenge/Ripemd160/Submission/Proofs/Bytecode/PairedAllInlineCoreTrace.lean:8463:0: 'Challenge.Ripemd160.Submission.Proofs.Bytecode.PairedAllInlineCoreTrace.inline68Block_eval' depends on axioms: [propext,
 Classical.choice,
 Quot.sound]
info: Challenge/Ripemd160/Submission/Proofs/Bytecode/PairedAllInlineCoreTrace.lean:8469:0: 'Challenge.Ripemd160.Submission.Proofs.Bytecode.PairedAllInlineCoreTrace.inline69Block_eval' depends on axioms: [propext,
 Classical.choice,
 Quot.sound]
info: Challenge/Ripemd160/Submission/Proofs/Bytecode/PairedAllInlineCoreTrace.lean:8475:0: 'Challenge.Ripemd160.Submission.Proofs.Bytecode.PairedAllInlineCoreTrace.inline70Block_eval' depends on axioms: [propext,
 Classical.choice,
 Quot.sound]
info: Challenge/Ripemd160/Submission/Proofs/Bytecode/PairedAllInlineCoreTrace.lean:8481:0: 'Challenge.Ripemd160.Submission.Proofs.Bytecode.PairedAllInlineCoreTrace.inline71Block_eval' depends on axioms: [propext,
 Classical.choice,
 Quot.sound]
info: Challenge/Ripemd160/Submission/Proofs/Bytecode/PairedAllInlineCoreTrace.lean:8487:0: 'Challenge.Ripemd160.Submission.Proofs.Bytecode.PairedAllInlineCoreTrace.inline72Block_eval' depends on axioms: [propext,
 Classical.choice,
 Quot.sound]
info: Challenge/Ripemd160/Submission/Proofs/Bytecode/PairedAllInlineCoreTrace.lean:8493:0: 'Challenge.Ripemd160.Submission.Proofs.Bytecode.PairedAllInlineCoreTrace.inline73Block_eval' depends on axioms: [propext,
 Classical.choice,
 Quot.sound]
info: Challenge/Ripemd160/Submission/Proofs/Bytecode/PairedAllInlineCoreTrace.lean:8499:0: 'Challenge.Ripemd160.Submission.Proofs.Bytecode.PairedAllInlineCoreTrace.inline74Block_eval' depends on axioms: [propext,
 Classical.choice,
 Quot.sound]
info: Challenge/Ripemd160/Submission/Proofs/Bytecode/PairedAllInlineCoreTrace.lean:8505:0: 'Challenge.Ripemd160.Submission.Proofs.Bytecode.PairedAllInlineCoreTrace.inline75Block_eval' depends on axioms: [propext,
 Classical.choice,
 Quot.sound]
info: Challenge/Ripemd160/Submission/Proofs/Bytecode/PairedAllInlineCoreTrace.lean:8511:0: 'Challenge.Ripemd160.Submission.Proofs.Bytecode.PairedAllInlineCoreTrace.inline76Block_eval' depends on axioms: [propext,
 Classical.choice,
 Quot.sound]
info: Challenge/Ripemd160/Submission/Proofs/Bytecode/PairedAllInlineCoreTrace.lean:8517:0: 'Challenge.Ripemd160.Submission.Proofs.Bytecode.PairedAllInlineCoreTrace.inline77Block_eval' depends on axioms: [propext,
 Classical.choice,
 Quot.sound]
info: Challenge/Ripemd160/Submission/Proofs/Bytecode/PairedAllInlineCoreTrace.lean:8523:0: 'Challenge.Ripemd160.Submission.Proofs.Bytecode.PairedAllInlineCoreTrace.inline78Block_eval' depends on axioms: [propext,
 Classical.choice,
 Quot.sound]
info: Challenge/Ripemd160/Submission/Proofs/Bytecode/PairedAllInlineCoreTrace.lean:8529:0: 'Challenge.Ripemd160.Submission.Proofs.Bytecode.PairedAllInlineCoreTrace.inline79Block_eval' depends on axioms: [propext,
 Classical.choice,
 Quot.sound]
info: Challenge/Ripemd160/Submission/Proofs/Bytecode/PairedAllInlineCoreTrace.lean:8534:0: 'Challenge.Ripemd160.Submission.Proofs.Bytecode.PairedAllInlineCoreTrace.coreExitBlock_eval' depends on axioms: [propext,
 Quot.sound]
info: Challenge/Ripemd160/Submission/Proofs/Bytecode/PairedAllInlineCoreTrace.lean:8556:0: 'Challenge.Ripemd160.Submission.Proofs.Bytecode.PairedAllInlineCoreTrace.CoreEvalCert.sound' depends on axioms: [propext,
 Quot.sound]
info: Challenge/Ripemd160/Submission/Proofs/Bytecode/PairedAllInlineCoreTrace.lean:8909:0: 'Challenge.Ripemd160.Submission.Proofs.Bytecode.PairedAllInlineCoreTrace.wholeCoreChain_eval' depends on axioms: [propext,
 Classical.choice,
 Quot.sound]
info: Challenge/Ripemd160/Submission/Proofs/Bytecode/PairedAllInlineCoreTrace.lean:8928:0: 'Challenge.Ripemd160.Submission.Proofs.Bytecode.PairedAllInlineCoreTrace.run_wholeCore_crypto' depends on axioms: [propext,
 Classical.choice,
 Quot.sound]
info: Challenge/Ripemd160/Submission/Proofs/Bytecode/PairedAllInlineCoreTrace.lean:8941:0: 'Challenge.Ripemd160.Submission.Proofs.Bytecode.PairedAllInlineCoreTrace.run_wholeCore_normalized' depends on axioms: [propext,
 Classical.choice,
 Quot.sound]
info: Challenge/Ripemd160/Submission/Proofs/Bytecode/PairedAllInlineCoreTrace.lean:8999:0: 'Challenge.Ripemd160.Submission.Proofs.Bytecode.PairedAllInlineCoreTrace.CoreGasBlock.of_site' depends on axioms: [propext,
 Classical.choice,
 Quot.sound]
info: Challenge/Ripemd160/Submission/Proofs/Bytecode/PairedAllInlineCoreTrace.lean:9000:0: 'Challenge.Ripemd160.Submission.Proofs.Bytecode.PairedAllInlineCoreTrace.CoreGasChain.run' depends on axioms: [propext,
 Classical.choice,
 Quot.sound]
info: Challenge/Ripemd160/Submission/Proofs/Bytecode/PairedAllInlineCoreTrace.lean:9007:0: 'Challenge.Ripemd160.Submission.Proofs.Bytecode.PairedAllInlineCoreTrace.group0Block_terminal_advances' depends on axioms: [propext,
 Classical.choice,
 Quot.sound]
info: Challenge/Ripemd160/Submission/Proofs/Bytecode/PairedAllInlineCoreTrace.lean:9014:0: 'Challenge.Ripemd160.Submission.Proofs.Bytecode.PairedAllInlineCoreTrace.inline0Block_terminal_advances' depends on axioms: [propext,
 Classical.choice,
 Quot.sound]
info: Challenge/Ripemd160/Submission/Proofs/Bytecode/PairedAllInlineCoreTrace.lean:9021:0: 'Challenge.Ripemd160.Submission.Proofs.Bytecode.PairedAllInlineCoreTrace.inline1Block_terminal_advances' depends on axioms: [propext,
 Classical.choice,
 Quot.sound]
info: Challenge/Ripemd160/Submission/Proofs/Bytecode/PairedAllInlineCoreTrace.lean:9028:0: 'Challenge.Ripemd160.Submission.Proofs.Bytecode.PairedAllInlineCoreTrace.inline2Block_terminal_advances' depends on axioms: [propext,
 Classical.choice,
 Quot.sound]
info: Challenge/Ripemd160/Submission/Proofs/Bytecode/PairedAllInlineCoreTrace.lean:9035:0: 'Challenge.Ripemd160.Submission.Proofs.Bytecode.PairedAllInlineCoreTrace.inline3Block_terminal_advances' depends on axioms: [propext,
 Classical.choice,
 Quot.sound]
info: Challenge/Ripemd160/Submission/Proofs/Bytecode/PairedAllInlineCoreTrace.lean:9042:0: 'Challenge.Ripemd160.Submission.Proofs.Bytecode.PairedAllInlineCoreTrace.inline4Block_terminal_advances' depends on axioms: [propext,
 Classical.choice,
 Quot.sound]
info: Challenge/Ripemd160/Submission/Proofs/Bytecode/PairedAllInlineCoreTrace.lean:9049:0: 'Challenge.Ripemd160.Submission.Proofs.Bytecode.PairedAllInlineCoreTrace.inline5Block_terminal_advances' depends on axioms: [propext,
 Classical.choice,
 Quot.sound]
info: Challenge/Ripemd160/Submission/Proofs/Bytecode/PairedAllInlineCoreTrace.lean:9056:0: 'Challenge.Ripemd160.Submission.Proofs.Bytecode.PairedAllInlineCoreTrace.inline6Block_terminal_advances' depends on axioms: [propext,
 Classical.choice,
 Quot.sound]
info: Challenge/Ripemd160/Submission/Proofs/Bytecode/PairedAllInlineCoreTrace.lean:9063:0: 'Challenge.Ripemd160.Submission.Proofs.Bytecode.PairedAllInlineCoreTrace.inline7Block_terminal_advances' depends on axioms: [propext,
 Classical.choice,
 Quot.sound]
info: Challenge/Ripemd160/Submission/Proofs/Bytecode/PairedAllInlineCoreTrace.lean:9070:0: 'Challenge.Ripemd160.Submission.Proofs.Bytecode.PairedAllInlineCoreTrace.inline8Block_terminal_advances' depends on axioms: [propext,
 Classical.choice,
 Quot.sound]
info: Challenge/Ripemd160/Submission/Proofs/Bytecode/PairedAllInlineCoreTrace.lean:9077:0: 'Challenge.Ripemd160.Submission.Proofs.Bytecode.PairedAllInlineCoreTrace.inline9Block_terminal_advances' depends on axioms: [propext,
 Classical.choice,
 Quot.sound]
info: Challenge/Ripemd160/Submission/Proofs/Bytecode/PairedAllInlineCoreTrace.lean:9084:0: 'Challenge.Ripemd160.Submission.Proofs.Bytecode.PairedAllInlineCoreTrace.inline10Block_terminal_advances' depends on axioms: [propext,
 Classical.choice,
 Quot.sound]
info: Challenge/Ripemd160/Submission/Proofs/Bytecode/PairedAllInlineCoreTrace.lean:9091:0: 'Challenge.Ripemd160.Submission.Proofs.Bytecode.PairedAllInlineCoreTrace.inline11Block_terminal_advances' depends on axioms: [propext,
 Classical.choice,
 Quot.sound]
info: Challenge/Ripemd160/Submission/Proofs/Bytecode/PairedAllInlineCoreTrace.lean:9098:0: 'Challenge.Ripemd160.Submission.Proofs.Bytecode.PairedAllInlineCoreTrace.inline12Block_terminal_advances' depends on axioms: [propext,
 Classical.choice,
 Quot.sound]
info: Challenge/Ripemd160/Submission/Proofs/Bytecode/PairedAllInlineCoreTrace.lean:9105:0: 'Challenge.Ripemd160.Submission.Proofs.Bytecode.PairedAllInlineCoreTrace.inline13Block_terminal_advances' depends on axioms: [propext,
 Classical.choice,
 Quot.sound]
info: Challenge/Ripemd160/Submission/Proofs/Bytecode/PairedAllInlineCoreTrace.lean:9112:0: 'Challenge.Ripemd160.Submission.Proofs.Bytecode.PairedAllInlineCoreTrace.inline14Block_terminal_advances' depends on axioms: [propext,
 Classical.choice,
 Quot.sound]
info: Challenge/Ripemd160/Submission/Proofs/Bytecode/PairedAllInlineCoreTrace.lean:9119:0: 'Challenge.Ripemd160.Submission.Proofs.Bytecode.PairedAllInlineCoreTrace.inline15Block_terminal_advances' depends on axioms: [propext,
 Classical.choice,
 Quot.sound]
info: Challenge/Ripemd160/Submission/Proofs/Bytecode/PairedAllInlineCoreTrace.lean:9126:0: 'Challenge.Ripemd160.Submission.Proofs.Bytecode.PairedAllInlineCoreTrace.group16Block_terminal_advances' depends on axioms: [propext,
 Quot.sound]
info: Challenge/Ripemd160/Submission/Proofs/Bytecode/PairedAllInlineCoreTrace.lean:9133:0: 'Challenge.Ripemd160.Submission.Proofs.Bytecode.PairedAllInlineCoreTrace.inline16Block_terminal_advances' depends on axioms: [propext,
 Classical.choice,
 Quot.sound]
info: Challenge/Ripemd160/Submission/Proofs/Bytecode/PairedAllInlineCoreTrace.lean:9140:0: 'Challenge.Ripemd160.Submission.Proofs.Bytecode.PairedAllInlineCoreTrace.inline17Block_terminal_advances' depends on axioms: [propext,
 Classical.choice,
 Quot.sound]
info: Challenge/Ripemd160/Submission/Proofs/Bytecode/PairedAllInlineCoreTrace.lean:9147:0: 'Challenge.Ripemd160.Submission.Proofs.Bytecode.PairedAllInlineCoreTrace.inline18Block_terminal_advances' depends on axioms: [propext,
 Classical.choice,
 Quot.sound]
info: Challenge/Ripemd160/Submission/Proofs/Bytecode/PairedAllInlineCoreTrace.lean:9154:0: 'Challenge.Ripemd160.Submission.Proofs.Bytecode.PairedAllInlineCoreTrace.inline19Block_terminal_advances' depends on axioms: [propext,
 Classical.choice,
 Quot.sound]
info: Challenge/Ripemd160/Submission/Proofs/Bytecode/PairedAllInlineCoreTrace.lean:9161:0: 'Challenge.Ripemd160.Submission.Proofs.Bytecode.PairedAllInlineCoreTrace.inline20Block_terminal_advances' depends on axioms: [propext,
 Classical.choice,
 Quot.sound]
info: Challenge/Ripemd160/Submission/Proofs/Bytecode/PairedAllInlineCoreTrace.lean:9168:0: 'Challenge.Ripemd160.Submission.Proofs.Bytecode.PairedAllInlineCoreTrace.inline21Block_terminal_advances' depends on axioms: [propext,
 Classical.choice,
 Quot.sound]
info: Challenge/Ripemd160/Submission/Proofs/Bytecode/PairedAllInlineCoreTrace.lean:9175:0: 'Challenge.Ripemd160.Submission.Proofs.Bytecode.PairedAllInlineCoreTrace.inline22Block_terminal_advances' depends on axioms: [propext,
 Classical.choice,
 Quot.sound]
info: Challenge/Ripemd160/Submission/Proofs/Bytecode/PairedAllInlineCoreTrace.lean:9182:0: 'Challenge.Ripemd160.Submission.Proofs.Bytecode.PairedAllInlineCoreTrace.inline23Block_terminal_advances' depends on axioms: [propext,
 Classical.choice,
 Quot.sound]
info: Challenge/Ripemd160/Submission/Proofs/Bytecode/PairedAllInlineCoreTrace.lean:9189:0: 'Challenge.Ripemd160.Submission.Proofs.Bytecode.PairedAllInlineCoreTrace.inline24Block_terminal_advances' depends on axioms: [propext,
 Classical.choice,
 Quot.sound]
info: Challenge/Ripemd160/Submission/Proofs/Bytecode/PairedAllInlineCoreTrace.lean:9196:0: 'Challenge.Ripemd160.Submission.Proofs.Bytecode.PairedAllInlineCoreTrace.inline25Block_terminal_advances' depends on axioms: [propext,
 Classical.choice,
 Quot.sound]
info: Challenge/Ripemd160/Submission/Proofs/Bytecode/PairedAllInlineCoreTrace.lean:9203:0: 'Challenge.Ripemd160.Submission.Proofs.Bytecode.PairedAllInlineCoreTrace.inline26Block_terminal_advances' depends on axioms: [propext,
 Classical.choice,
 Quot.sound]
info: Challenge/Ripemd160/Submission/Proofs/Bytecode/PairedAllInlineCoreTrace.lean:9210:0: 'Challenge.Ripemd160.Submission.Proofs.Bytecode.PairedAllInlineCoreTrace.inline27Block_terminal_advances' depends on axioms: [propext,
 Classical.choice,
 Quot.sound]
info: Challenge/Ripemd160/Submission/Proofs/Bytecode/PairedAllInlineCoreTrace.lean:9217:0: 'Challenge.Ripemd160.Submission.Proofs.Bytecode.PairedAllInlineCoreTrace.inline28Block_terminal_advances' depends on axioms: [propext,
 Classical.choice,
 Quot.sound]
info: Challenge/Ripemd160/Submission/Proofs/Bytecode/PairedAllInlineCoreTrace.lean:9224:0: 'Challenge.Ripemd160.Submission.Proofs.Bytecode.PairedAllInlineCoreTrace.inline29Block_terminal_advances' depends on axioms: [propext,
 Classical.choice,
 Quot.sound]
info: Challenge/Ripemd160/Submission/Proofs/Bytecode/PairedAllInlineCoreTrace.lean:9231:0: 'Challenge.Ripemd160.Submission.Proofs.Bytecode.PairedAllInlineCoreTrace.inline30Block_terminal_advances' depends on axioms: [propext,
 Classical.choice,
 Quot.sound]
info: Challenge/Ripemd160/Submission/Proofs/Bytecode/PairedAllInlineCoreTrace.lean:9238:0: 'Challenge.Ripemd160.Submission.Proofs.Bytecode.PairedAllInlineCoreTrace.inline31Block_terminal_advances' depends on axioms: [propext,
 Classical.choice,
 Quot.sound]
info: Challenge/Ripemd160/Submission/Proofs/Bytecode/PairedAllInlineCoreTrace.lean:9245:0: 'Challenge.Ripemd160.Submission.Proofs.Bytecode.PairedAllInlineCoreTrace.group32Block_terminal_advances' depends on axioms: [propext,
 Quot.sound]
info: Challenge/Ripemd160/Submission/Proofs/Bytecode/PairedAllInlineCoreTrace.lean:9252:0: 'Challenge.Ripemd160.Submission.Proofs.Bytecode.PairedAllInlineCoreTrace.inline32Block_terminal_advances' depends on axioms: [propext,
 Quot.sound]
info: Challenge/Ripemd160/Submission/Proofs/Bytecode/PairedAllInlineCoreTrace.lean:9259:0: 'Challenge.Ripemd160.Submission.Proofs.Bytecode.PairedAllInlineCoreTrace.inline33Block_terminal_advances' depends on axioms: [propext,
 Quot.sound]
info: Challenge/Ripemd160/Submission/Proofs/Bytecode/PairedAllInlineCoreTrace.lean:9266:0: 'Challenge.Ripemd160.Submission.Proofs.Bytecode.PairedAllInlineCoreTrace.inline34Block_terminal_advances' depends on axioms: [propext,
 Quot.sound]
info: Challenge/Ripemd160/Submission/Proofs/Bytecode/PairedAllInlineCoreTrace.lean:9273:0: 'Challenge.Ripemd160.Submission.Proofs.Bytecode.PairedAllInlineCoreTrace.inline35Block_terminal_advances' depends on axioms: [propext,
 Quot.sound]
info: Challenge/Ripemd160/Submission/Proofs/Bytecode/PairedAllInlineCoreTrace.lean:9280:0: 'Challenge.Ripemd160.Submission.Proofs.Bytecode.PairedAllInlineCoreTrace.inline36Block_terminal_advances' depends on axioms: [propext,
 Quot.sound]
info: Challenge/Ripemd160/Submission/Proofs/Bytecode/PairedAllInlineCoreTrace.lean:9287:0: 'Challenge.Ripemd160.Submission.Proofs.Bytecode.PairedAllInlineCoreTrace.inline37Block_terminal_advances' depends on axioms: [propext,
 Quot.sound]
info: Challenge/Ripemd160/Submission/Proofs/Bytecode/PairedAllInlineCoreTrace.lean:9294:0: 'Challenge.Ripemd160.Submission.Proofs.Bytecode.PairedAllInlineCoreTrace.inline38Block_terminal_advances' depends on axioms: [propext,
 Quot.sound]
info: Challenge/Ripemd160/Submission/Proofs/Bytecode/PairedAllInlineCoreTrace.lean:9301:0: 'Challenge.Ripemd160.Submission.Proofs.Bytecode.PairedAllInlineCoreTrace.inline39Block_terminal_advances' depends on axioms: [propext,
 Quot.sound]
info: Challenge/Ripemd160/Submission/Proofs/Bytecode/PairedAllInlineCoreTrace.lean:9308:0: 'Challenge.Ripemd160.Submission.Proofs.Bytecode.PairedAllInlineCoreTrace.inline40Block_terminal_advances' depends on axioms: [propext,
 Quot.sound]
info: Challenge/Ripemd160/Submission/Proofs/Bytecode/PairedAllInlineCoreTrace.lean:9315:0: 'Challenge.Ripemd160.Submission.Proofs.Bytecode.PairedAllInlineCoreTrace.inline41Block_terminal_advances' depends on axioms: [propext,
 Quot.sound]
info: Challenge/Ripemd160/Submission/Proofs/Bytecode/PairedAllInlineCoreTrace.lean:9322:0: 'Challenge.Ripemd160.Submission.Proofs.Bytecode.PairedAllInlineCoreTrace.inline42Block_terminal_advances' depends on axioms: [propext,
 Quot.sound]
info: Challenge/Ripemd160/Submission/Proofs/Bytecode/PairedAllInlineCoreTrace.lean:9329:0: 'Challenge.Ripemd160.Submission.Proofs.Bytecode.PairedAllInlineCoreTrace.inline43Block_terminal_advances' depends on axioms: [propext,
 Quot.sound]
info: Challenge/Ripemd160/Submission/Proofs/Bytecode/PairedAllInlineCoreTrace.lean:9336:0: 'Challenge.Ripemd160.Submission.Proofs.Bytecode.PairedAllInlineCoreTrace.inline44Block_terminal_advances' depends on axioms: [propext,
 Quot.sound]
info: Challenge/Ripemd160/Submission/Proofs/Bytecode/PairedAllInlineCoreTrace.lean:9343:0: 'Challenge.Ripemd160.Submission.Proofs.Bytecode.PairedAllInlineCoreTrace.inline45Block_terminal_advances' depends on axioms: [propext,
 Quot.sound]
info: Challenge/Ripemd160/Submission/Proofs/Bytecode/PairedAllInlineCoreTrace.lean:9350:0: 'Challenge.Ripemd160.Submission.Proofs.Bytecode.PairedAllInlineCoreTrace.inline46Block_terminal_advances' depends on axioms: [propext,
 Quot.sound]
info: Challenge/Ripemd160/Submission/Proofs/Bytecode/PairedAllInlineCoreTrace.lean:9357:0: 'Challenge.Ripemd160.Submission.Proofs.Bytecode.PairedAllInlineCoreTrace.inline47Block_terminal_advances' depends on axioms: [propext,
 Quot.sound]
info: Challenge/Ripemd160/Submission/Proofs/Bytecode/PairedAllInlineCoreTrace.lean:9364:0: 'Challenge.Ripemd160.Submission.Proofs.Bytecode.PairedAllInlineCoreTrace.group48Block_terminal_advances' depends on axioms: [propext,
 Quot.sound]
info: Challenge/Ripemd160/Submission/Proofs/Bytecode/PairedAllInlineCoreTrace.lean:9371:0: 'Challenge.Ripemd160.Submission.Proofs.Bytecode.PairedAllInlineCoreTrace.inline48Block_terminal_advances' depends on axioms: [propext,
 Classical.choice,
 Quot.sound]
info: Challenge/Ripemd160/Submission/Proofs/Bytecode/PairedAllInlineCoreTrace.lean:9378:0: 'Challenge.Ripemd160.Submission.Proofs.Bytecode.PairedAllInlineCoreTrace.inline49Block_terminal_advances' depends on axioms: [propext,
 Classical.choice,
 Quot.sound]
info: Challenge/Ripemd160/Submission/Proofs/Bytecode/PairedAllInlineCoreTrace.lean:9385:0: 'Challenge.Ripemd160.Submission.Proofs.Bytecode.PairedAllInlineCoreTrace.inline50Block_terminal_advances' depends on axioms: [propext,
 Classical.choice,
 Quot.sound]
info: Challenge/Ripemd160/Submission/Proofs/Bytecode/PairedAllInlineCoreTrace.lean:9392:0: 'Challenge.Ripemd160.Submission.Proofs.Bytecode.PairedAllInlineCoreTrace.inline51Block_terminal_advances' depends on axioms: [propext,
 Classical.choice,
 Quot.sound]
info: Challenge/Ripemd160/Submission/Proofs/Bytecode/PairedAllInlineCoreTrace.lean:9399:0: 'Challenge.Ripemd160.Submission.Proofs.Bytecode.PairedAllInlineCoreTrace.inline52Block_terminal_advances' depends on axioms: [propext,
 Classical.choice,
 Quot.sound]
info: Challenge/Ripemd160/Submission/Proofs/Bytecode/PairedAllInlineCoreTrace.lean:9406:0: 'Challenge.Ripemd160.Submission.Proofs.Bytecode.PairedAllInlineCoreTrace.inline53Block_terminal_advances' depends on axioms: [propext,
 Classical.choice,
 Quot.sound]
info: Challenge/Ripemd160/Submission/Proofs/Bytecode/PairedAllInlineCoreTrace.lean:9413:0: 'Challenge.Ripemd160.Submission.Proofs.Bytecode.PairedAllInlineCoreTrace.inline54Block_terminal_advances' depends on axioms: [propext,
 Classical.choice,
 Quot.sound]
info: Challenge/Ripemd160/Submission/Proofs/Bytecode/PairedAllInlineCoreTrace.lean:9420:0: 'Challenge.Ripemd160.Submission.Proofs.Bytecode.PairedAllInlineCoreTrace.inline55Block_terminal_advances' depends on axioms: [propext,
 Classical.choice,
 Quot.sound]
info: Challenge/Ripemd160/Submission/Proofs/Bytecode/PairedAllInlineCoreTrace.lean:9427:0: 'Challenge.Ripemd160.Submission.Proofs.Bytecode.PairedAllInlineCoreTrace.inline56Block_terminal_advances' depends on axioms: [propext,
 Classical.choice,
 Quot.sound]
info: Challenge/Ripemd160/Submission/Proofs/Bytecode/PairedAllInlineCoreTrace.lean:9434:0: 'Challenge.Ripemd160.Submission.Proofs.Bytecode.PairedAllInlineCoreTrace.inline57Block_terminal_advances' depends on axioms: [propext,
 Classical.choice,
 Quot.sound]
info: Challenge/Ripemd160/Submission/Proofs/Bytecode/PairedAllInlineCoreTrace.lean:9441:0: 'Challenge.Ripemd160.Submission.Proofs.Bytecode.PairedAllInlineCoreTrace.inline58Block_terminal_advances' depends on axioms: [propext,
 Classical.choice,
 Quot.sound]
info: Challenge/Ripemd160/Submission/Proofs/Bytecode/PairedAllInlineCoreTrace.lean:9448:0: 'Challenge.Ripemd160.Submission.Proofs.Bytecode.PairedAllInlineCoreTrace.inline59Block_terminal_advances' depends on axioms: [propext,
 Classical.choice,
 Quot.sound]
info: Challenge/Ripemd160/Submission/Proofs/Bytecode/PairedAllInlineCoreTrace.lean:9455:0: 'Challenge.Ripemd160.Submission.Proofs.Bytecode.PairedAllInlineCoreTrace.inline60Block_terminal_advances' depends on axioms: [propext,
 Classical.choice,
 Quot.sound]
info: Challenge/Ripemd160/Submission/Proofs/Bytecode/PairedAllInlineCoreTrace.lean:9462:0: 'Challenge.Ripemd160.Submission.Proofs.Bytecode.PairedAllInlineCoreTrace.inline61Block_terminal_advances' depends on axioms: [propext,
 Classical.choice,
 Quot.sound]
info: Challenge/Ripemd160/Submission/Proofs/Bytecode/PairedAllInlineCoreTrace.lean:9469:0: 'Challenge.Ripemd160.Submission.Proofs.Bytecode.PairedAllInlineCoreTrace.inline62Block_terminal_advances' depends on axioms: [propext,
 Classical.choice,
 Quot.sound]
info: Challenge/Ripemd160/Submission/Proofs/Bytecode/PairedAllInlineCoreTrace.lean:9476:0: 'Challenge.Ripemd160.Submission.Proofs.Bytecode.PairedAllInlineCoreTrace.inline63Block_terminal_advances' depends on axioms: [propext,
 Classical.choice,
 Quot.sound]
info: Challenge/Ripemd160/Submission/Proofs/Bytecode/PairedAllInlineCoreTrace.lean:9483:0: 'Challenge.Ripemd160.Submission.Proofs.Bytecode.PairedAllInlineCoreTrace.group64Block_terminal_advances' depends on axioms: [propext,
 Quot.sound]
info: Challenge/Ripemd160/Submission/Proofs/Bytecode/PairedAllInlineCoreTrace.lean:9490:0: 'Challenge.Ripemd160.Submission.Proofs.Bytecode.PairedAllInlineCoreTrace.inline64Block_terminal_advances' depends on axioms: [propext,
 Classical.choice,
 Quot.sound]
info: Challenge/Ripemd160/Submission/Proofs/Bytecode/PairedAllInlineCoreTrace.lean:9497:0: 'Challenge.Ripemd160.Submission.Proofs.Bytecode.PairedAllInlineCoreTrace.inline65Block_terminal_advances' depends on axioms: [propext,
 Classical.choice,
 Quot.sound]
info: Challenge/Ripemd160/Submission/Proofs/Bytecode/PairedAllInlineCoreTrace.lean:9504:0: 'Challenge.Ripemd160.Submission.Proofs.Bytecode.PairedAllInlineCoreTrace.inline66Block_terminal_advances' depends on axioms: [propext,
 Classical.choice,
 Quot.sound]
info: Challenge/Ripemd160/Submission/Proofs/Bytecode/PairedAllInlineCoreTrace.lean:9511:0: 'Challenge.Ripemd160.Submission.Proofs.Bytecode.PairedAllInlineCoreTrace.inline67Block_terminal_advances' depends on axioms: [propext,
 Classical.choice,
 Quot.sound]
info: Challenge/Ripemd160/Submission/Proofs/Bytecode/PairedAllInlineCoreTrace.lean:9518:0: 'Challenge.Ripemd160.Submission.Proofs.Bytecode.PairedAllInlineCoreTrace.inline68Block_terminal_advances' depends on axioms: [propext,
 Classical.choice,
 Quot.sound]
info: Challenge/Ripemd160/Submission/Proofs/Bytecode/PairedAllInlineCoreTrace.lean:9525:0: 'Challenge.Ripemd160.Submission.Proofs.Bytecode.PairedAllInlineCoreTrace.inline69Block_terminal_advances' depends on axioms: [propext,
 Classical.choice,
 Quot.sound]
info: Challenge/Ripemd160/Submission/Proofs/Bytecode/PairedAllInlineCoreTrace.lean:9532:0: 'Challenge.Ripemd160.Submission.Proofs.Bytecode.PairedAllInlineCoreTrace.inline70Block_terminal_advances' depends on axioms: [propext,
 Classical.choice,
 Quot.sound]
info: Challenge/Ripemd160/Submission/Proofs/Bytecode/PairedAllInlineCoreTrace.lean:9539:0: 'Challenge.Ripemd160.Submission.Proofs.Bytecode.PairedAllInlineCoreTrace.inline71Block_terminal_advances' depends on axioms: [propext,
 Classical.choice,
 Quot.sound]
info: Challenge/Ripemd160/Submission/Proofs/Bytecode/PairedAllInlineCoreTrace.lean:9546:0: 'Challenge.Ripemd160.Submission.Proofs.Bytecode.PairedAllInlineCoreTrace.inline72Block_terminal_advances' depends on axioms: [propext,
 Classical.choice,
 Quot.sound]
info: Challenge/Ripemd160/Submission/Proofs/Bytecode/PairedAllInlineCoreTrace.lean:9553:0: 'Challenge.Ripemd160.Submission.Proofs.Bytecode.PairedAllInlineCoreTrace.inline73Block_terminal_advances' depends on axioms: [propext,
 Classical.choice,
 Quot.sound]
info: Challenge/Ripemd160/Submission/Proofs/Bytecode/PairedAllInlineCoreTrace.lean:9560:0: 'Challenge.Ripemd160.Submission.Proofs.Bytecode.PairedAllInlineCoreTrace.inline74Block_terminal_advances' depends on axioms: [propext,
 Classical.choice,
 Quot.sound]
info: Challenge/Ripemd160/Submission/Proofs/Bytecode/PairedAllInlineCoreTrace.lean:9567:0: 'Challenge.Ripemd160.Submission.Proofs.Bytecode.PairedAllInlineCoreTrace.inline75Block_terminal_advances' depends on axioms: [propext,
 Classical.choice,
 Quot.sound]
info: Challenge/Ripemd160/Submission/Proofs/Bytecode/PairedAllInlineCoreTrace.lean:9574:0: 'Challenge.Ripemd160.Submission.Proofs.Bytecode.PairedAllInlineCoreTrace.inline76Block_terminal_advances' depends on axioms: [propext,
 Classical.choice,
 Quot.sound]
info: Challenge/Ripemd160/Submission/Proofs/Bytecode/PairedAllInlineCoreTrace.lean:9581:0: 'Challenge.Ripemd160.Submission.Proofs.Bytecode.PairedAllInlineCoreTrace.inline77Block_terminal_advances' depends on axioms: [propext,
 Classical.choice,
 Quot.sound]
info: Challenge/Ripemd160/Submission/Proofs/Bytecode/PairedAllInlineCoreTrace.lean:9588:0: 'Challenge.Ripemd160.Submission.Proofs.Bytecode.PairedAllInlineCoreTrace.inline78Block_terminal_advances' depends on axioms: [propext,
 Classical.choice,
 Quot.sound]
info: Challenge/Ripemd160/Submission/Proofs/Bytecode/PairedAllInlineCoreTrace.lean:9595:0: 'Challenge.Ripemd160.Submission.Proofs.Bytecode.PairedAllInlineCoreTrace.inline79Block_terminal_advances' depends on axioms: [propext,
 Classical.choice,
 Quot.sound]
info: Challenge/Ripemd160/Submission/Proofs/Bytecode/PairedAllInlineCoreTrace.lean:9602:0: 'Challenge.Ripemd160.Submission.Proofs.Bytecode.PairedAllInlineCoreTrace.coreExitBlock_terminal_advances' depends on axioms: [propext,
 Quot.sound]
info: Challenge/Ripemd160/Submission/Proofs/Bytecode/PairedAllInlineCoreTrace.lean:9792:0: 'Challenge.Ripemd160.Submission.Proofs.Bytecode.PairedAllInlineCoreTrace.gasSteps_wholeCore' depends on axioms: [propext,
 Classical.choice,
 Quot.sound]
info: Challenge/Ripemd160/Submission/Proofs/Bytecode/PairedAllInlineCoreTrace.lean:9814:0: 'Challenge.Ripemd160.Submission.Proofs.Bytecode.PairedAllInlineCoreTrace.gasSteps_wholeCore_normalized' depends on axioms: [propext,
 Classical.choice,
 Quot.sound]
ℹ [1111/1641] Replayed Challenge.Ripemd160.Submission.Proofs.Bytecode.PairedDivMaskCache
info: Challenge/Ripemd160/Submission/Proofs/Bytecode/PairedDivMaskCache.lean:17:0: 'Challenge.Ripemd160.Submission.Proofs.Bytecode.PairedDivMaskCache.mask8_div' depends on axioms: [propext]
info: Challenge/Ripemd160/Submission/Proofs/Bytecode/PairedDivMaskCache.lean:22:0: 'Challenge.Ripemd160.Submission.Proofs.Bytecode.PairedDivMaskCache.mask16_div' depends on axioms: [propext]
info: Challenge/Ripemd160/Submission/Proofs/Bytecode/PairedDivMaskCache.lean:86:0: 'Challenge.Ripemd160.Submission.Proofs.Bytecode.PairedDivMaskCache.run_cachedInitial' depends on axioms: [propext,
 Classical.choice,
 Quot.sound]
info: Challenge/Ripemd160/Submission/Proofs/Bytecode/PairedDivMaskCache.lean:147:0: 'Challenge.Ripemd160.Submission.Proofs.Bytecode.PairedDivMaskCache.run_fullTemplate' depends on axioms: [propext,
 Classical.choice,
 Quot.sound]
info: Challenge/Ripemd160/Submission/Proofs/Bytecode/PairedDivMaskCache.lean:166:0: 'Challenge.Ripemd160.Submission.Proofs.Bytecode.PairedDivMaskCache.run_fullTemplate_natural' depends on axioms: [propext,
 Classical.choice,
 Quot.sound]
info: Challenge/Ripemd160/Submission/Proofs/Bytecode/PairedDivMaskCache.lean:177:0: 'Challenge.Ripemd160.Submission.Proofs.Bytecode.PairedDivMaskCache.fullTemplate_length' depends on axioms: [propext,
 Quot.sound]
info: Challenge/Ripemd160/Submission/Proofs/Bytecode/PairedDivMaskCache.lean:190:0: 'Challenge.Ripemd160.Submission.Proofs.Bytecode.PairedDivMaskCache.fullTemplate_byteLength' depends on axioms: [propext,
 Classical.choice,
 Quot.sound]
info: Challenge/Ripemd160/Submission/Proofs/Bytecode/PairedDivMaskCache.lean:202:0: 'Challenge.Ripemd160.Submission.Proofs.Bytecode.PairedDivMaskCache.fullTemplate_staticGas' depends on axioms: [propext,
 Classical.choice,
 Quot.sound]
info: Challenge/Ripemd160/Submission/Proofs/Bytecode/PairedDivMaskCache.lean:223:0: 'Challenge.Ripemd160.Submission.Proofs.Bytecode.PairedDivMaskCache.runInstr_pc_div' depends on axioms: [propext,
 Quot.sound]
info: Challenge/Ripemd160/Submission/Proofs/Bytecode/PairedDivMaskCache.lean:266:0: 'Challenge.Ripemd160.Submission.Proofs.Bytecode.PairedDivMaskCache.fullTemplate_advances' depends on axioms: [propext,
 Classical.choice,
 Quot.sound]
info: Challenge/Ripemd160/Submission/Proofs/Bytecode/PairedDivMaskCache.lean:276:0: 'Challenge.Ripemd160.Submission.Proofs.Bytecode.PairedDivMaskCache.advances' depends on axioms: [propext,
 Classical.choice,
 Quot.sound]
info: Challenge/Ripemd160/Submission/Proofs/Bytecode/PairedDivMaskCache.lean:330:0: 'Challenge.Ripemd160.Submission.Proofs.Bytecode.PairedDivMaskCache.runLocatedBlock_fullTemplate' depends on axioms: [propext,
 Classical.choice,
 Quot.sound]
info: Challenge/Ripemd160/Submission/Proofs/Bytecode/PairedDivMaskCache.lean:331:0: 'Challenge.Ripemd160.Submission.Proofs.Bytecode.PairedDivMaskCache.gasSteps_fullTemplate' depends on axioms: [propext,
 Classical.choice,
 Quot.sound]
info: Challenge/Ripemd160/Submission/Proofs/Bytecode/PairedDivMaskCache.lean:379:0: 'Challenge.Ripemd160.Submission.Proofs.Bytecode.PairedDivMaskCache.fullTemplate_exactBytes' depends on axioms: [propext,
 Quot.sound]
ℹ [1112/1641] Replayed Challenge.Ripemd160.Submission.Proofs.Bytecode.CachedSchedule
info: Challenge/Ripemd160/Submission/Proofs/Bytecode/CachedSchedule.lean:298:0: 'Challenge.Ripemd160.Submission.Proofs.Bytecode.CachedSchedule.run_fullTemplate_natural' depends on axioms: [propext,
 Classical.choice,
 Quot.sound]
ℹ [1113/1641] Replayed Challenge.Ripemd160.Submission.Proofs.Bytecode.PadShiftDiet
info: Challenge/Ripemd160/Submission/Proofs/Bytecode/PadShiftDiet.lean:33:0: 'Challenge.Ripemd160.Submission.Proofs.Bytecode.PadShiftDiet.low' depends on axioms: [propext,
 Classical.choice,
 Quot.sound]
info: Challenge/Ripemd160/Submission/Proofs/Bytecode/PadShiftDiet.lean:34:0: 'Challenge.Ripemd160.Submission.Proofs.Bytecode.PadShiftDiet.high' depends on axioms: [propext,
 Classical.choice,
 Quot.sound]
ℹ [1114/1641] Replayed Challenge.Ripemd160.Submission.Proofs.Bytecode.PadOnlySchedule
info: Challenge/Ripemd160/Submission/Proofs/Bytecode/PadOnlySchedule.lean:85:0: 'Challenge.Ripemd160.Submission.Proofs.Bytecode.PadOnlySchedule.run_template' depends on axioms: [propext,
 Classical.choice,
 Quot.sound]
ℹ [1115/1641] Replayed Challenge.Ripemd160.Submission.Proofs.Bytecode.PadOnlyMemory
info: Challenge/Ripemd160/Submission/Proofs/Bytecode/PadOnlyMemory.lean:72:0: '_private.Challenge.Ripemd160.Submission.Proofs.Bytecode.PadOnlyMemory.0.Challenge.Ripemd160.Submission.Proofs.Bytecode.PadOnlySchedule.memory_pointwise' depends on axioms: [propext,
 Classical.choice,
 Quot.sound]
info: Challenge/Ripemd160/Submission/Proofs/Bytecode/PadOnlyMemory.lean:111:0: 'Challenge.Ripemd160.Submission.Proofs.Bytecode.PadOnlySchedule.memory_equiv' depends on axioms: [propext,
 Classical.choice,
 Quot.sound]
ℹ [1116/1641] Replayed Challenge.Ripemd160.Submission.Proofs.Bytecode.PairTablePad
info: Challenge/Ripemd160/Submission/Proofs/Bytecode/PairTablePad.lean:53:0: 'Challenge.Ripemd160.Submission.Proofs.Bytecode.PairTablePad.padWords_bound' depends on axioms: [propext, Quot.sound]
info: Challenge/Ripemd160/Submission/Proofs/Bytecode/PairTablePad.lean:54:0: 'Challenge.Ripemd160.Submission.Proofs.Bytecode.PairTablePad.resultMemory_eq_table' depends on axioms: [propext,
 Classical.choice,
 Quot.sound]
ℹ [1119/1641] Replayed Challenge.Ripemd160.Submission.Proofs.Bytecode.Table80ScratchZero
info: Challenge/Ripemd160/Submission/Proofs/Bytecode/Table80ScratchZero.lean:95:0: 'Challenge.Ripemd160.Submission.Proofs.Bytecode.Table80ScratchZero.poolWord_eq_extracted' depends on axioms: [propext,
 Classical.choice,
 Quot.sound]
info: Challenge/Ripemd160/Submission/Proofs/Bytecode/Table80ScratchZero.lean:96:0: 'Challenge.Ripemd160.Submission.Proofs.Bytecode.Table80ScratchZero.erase_scratch' depends on axioms: [propext,
 Classical.choice,
 Quot.sound]
ℹ [1120/1641] Replayed Challenge.Ripemd160.Submission.Proofs.Bytecode.Table80EndianSetup
info: Challenge/Ripemd160/Submission/Proofs/Bytecode/Table80EndianSetup.lean:85:0: 'Challenge.Ripemd160.Submission.Proofs.Bytecode.Table80Setup.run_endian' depends on axioms: [propext,
 Classical.choice,
 Quot.sound]
ℹ [1121/1641] Replayed Challenge.Ripemd160.Submission.Proofs.Bytecode.Table80ScratchZeroEndian
info: Challenge/Ripemd160/Submission/Proofs/Bytecode/Table80ScratchZeroEndian.lean:86:0: 'Challenge.Ripemd160.Submission.Proofs.Bytecode.Table80ScratchZero.run_endian' depends on axioms: [propext,
 Classical.choice,
 Quot.sound]
ℹ [1122/1641] Replayed Challenge.Ripemd160.Submission.Proofs.Bytecode.DeferredNormalEndian
info: Challenge/Ripemd160/Submission/Proofs/Bytecode/DeferredNormalEndian.lean:121:0: '_private.Challenge.Ripemd160.Submission.Proofs.Bytecode.DeferredNormalEndian.0.Challenge.Ripemd160.Submission.Proofs.Bytecode.DeferredNormalEndian.run_upper' depends on axioms: [propext,
 Classical.choice,
 Quot.sound]
info: Challenge/Ripemd160/Submission/Proofs/Bytecode/DeferredNormalEndian.lean:136:0: 'Challenge.Ripemd160.Submission.Proofs.Bytecode.DeferredNormalEndian.run_lower' depends on axioms: [propext,
 Classical.choice,
 Quot.sound]
info: Challenge/Ripemd160/Submission/Proofs/Bytecode/DeferredNormalEndian.lean:173:0: 'Challenge.Ripemd160.Submission.Proofs.Bytecode.DeferredNormalEndian.run_lowerFirst' depends on axioms: [propext,
 Classical.choice,
 Quot.sound]
info: Challenge/Ripemd160/Submission/Proofs/Bytecode/DeferredNormalEndian.lean:209:0: 'Challenge.Ripemd160.Submission.Proofs.Bytecode.DeferredNormalEndian.run_lowerSecond' depends on axioms: [propext,
 Classical.choice,
 Quot.sound]
info: Challenge/Ripemd160/Submission/Proofs/Bytecode/DeferredNormalEndian.lean:244:0: 'Challenge.Ripemd160.Submission.Proofs.Bytecode.DeferredNormalEndian.run_final' depends on axioms: [propext,
 Classical.choice,
 Quot.sound]
info: Challenge/Ripemd160/Submission/Proofs/Bytecode/DeferredNormalEndian.lean:259:0: 'Challenge.Ripemd160.Submission.Proofs.Bytecode.DeferredNormalEndian.run_finalCleanup' depends on axioms: [propext,
 Classical.choice,
 Quot.sound]
info: Challenge/Ripemd160/Submission/Proofs/Bytecode/DeferredNormalEndian.lean:306:0: 'Challenge.Ripemd160.Submission.Proofs.Bytecode.DeferredNormalEndian.run_endian' depends on axioms: [propext,
 Classical.choice,
 Quot.sound]
ℹ [1123/1641] Replayed Challenge.Ripemd160.Submission.Proofs.Bytecode.DeferredNormalInitial
info: Challenge/Ripemd160/Submission/Proofs/Bytecode/DeferredNormalInitial.lean:16:0: 'Challenge.Ripemd160.Submission.Proofs.Bytecode.DeferredNormalInitial.mask8_div' depends on axioms: [propext]
info: Challenge/Ripemd160/Submission/Proofs/Bytecode/DeferredNormalInitial.lean:21:0: 'Challenge.Ripemd160.Submission.Proofs.Bytecode.DeferredNormalInitial.mask16_div' depends on axioms: [propext]
info: Challenge/Ripemd160/Submission/Proofs/Bytecode/DeferredNormalInitial.lean:84:0: 'Challenge.Ripemd160.Submission.Proofs.Bytecode.DeferredNormalInitial.run_cachedInitial' depends on axioms: [propext,
 Classical.choice,
 Quot.sound]
info: Challenge/Ripemd160/Submission/Proofs/Bytecode/DeferredNormalInitial.lean:119:0: 'Challenge.Ripemd160.Submission.Proofs.Bytecode.DeferredNormalInitial.run_preparedInitial' depends on axioms: [propext,
 Classical.choice,
 Quot.sound]
ℹ [1124/1641] Replayed Challenge.Ripemd160.Submission.Proofs.Bytecode.DeferredNormalInterleaved
info: Challenge/Ripemd160/Submission/Proofs/Bytecode/DeferredNormalInterleaved.lean:144:0: 'Challenge.Ripemd160.Submission.Proofs.Bytecode.DeferredNormalInterleaved.run_template' depends on axioms: [propext,
 Classical.choice,
 Quot.sound]
ℹ [1126/1641] Replayed Challenge.Ripemd160.Submission.Proofs.Bytecode.StaggerRawNormalPool
info: Challenge/Ripemd160/Submission/Proofs/Bytecode/StaggerRawNormalPool.lean:140:0: 'Challenge.Ripemd160.Submission.Proofs.Bytecode.StaggerRawNormalPool.run_actual' depends on axioms: [propext,
 Quot.sound]
ℹ [1127/1641] Replayed Challenge.Ripemd160.Submission.Proofs.Bytecode.StaggerRawNormalStore60
info: Challenge/Ripemd160/Submission/Proofs/Bytecode/StaggerRawNormalStore60.lean:96:0: 'Challenge.Ripemd160.Submission.Proofs.Bytecode.StaggerRawNormalStore60.run_actual' depends on axioms: [propext,
 Quot.sound]
ℹ [1128/1641] Replayed Challenge.Ripemd160.Submission.Proofs.Bytecode.StaggerRawNormalStore44
info: Challenge/Ripemd160/Submission/Proofs/Bytecode/StaggerRawNormalStore44.lean:93:0: 'Challenge.Ripemd160.Submission.Proofs.Bytecode.StaggerRawNormalStore44.run_actual' depends on axioms: [propext,
 Quot.sound]
ℹ [1129/1641] Replayed Challenge.Ripemd160.Submission.Proofs.Bytecode.StaggerRawNormalStore28
info: Challenge/Ripemd160/Submission/Proofs/Bytecode/StaggerRawNormalStore28.lean:87:0: 'Challenge.Ripemd160.Submission.Proofs.Bytecode.StaggerRawNormalStore28.run_actual' depends on axioms: [propext,
 Quot.sound]
ℹ [1130/1641] Replayed Challenge.Ripemd160.Submission.Proofs.Bytecode.StaggerRawNormalStore12
info: Challenge/Ripemd160/Submission/Proofs/Bytecode/StaggerRawNormalStore12.lean:65:0: 'Challenge.Ripemd160.Submission.Proofs.Bytecode.StaggerRawNormalStore12.run_actual' depends on axioms: [propext,
 Quot.sound]
ℹ [1131/1641] Replayed Challenge.Ripemd160.Submission.Proofs.Bytecode.StaggerNormal
info: Challenge/Ripemd160/Submission/Proofs/Bytecode/StaggerNormal.lean:121:0: 'Challenge.Ripemd160.Submission.Proofs.Bytecode.StaggerNormal.run_pool' depends on axioms: [propext, Quot.sound]
info: Challenge/Ripemd160/Submission/Proofs/Bytecode/StaggerNormal.lean:122:0: 'Challenge.Ripemd160.Submission.Proofs.Bytecode.StaggerNormal.run_stores' depends on axioms: [propext, Quot.sound]
ℹ [1132/1641] Replayed Challenge.Ripemd160.Submission.Proofs.Bytecode.DeferredNormalSchedule
info: Challenge/Ripemd160/Submission/Proofs/Bytecode/DeferredNormalSchedule.lean:52:0: 'Challenge.Ripemd160.Submission.Proofs.Bytecode.DeferredNormalSchedule.run_normal' depends on axioms: [propext,
 Classical.choice,
 Quot.sound]
ℹ [1133/1641] Replayed Challenge.Ripemd160.Submission.Proofs.Bytecode.Pair13Endian
info: Challenge/Ripemd160/Submission/Proofs/Bytecode/Pair13Endian.lean:344:0: 'Challenge.Ripemd160.Submission.Proofs.Bytecode.Pair13Endian.run_template' depends on axioms: [propext,
 Classical.choice,
 Quot.sound]
info: Challenge/Ripemd160/Submission/Proofs/Bytecode/Pair13Endian.lean:465:0: 'Challenge.Ripemd160.Submission.Proofs.Bytecode.Pair13Endian.run_templateV2' depends on axioms: [propext,
 Classical.choice,
 Quot.sound]
info: Challenge/Ripemd160/Submission/Proofs/Bytecode/Pair13Endian.lean:466:0: 'Challenge.Ripemd160.Submission.Proofs.Bytecode.Pair13Endian.exact_bytes' depends on axioms: [propext]
ℹ [1134/1641] Replayed Challenge.Ripemd160.Submission.Proofs.Bytecode.PairStoreMerge
info: Challenge/Ripemd160/Submission/Proofs/Bytecode/PairStoreMerge.lean:247:0: 'Challenge.Ripemd160.Submission.Proofs.Bytecode.PairStoreMerge.packed_toNat' depends on axioms: [propext,
 Classical.choice,
 Quot.sound]
info: Challenge/Ripemd160/Submission/Proofs/Bytecode/PairStoreMerge.lean:248:0: 'Challenge.Ripemd160.Submission.Proofs.Bytecode.PairStoreMerge.encoded_packed' depends on axioms: [propext,
 Classical.choice,
 Quot.sound]
info: Challenge/Ripemd160/Submission/Proofs/Bytecode/PairStoreMerge.lean:249:0: 'Challenge.Ripemd160.Submission.Proofs.Bytecode.PairStoreMerge.three_store_merge' depends on axioms: [propext,
 Classical.choice,
 Quot.sound]
ℹ [1135/1641] Replayed Challenge.Ripemd160.Submission.Proofs.Bytecode.Pair13PoolRaw
info: Challenge/Ripemd160/Submission/Proofs/Bytecode/Pair13PoolRaw.lean:336:0: 'Challenge.Ripemd160.Submission.Proofs.Bytecode.Pair13PoolRaw.run_actualV2' depends on axioms: [propext, Quot.sound]
info: Challenge/Ripemd160/Submission/Proofs/Bytecode/Pair13PoolRaw.lean:458:0: 'Challenge.Ripemd160.Submission.Proofs.Bytecode.Pair13PoolRaw.poolWord_dual' depends on axioms: [propext,
 Classical.choice,
 Quot.sound]
info: Challenge/Ripemd160/Submission/Proofs/Bytecode/Pair13PoolRaw.lean:459:0: 'Challenge.Ripemd160.Submission.Proofs.Bytecode.Pair13PoolRaw.poolWord_three' depends on axioms: [propext,
 Classical.choice,
 Quot.sound]
ℹ [1136/1641] Replayed Challenge.Ripemd160.Submission.Proofs.Bytecode.Shared32Scratch
info: Challenge/Ripemd160/Submission/Proofs/Bytecode/Shared32Scratch.lean:461:0: 'Challenge.Ripemd160.Submission.Proofs.Bytecode.Shared32Scratch.sparse_eq_writeWord' depends on axioms: [propext,
 Classical.choice,
 Quot.sound]
info: Challenge/Ripemd160/Submission/Proofs/Bytecode/Shared32Scratch.lean:462:0: 'Challenge.Ripemd160.Submission.Proofs.Bytecode.Shared32Scratch.copiedMemory_sparse' depends on axioms: [propext,
 Classical.choice,
 Quot.sound]
info: Challenge/Ripemd160/Submission/Proofs/Bytecode/Shared32Scratch.lean:463:0: 'Challenge.Ripemd160.Submission.Proofs.Bytecode.Shared32Scratch.copiedMemory_gapClear' depends on axioms: [propext,
 Classical.choice,
 Quot.sound]
info: Challenge/Ripemd160/Submission/Proofs/Bytecode/Shared32Scratch.lean:464:0: 'Challenge.Ripemd160.Submission.Proofs.Bytecode.Shared32Scratch.pool_lower' depends on axioms: [propext,
 Classical.choice,
 Quot.sound]
info: Challenge/Ripemd160/Submission/Proofs/Bytecode/Shared32Scratch.lean:465:0: 'Challenge.Ripemd160.Submission.Proofs.Bytecode.Shared32Scratch.pool_upper' depends on axioms: [propext,
 Classical.choice,
 Quot.sound]
info: Challenge/Ripemd160/Submission/Proofs/Bytecode/Shared32Scratch.lean:466:0: 'Challenge.Ripemd160.Submission.Proofs.Bytecode.Shared32Scratch.fan_poolWord' depends on axioms: [propext,
 Classical.choice,
 Quot.sound]
info: Challenge/Ripemd160/Submission/Proofs/Bytecode/Shared32Scratch.lean:467:0: 'Challenge.Ripemd160.Submission.Proofs.Bytecode.Shared32Scratch.erase_fan' depends on axioms: [propext,
 Classical.choice,
 Quot.sound]
info: Challenge/Ripemd160/Submission/Proofs/Bytecode/Shared32Scratch.lean:468:0: 'Challenge.Ripemd160.Submission.Proofs.Bytecode.Shared32Scratch.fanMemory_gapClear' depends on axioms: [propext,
 Classical.choice,
 Quot.sound]
ℹ [1137/1641] Replayed Challenge.Ripemd160.Submission.Proofs.Bytecode.Shared32Lower
info: Challenge/Ripemd160/Submission/Proofs/Bytecode/Shared32Lower.lean:49:0: 'Challenge.Ripemd160.Submission.Proofs.Bytecode.Shared32Lower.run_lower' depends on axioms: [propext,
 Classical.choice,
 Quot.sound]
info: Challenge/Ripemd160/Submission/Proofs/Bytecode/Shared32Lower.lean:50:0: 'Challenge.Ripemd160.Submission.Proofs.Bytecode.Shared32Lower.lower_bytes' depends on axioms: [propext]
ℹ [1139/1641] Replayed Challenge.Ripemd160.Submission.Proofs.Bytecode.Shared32SparseRun
info: Challenge/Ripemd160/Submission/Proofs/Bytecode/Shared32SparseRun.lean:83:0: 'Challenge.Ripemd160.Submission.Proofs.Bytecode.Shared32SparseRun.run_head' depends on axioms: [propext, Quot.sound]
info: Challenge/Ripemd160/Submission/Proofs/Bytecode/Shared32SparseRun.lean:84:0: 'Challenge.Ripemd160.Submission.Proofs.Bytecode.Shared32SparseRun.run_add' depends on axioms: [propext, Quot.sound]
info: Challenge/Ripemd160/Submission/Proofs/Bytecode/Shared32SparseRun.lean:85:0: 'Challenge.Ripemd160.Submission.Proofs.Bytecode.Shared32SparseRun.run_sparse' depends on axioms: [propext, Quot.sound]
info: Challenge/Ripemd160/Submission/Proofs/Bytecode/Shared32SparseRun.lean:86:0: 'Challenge.Ripemd160.Submission.Proofs.Bytecode.Shared32SparseRun.bytes_exact' depends on axioms: [propext]
ℹ [3182/3719] Replayed Challenge.Ripemd160.Submission.Proofs.Bytecode.PoolByte
info: Challenge/Ripemd160/Submission/Proofs/Bytecode/PoolByte.lean:104:0: 'Challenge.Ripemd160.Submission.Proofs.Bytecode.PoolByte.read' depends on axioms: [propext,
 Classical.choice,
 Quot.sound]
info: Challenge/Ripemd160/Submission/Proofs/Bytecode/PoolByte.lean:105:0: 'Challenge.Ripemd160.Submission.Proofs.Bytecode.PoolByte.shl144' depends on axioms: [propext, Quot.sound]
ℹ [3183/3719] Replayed Challenge.Ripemd160.Submission.Proofs.Bytecode.Pair13WriterRaw
info: Challenge/Ripemd160/Submission/Proofs/Bytecode/Pair13WriterRaw.lean:280:0: 'Challenge.Ripemd160.Submission.Proofs.Bytecode.Pair13WriterRaw.run_chunk0' depends on axioms: [propext, Quot.sound]
info: Challenge/Ripemd160/Submission/Proofs/Bytecode/Pair13WriterRaw.lean:381:0: 'Challenge.Ripemd160.Submission.Proofs.Bytecode.Pair13WriterRaw.run_chunk1' depends on axioms: [propext, Quot.sound]
info: Challenge/Ripemd160/Submission/Proofs/Bytecode/Pair13WriterRaw.lean:488:0: 'Challenge.Ripemd160.Submission.Proofs.Bytecode.Pair13WriterRaw.run_chunk2' depends on axioms: [propext, Quot.sound]
info: Challenge/Ripemd160/Submission/Proofs/Bytecode/Pair13WriterRaw.lean:586:0: 'Challenge.Ripemd160.Submission.Proofs.Bytecode.Pair13WriterRaw.run_chunk3' depends on axioms: [propext, Quot.sound]
info: Challenge/Ripemd160/Submission/Proofs/Bytecode/Pair13WriterRaw.lean:662:0: 'Challenge.Ripemd160.Submission.Proofs.Bytecode.Pair13WriterRaw.run_chunk4' depends on axioms: [propext, Quot.sound]
info: Challenge/Ripemd160/Submission/Proofs/Bytecode/Pair13WriterRaw.lean:729:0: 'Challenge.Ripemd160.Submission.Proofs.Bytecode.Pair13WriterRaw.run_chunk5' depends on axioms: [propext, Quot.sound]
info: Challenge/Ripemd160/Submission/Proofs/Bytecode/Pair13WriterRaw.lean:986:0: 'Challenge.Ripemd160.Submission.Proofs.Bytecode.Pair13WriterRaw.keys_sorted' does not depend on any axioms
info: Challenge/Ripemd160/Submission/Proofs/Bytecode/Pair13WriterRaw.lean:987:0: 'Challenge.Ripemd160.Submission.Proofs.Bytecode.Pair13WriterRaw.slotOrder_ok' does not depend on any axioms
info: Challenge/Ripemd160/Submission/Proofs/Bytecode/Pair13WriterRaw.lean:988:0: 'Challenge.Ripemd160.Submission.Proofs.Bytecode.Pair13WriterRaw.sorted_eq' depends on axioms: [propext]
info: Challenge/Ripemd160/Submission/Proofs/Bytecode/Pair13WriterRaw.lean:989:0: 'Challenge.Ripemd160.Submission.Proofs.Bytecode.Pair13WriterRaw.raw_eq_writer' depends on axioms: [propext,
 Classical.choice,
 Quot.sound]
info: Challenge/Ripemd160/Submission/Proofs/Bytecode/Pair13WriterRaw.lean:1094:0: 'Challenge.Ripemd160.Submission.Proofs.Bytecode.Pair13WriterRaw.run_writer_grow' depends on axioms: [propext,
 Classical.choice,
 Quot.sound]
info: Challenge/Ripemd160/Submission/Proofs/Bytecode/Pair13WriterRaw.lean:1095:0: 'Challenge.Ripemd160.Submission.Proofs.Bytecode.Pair13WriterRaw.run_writer' depends on axioms: [propext,
 Classical.choice,
 Quot.sound]
ℹ [3184/3719] Replayed Challenge.Ripemd160.Submission.Proofs.Bytecode.PoolRawWriter
info: Challenge/Ripemd160/Submission/Proofs/Bytecode/PoolRawWriter.lean:125:0: 'Challenge.Ripemd160.Submission.Proofs.Bytecode.PoolRawWriter.run_chunk0' depends on axioms: [propext, Quot.sound]
info: Challenge/Ripemd160/Submission/Proofs/Bytecode/PoolRawWriter.lean:226:0: 'Challenge.Ripemd160.Submission.Proofs.Bytecode.PoolRawWriter.run_chunk1' depends on axioms: [propext, Quot.sound]
info: Challenge/Ripemd160/Submission/Proofs/Bytecode/PoolRawWriter.lean:333:0: 'Challenge.Ripemd160.Submission.Proofs.Bytecode.PoolRawWriter.run_chunk2' depends on axioms: [propext, Quot.sound]
info: Challenge/Ripemd160/Submission/Proofs/Bytecode/PoolRawWriter.lean:431:0: 'Challenge.Ripemd160.Submission.Proofs.Bytecode.PoolRawWriter.run_chunk3' depends on axioms: [propext, Quot.sound]
info: Challenge/Ripemd160/Submission/Proofs/Bytecode/PoolRawWriter.lean:507:0: 'Challenge.Ripemd160.Submission.Proofs.Bytecode.PoolRawWriter.run_chunk4' depends on axioms: [propext, Quot.sound]
info: Challenge/Ripemd160/Submission/Proofs/Bytecode/PoolRawWriter.lean:573:0: 'Challenge.Ripemd160.Submission.Proofs.Bytecode.PoolRawWriter.run_chunk5' depends on axioms: [propext, Quot.sound]
info: Challenge/Ripemd160/Submission/Proofs/Bytecode/PoolRawWriter.lean:721:0: 'Challenge.Ripemd160.Submission.Proofs.Bytecode.PoolRawWriter.run_writer' depends on axioms: [propext, Quot.sound]
info: Challenge/Ripemd160/Submission/Proofs/Bytecode/PoolRawWriter.lean:722:0: 'Challenge.Ripemd160.Submission.Proofs.Bytecode.PoolRawWriter.run_writer_grow' depends on axioms: [propext, Quot.sound]
ℹ [3185/3719] Replayed Challenge.Ripemd160.Submission.Proofs.Bytecode.PoolShape
info: Challenge/Ripemd160/Submission/Proofs/Bytecode/PoolShape.lean:217:0: 'Challenge.Ripemd160.Submission.Proofs.Bytecode.PoolShape.pool_shape' depends on axioms: [propext,
 Classical.choice,
 Quot.sound]
info: Challenge/Ripemd160/Submission/Proofs/Bytecode/PoolShape.lean:218:0: 'Challenge.Ripemd160.Submission.Proofs.Bytecode.PoolShape.result_shape' depends on axioms: [propext,
 Classical.choice,
 Quot.sound]
ℹ [3187/3719] Replayed Challenge.Ripemd160.Submission.Proofs.Bytecode.PoolShapeV2
info: Challenge/Ripemd160/Submission/Proofs/Bytecode/PoolShapeV2.lean:166:0: 'Challenge.Ripemd160.Submission.Proofs.Bytecode.PoolShapeV2.poolV2_shape' depends on axioms: [propext,
 Classical.choice,
 Quot.sound]
info: Challenge/Ripemd160/Submission/Proofs/Bytecode/PoolShapeV2.lean:167:0: 'Challenge.Ripemd160.Submission.Proofs.Bytecode.PoolShapeV2.resultV2_shape' depends on axioms: [propext,
 Classical.choice,
 Quot.sound]
ℹ [3188/3719] Replayed Challenge.Ripemd160.Submission.Proofs.Bytecode.PoolCertificatesV2
info: Challenge/Ripemd160/Submission/Proofs/Bytecode/PoolCertificatesV2.lean:31:0: 'Challenge.Ripemd160.Submission.Proofs.Bytecode.PoolCertificatesV2.lane_sources' depends on axioms: [propext,
 Quot.sound]
info: Challenge/Ripemd160/Submission/Proofs/Bytecode/PoolCertificatesV2.lean:32:0: 'Challenge.Ripemd160.Submission.Proofs.Bytecode.PoolCertificatesV2.slack_sources' depends on axioms: [propext,
 Quot.sound]
ℹ [3189/3719] Replayed Challenge.Ripemd160.Submission.Proofs.Bytecode.Paired80Core
info: Challenge/Ripemd160/Submission/Proofs/Bytecode/Paired80Core.lean:77:0: 'Challenge.Ripemd160.Submission.Proofs.Bytecode.Paired80Core.low_pack' depends on axioms: [propext, Quot.sound]
info: Challenge/Ripemd160/Submission/Proofs/Bytecode/Paired80Core.lean:78:0: 'Challenge.Ripemd160.Submission.Proofs.Bytecode.Paired80Core.high_pack' depends on axioms: [propext, Quot.sound]
info: Challenge/Ripemd160/Submission/Proofs/Bytecode/Paired80Core.lean:79:0: 'Challenge.Ripemd160.Submission.Proofs.Bytecode.Paired80Core.pack_injective' depends on axioms: [propext, Quot.sound]
info: Challenge/Ripemd160/Submission/Proofs/Bytecode/Paired80Core.lean:80:0: 'Challenge.Ripemd160.Submission.Proofs.Bytecode.Paired80Core.normalize_pack' depends on axioms: [propext, Quot.sound]
info: Challenge/Ripemd160/Submission/Proofs/Bytecode/Paired80Core.lean:81:0: 'Challenge.Ripemd160.Submission.Proofs.Bytecode.Paired80Core.normalize_idem' depends on axioms: [propext, Quot.sound]
info: Challenge/Ripemd160/Submission/Proofs/Bytecode/Paired80Core.lean:82:0: 'Challenge.Ripemd160.Submission.Proofs.Bytecode.Paired80Core.normalize_eq_and' depends on axioms: [propext,
 Classical.choice,
 Quot.sound]
info: Challenge/Ripemd160/Submission/Proofs/Bytecode/Paired80Core.lean:83:0: 'Challenge.Ripemd160.Submission.Proofs.Bytecode.Paired80Core.pairMask_value' depends on axioms: [propext, Quot.sound]
ℹ [3190/3719] Replayed Challenge.Ripemd160.Submission.Proofs.Bytecode.Paired80Product
info: Challenge/Ripemd160/Submission/Proofs/Bytecode/Paired80Product.lean:39:0: 'Challenge.Ripemd160.Submission.Proofs.Bytecode.Paired80Product.mask_shift_disjoint' depends on axioms: [propext,
 Quot.sound]
info: Challenge/Ripemd160/Submission/Proofs/Bytecode/Paired80Product.lean:40:0: 'Challenge.Ripemd160.Submission.Proofs.Bytecode.Paired80Product.normalized_shift_disjoint' depends on axioms: [propext,
 Classical.choice,
 Quot.sound]
info: Challenge/Ripemd160/Submission/Proofs/Bytecode/Paired80Product.lean:41:0: 'Challenge.Ripemd160.Submission.Proofs.Bytecode.Paired80Product.factor_copies_normalized' depends on axioms: [propext,
 Classical.choice,
 Quot.sound]
ℹ [3191/3719] Replayed Challenge.Ripemd160.Submission.Proofs.Bytecode.Paired144Nat
info: Challenge/Ripemd160/Submission/Proofs/Bytecode/Paired144Nat.lean:55:0: 'Challenge.Ripemd160.Submission.Proofs.Bytecode.Paired144Nat.truncate_window' depends on axioms: [propext,
 Classical.choice,
 Quot.sound]
info: Challenge/Ripemd160/Submission/Proofs/Bytecode/Paired144Nat.lean:56:0: 'Challenge.Ripemd160.Submission.Proofs.Bytecode.Paired144Nat.rotate_toNat' depends on axioms: [propext, Quot.sound]
ℹ [3192/3719] Replayed Challenge.Ripemd160.Submission.Proofs.Bytecode.Paired144LegacyProduct
info: Challenge/Ripemd160/Submission/Proofs/Bytecode/Paired144LegacyProduct.lean:124:0: 'Challenge.Ripemd160.Submission.Proofs.Bytecode.Paired144LegacyProduct.rawProduct_toNat' depends on axioms: [propext]
info: Challenge/Ripemd160/Submission/Proofs/Bytecode/Paired144LegacyProduct.lean:125:0: 'Challenge.Ripemd160.Submission.Proofs.Bytecode.Paired144LegacyProduct.rawProduct_gap149' depends on axioms: [propext,
 Quot.sound]
info: Challenge/Ripemd160/Submission/Proofs/Bytecode/Paired144LegacyProduct.lean:126:0: 'Challenge.Ripemd160.Submission.Proofs.Bytecode.Paired144LegacyProduct.shiftedProduct_gap' depends on axioms: [propext,
 Quot.sound]
info: Challenge/Ripemd160/Submission/Proofs/Bytecode/Paired144LegacyProduct.lean:127:0: 'Challenge.Ripemd160.Submission.Proofs.Bytecode.Paired144LegacyProduct.low_shift_toNat' depends on axioms: [propext,
 Classical.choice,
 Quot.sound]
info: Challenge/Ripemd160/Submission/Proofs/Bytecode/Paired144LegacyProduct.lean:128:0: 'Challenge.Ripemd160.Submission.Proofs.Bytecode.Paired144LegacyProduct.high_shift_toNat' depends on axioms: [propext,
 Classical.choice,
 Quot.sound]
ℹ [3193/3719] Replayed Challenge.Ripemd160.Submission.Proofs.Bytecode.Paired144WordScale
info: Challenge/Ripemd160/Submission/Proofs/Bytecode/Paired144WordScale.lean:120:0: 'Challenge.Ripemd160.Submission.Proofs.Bytecode.Paired144WordScale.bits_wordScale_lower' depends on axioms: [propext,
 Classical.choice,
 Quot.sound]
info: Challenge/Ripemd160/Submission/Proofs/Bytecode/Paired144WordScale.lean:121:0: 'Challenge.Ripemd160.Submission.Proofs.Bytecode.Paired144WordScale.bits_wordScale_upper' depends on axioms: [propext,
 Classical.choice,
 Quot.sound]
ℹ [3194/3719] Replayed Challenge.Ripemd160.Submission.Proofs.Bytecode.Paired144Carry
info: Challenge/Ripemd160/Submission/Proofs/Bytecode/Paired144Carry.lean:77:0: 'Challenge.Ripemd160.Submission.Proofs.Bytecode.Paired144Carry.add_no_carry_nat' depends on axioms: [propext,
 Classical.choice,
 Quot.sound]
info: Challenge/Ripemd160/Submission/Proofs/Bytecode/Paired144Carry.lean:78:0: 'Challenge.Ripemd160.Submission.Proofs.Bytecode.Paired144Carry.add32_no_carry144' depends on axioms: [propext,
 Classical.choice,
 Quot.sound]
info: Challenge/Ripemd160/Submission/Proofs/Bytecode/Paired144Carry.lean:79:0: 'Challenge.Ripemd160.Submission.Proofs.Bytecode.Paired144Carry.high_add_nat' depends on axioms: [propext, Quot.sound]
info: Challenge/Ripemd160/Submission/Proofs/Bytecode/Paired144Carry.lean:80:0: 'Challenge.Ripemd160.Submission.Proofs.Bytecode.Paired144Carry.normalize_add_pack' depends on axioms: [propext,
 Classical.choice,
 Quot.sound]
ℹ [3195/3719] Replayed Challenge.Ripemd160.Submission.Proofs.Bytecode.Paired144CommonFactorPlus
info: Challenge/Ripemd160/Submission/Proofs/Bytecode/Paired144CommonFactorPlus.lean:128:0: 'Challenge.Ripemd160.Submission.Proofs.Bytecode.RootCommonFactorPlusProduct.rawProduct_toNat' depends on axioms: [propext]
info: Challenge/Ripemd160/Submission/Proofs/Bytecode/Paired144CommonFactorPlus.lean:129:0: 'Challenge.Ripemd160.Submission.Proofs.Bytecode.RootCommonFactorPlusProduct.rawProduct_gap144' depends on axioms: [propext,
 Quot.sound]
info: Challenge/Ripemd160/Submission/Proofs/Bytecode/Paired144CommonFactorPlus.lean:130:0: 'Challenge.Ripemd160.Submission.Proofs.Bytecode.RootCommonFactorPlusProduct.shiftedProduct_gap' depends on axioms: [propext,
 Quot.sound]
info: Challenge/Ripemd160/Submission/Proofs/Bytecode/Paired144CommonFactorPlus.lean:131:0: 'Challenge.Ripemd160.Submission.Proofs.Bytecode.RootCommonFactorPlusProduct.low_shift_toNat' depends on axioms: [propext,
 Classical.choice,
 Quot.sound]
info: Challenge/Ripemd160/Submission/Proofs/Bytecode/Paired144CommonFactorPlus.lean:132:0: 'Challenge.Ripemd160.Submission.Proofs.Bytecode.RootCommonFactorPlusProduct.high_shift_toNat' depends on axioms: [propext,
 Classical.choice,
 Quot.sound]
info: Challenge/Ripemd160/Submission/Proofs/Bytecode/Paired144CommonFactorPlus.lean:188:0: 'Challenge.Ripemd160.Submission.Proofs.Bytecode.RootCommonFactorPlusRotation.low_rotate' depends on axioms: [propext,
 Classical.choice,
 Quot.sound]
info: Challenge/Ripemd160/Submission/Proofs/Bytecode/Paired144CommonFactorPlus.lean:189:0: 'Challenge.Ripemd160.Submission.Proofs.Bytecode.RootCommonFactorPlusRotation.high_rotate' depends on axioms: [propext,
 Classical.choice,
 Quot.sound]
info: Challenge/Ripemd160/Submission/Proofs/Bytecode/Paired144CommonFactorPlus.lean:190:0: 'Challenge.Ripemd160.Submission.Proofs.Bytecode.RootCommonFactorPlusRotation.rawRotate_gap' depends on axioms: [propext,
 Quot.sound]
info: Challenge/Ripemd160/Submission/Proofs/Bytecode/Paired144CommonFactorPlus.lean:191:0: 'Challenge.Ripemd160.Submission.Proofs.Bytecode.RootCommonFactorPlusRotation.normalize_rotate' depends on axioms: [propext,
 Classical.choice,
 Quot.sound]
info: Challenge/Ripemd160/Submission/Proofs/Bytecode/Paired144CommonFactorPlus.lean:192:0: 'Challenge.Ripemd160.Submission.Proofs.Bytecode.RootCommonFactorPlusRotation.normalize_rotate_add' depends on axioms: [propext,
 Classical.choice,
 Quot.sound]
info: Challenge/Ripemd160/Submission/Proofs/Bytecode/Paired144CommonFactorPlus.lean:193:0: 'Challenge.Ripemd160.Submission.Proofs.Bytecode.RootCommonFactorPlusRotation.normalize_cRotate' depends on axioms: [propext,
 Classical.choice,
 Quot.sound]
info: Challenge/Ripemd160/Submission/Proofs/Bytecode/Paired144CommonFactorPlus.lean:278:0: 'Challenge.Ripemd160.Submission.Proofs.Bytecode.RootCommonFactorPlusWord.factor_alias' depends on axioms: [propext]
info: Challenge/Ripemd160/Submission/Proofs/Bytecode/Paired144CommonFactorPlus.lean:279:0: 'Challenge.Ripemd160.Submission.Proofs.Bytecode.RootCommonFactorPlusWord.bits_wordLegacy' depends on axioms: [propext,
 Classical.choice,
 Quot.sound]
info: Challenge/Ripemd160/Submission/Proofs/Bytecode/Paired144CommonFactorPlus.lean:280:0: 'Challenge.Ripemd160.Submission.Proofs.Bytecode.RootCommonFactorPlusWord.normalize_wordLegacy_add' depends on axioms: [propext,
 Classical.choice,
 Quot.sound]
info: Challenge/Ripemd160/Submission/Proofs/Bytecode/Paired144CommonFactorPlus.lean:281:0: 'Challenge.Ripemd160.Submission.Proofs.Bytecode.RootCommonFactorPlusWord.normalize_equal_add' depends on axioms: [propext,
 Classical.choice,
 Quot.sound]
info: Challenge/Ripemd160/Submission/Proofs/Bytecode/Paired144CommonFactorPlus.lean:282:0: 'Challenge.Ripemd160.Submission.Proofs.Bytecode.RootCommonFactorPlusWord.normalize_cRotate' depends on axioms: [propext,
 Classical.choice,
 Quot.sound]
info: Challenge/Ripemd160/Submission/Proofs/Bytecode/Paired144CommonFactorPlus.lean:283:0: 'Challenge.Ripemd160.Submission.Proofs.Bytecode.RootCommonFactorPlusWord.cRotate_gap121' depends on axioms: [propext,
 Classical.choice,
 Quot.sound]
info: Challenge/Ripemd160/Submission/Proofs/Bytecode/Paired144CommonFactorPlus.lean:374:0: 'Challenge.Ripemd160.Submission.Proofs.Bytecode.RootCommonFactorPlusScalar.scalar_window' depends on axioms: [propext,
 Classical.choice,
 Quot.sound]
info: Challenge/Ripemd160/Submission/Proofs/Bytecode/Paired144CommonFactorPlus.lean:375:0: 'Challenge.Ripemd160.Submission.Proofs.Bytecode.RootCommonFactorPlusScalar.low_window' depends on axioms: [propext,
 Classical.choice,
 Quot.sound]
info: Challenge/Ripemd160/Submission/Proofs/Bytecode/Paired144CommonFactorPlus.lean:376:0: 'Challenge.Ripemd160.Submission.Proofs.Bytecode.RootCommonFactorPlusScalar.product_window' depends on axioms: [propext,
 Classical.choice,
 Quot.sound]
info: Challenge/Ripemd160/Submission/Proofs/Bytecode/Paired144CommonFactorPlus.lean:377:0: 'Challenge.Ripemd160.Submission.Proofs.Bytecode.RootCommonFactorPlusScalar.low_pack_rotate' depends on axioms: [propext,
 Classical.choice,
 Quot.sound]
info: Challenge/Ripemd160/Submission/Proofs/Bytecode/Paired144CommonFactorPlus.lean:378:0: 'Challenge.Ripemd160.Submission.Proofs.Bytecode.RootCommonFactorPlusScalar.wide_low_eq' depends on axioms: [propext,
 Classical.choice,
 Quot.sound]
info: Challenge/Ripemd160/Submission/Proofs/Bytecode/Paired144CommonFactorPlus.lean:379:0: 'Challenge.Ripemd160.Submission.Proofs.Bytecode.RootCommonFactorPlusScalar.low_rotate_low54' depends on axioms: [propext,
 Classical.choice,
 Quot.sound]
info: Challenge/Ripemd160/Submission/Proofs/Bytecode/Paired144CommonFactorPlus.lean:380:0: 'Challenge.Ripemd160.Submission.Proofs.Bytecode.RootCommonFactorPlusScalar.low_word_rotate_low54' depends on axioms: [propext,
 Classical.choice,
 Quot.sound]
ℹ [3196/3719] Replayed Challenge.Ripemd160.Submission.Proofs.Bytecode.StaggerScalarWide
info: Challenge/Ripemd160/Submission/Proofs/Bytecode/StaggerScalarWide.lean:14:0: 'Challenge.Ripemd160.Submission.Proofs.Bytecode.StaggerScalarWide.low_rotate' depends on axioms: [propext,
 Classical.choice,
 Quot.sound]
info: Challenge/Ripemd160/Submission/Proofs/Bytecode/StaggerScalarWide.lean:15:0: 'Challenge.Ripemd160.Submission.Proofs.Bytecode.StaggerScalarWide.bits_wordShift' depends on axioms: [propext]
ℹ [3197/3719] Replayed Challenge.Ripemd160.Submission.Proofs.Bytecode.Paired80SumsBase
info: Challenge/Ripemd160/Submission/Proofs/Bytecode/Paired80SumsBase.lean:27:0: 'Challenge.Ripemd160.Submission.Proofs.Bytecode.Paired80Core.pack_toNat' depends on axioms: [propext, Quot.sound]
info: Challenge/Ripemd160/Submission/Proofs/Bytecode/Paired80SumsBase.lean:28:0: 'Challenge.Ripemd160.Submission.Proofs.Bytecode.Paired80Core.pack_eq_ofNat' depends on axioms: [propext, Quot.sound]
ℹ [3198/3719] Replayed Challenge.Ripemd160.Submission.Proofs.Bytecode.Paired80SumsBounds
info: Challenge/Ripemd160/Submission/Proofs/Bytecode/Paired80SumsBounds.lean:17:0: 'Challenge.Ripemd160.Submission.Proofs.Bytecode.Paired80Core.pair80_nat_bound' depends on axioms: [propext]
ℹ [3199/3719] Replayed Challenge.Ripemd160.Submission.Proofs.Bytecode.Paired80SumsLow
info: Challenge/Ripemd160/Submission/Proofs/Bytecode/Paired80SumsLow.lean:23:0: 'Challenge.Ripemd160.Submission.Proofs.Bytecode.Paired80Core.low_ofNat_pair' depends on axioms: [propext,
 Classical.choice,
 Quot.sound]
ℹ [3200/3719] Replayed Challenge.Ripemd160.Submission.Proofs.Bytecode.Paired80SumsHigh
info: Challenge/Ripemd160/Submission/Proofs/Bytecode/Paired80SumsHigh.lean:25:0: 'Challenge.Ripemd160.Submission.Proofs.Bytecode.Paired80Core.high_ofNat_pair' depends on axioms: [propext]
ℹ [3201/3719] Replayed Challenge.Ripemd160.Submission.Proofs.Bytecode.Paired80SumsNormalize
info: Challenge/Ripemd160/Submission/Proofs/Bytecode/Paired80SumsNormalize.lean:20:0: 'Challenge.Ripemd160.Submission.Proofs.Bytecode.Paired80Core.normalize_ofNat' depends on axioms: [propext,
 Classical.choice,
 Quot.sound]
ℹ [3202/3719] Replayed Challenge.Ripemd160.Submission.Proofs.Bytecode.Paired80Sums
info: Challenge/Ripemd160/Submission/Proofs/Bytecode/Paired80Sums.lean:42:0: 'Challenge.Ripemd160.Submission.Proofs.Bytecode.Paired80Core.normalize_four_adds' depends on axioms: [propext,
 Classical.choice,
 Quot.sound]
info: Challenge/Ripemd160/Submission/Proofs/Bytecode/Paired80Sums.lean:43:0: 'Challenge.Ripemd160.Submission.Proofs.Bytecode.Paired80Core.and_four_adds' depends on axioms: [propext,
 Classical.choice,
 Quot.sound]
ℹ [3203/3719] Replayed Challenge.Ripemd160.Submission.Proofs.Bytecode.Paired80Rotate
info: Challenge/Ripemd160/Submission/Proofs/Bytecode/Paired80Rotate.lean:83:0: 'Challenge.Ripemd160.Submission.Proofs.Bytecode.Paired80Rotate.factor_pack' depends on axioms: [propext,
 Classical.choice,
 Quot.sound]
info: Challenge/Ripemd160/Submission/Proofs/Bytecode/Paired80Rotate.lean:84:0: 'Challenge.Ripemd160.Submission.Proofs.Bytecode.Paired80Rotate.low_rotate_product' depends on axioms: [propext,
 Classical.choice,
 Quot.sound]
info: Challenge/Ripemd160/Submission/Proofs/Bytecode/Paired80Rotate.lean:85:0: 'Challenge.Ripemd160.Submission.Proofs.Bytecode.Paired80Rotate.high_rotate_product' depends on axioms: [propext,
 Classical.choice,
 Quot.sound]
info: Challenge/Ripemd160/Submission/Proofs/Bytecode/Paired80Rotate.lean:86:0: 'Challenge.Ripemd160.Submission.Proofs.Bytecode.Paired80Rotate.normalize_rotate_product' depends on axioms: [propext,
 Classical.choice,
 Quot.sound]
ℹ [3204/3719] Replayed Challenge.Ripemd160.Submission.Proofs.Bytecode.Paired80Boolean
info: Challenge/Ripemd160/Submission/Proofs/Bytecode/Paired80Boolean.lean:118:0: 'Challenge.Ripemd160.Submission.Proofs.Bytecode.Paired80Boolean.pack_and' depends on axioms: [propext, Quot.sound]
info: Challenge/Ripemd160/Submission/Proofs/Bytecode/Paired80Boolean.lean:119:0: 'Challenge.Ripemd160.Submission.Proofs.Bytecode.Paired80Boolean.pack_or' depends on axioms: [propext, Quot.sound]
info: Challenge/Ripemd160/Submission/Proofs/Bytecode/Paired80Boolean.lean:120:0: 'Challenge.Ripemd160.Submission.Proofs.Bytecode.Paired80Boolean.pack_xor' depends on axioms: [propext, Quot.sound]
info: Challenge/Ripemd160/Submission/Proofs/Bytecode/Paired80Boolean.lean:121:0: 'Challenge.Ripemd160.Submission.Proofs.Bytecode.Paired80Boolean.pack_complement' depends on axioms: [propext,
 Classical.choice,
 Quot.sound]
info: Challenge/Ripemd160/Submission/Proofs/Bytecode/Paired80Boolean.lean:122:0: 'Challenge.Ripemd160.Submission.Proofs.Bytecode.Paired80Boolean.blend_pack' depends on axioms: [propext,
 Classical.choice,
 Quot.sound]
info: Challenge/Ripemd160/Submission/Proofs/Bytecode/Paired80Boolean.lean:123:0: 'Challenge.Ripemd160.Submission.Proofs.Bytecode.Paired80Boolean.f_pack' depends on axioms: [propext, Quot.sound]
info: Challenge/Ripemd160/Submission/Proofs/Bytecode/Paired80Boolean.lean:124:0: 'Challenge.Ripemd160.Submission.Proofs.Bytecode.Paired80Boolean.f04_correction' depends on axioms: [propext,
 Classical.choice,
 Quot.sound]
info: Challenge/Ripemd160/Submission/Proofs/Bytecode/Paired80Boolean.lean:125:0: 'Challenge.Ripemd160.Submission.Proofs.Bytecode.Paired80Boolean.pairedF_pack' depends on axioms: [propext,
 Classical.choice,
 Quot.sound]
ℹ [3205/3719] Replayed Challenge.Ripemd160.Submission.Proofs.Bytecode.Paired80Carry
info: Challenge/Ripemd160/Submission/Proofs/Bytecode/Paired80Carry.lean:50:0: 'Challenge.Ripemd160.Submission.Proofs.Bytecode.Paired80Carry.add32_no_carry80' depends on axioms: [propext, Quot.sound]
info: Challenge/Ripemd160/Submission/Proofs/Bytecode/Paired80Carry.lean:51:0: 'Challenge.Ripemd160.Submission.Proofs.Bytecode.Paired80Carry.shifted_product_gap' depends on axioms: [propext,
 Classical.choice,
 Quot.sound]
info: Challenge/Ripemd160/Submission/Proofs/Bytecode/Paired80Carry.lean:52:0: 'Challenge.Ripemd160.Submission.Proofs.Bytecode.Paired80Carry.blend_gap' depends on axioms: [propext, Quot.sound]
info: Challenge/Ripemd160/Submission/Proofs/Bytecode/Paired80Carry.lean:53:0: 'Challenge.Ripemd160.Submission.Proofs.Bytecode.Paired80Carry.blend_shifted_gap' depends on axioms: [propext,
 Classical.choice,
 Quot.sound]
ℹ [3206/3719] Replayed Challenge.Ripemd160.Submission.Proofs.Bytecode.Paired80CarryAdd
info: Challenge/Ripemd160/Submission/Proofs/Bytecode/Paired80CarryAdd.lean:43:0: 'Challenge.Ripemd160.Submission.Proofs.Bytecode.Paired80Carry.high_add_nat' depends on axioms: [propext, Quot.sound]
info: Challenge/Ripemd160/Submission/Proofs/Bytecode/Paired80CarryAdd.lean:44:0: 'Challenge.Ripemd160.Submission.Proofs.Bytecode.Paired80Carry.normalize_add_pack' depends on axioms: [propext,
 Quot.sound]
ℹ [3207/3719] Replayed Challenge.Ripemd160.Submission.Proofs.Bytecode.Paired80ScaledRotate
info: Challenge/Ripemd160/Submission/Proofs/Bytecode/Paired80ScaledRotate.lean:281:0: 'Challenge.Ripemd160.Submission.Proofs.Bytecode.Paired80ScaledRotate.low_scaleLow' depends on axioms: [propext,
 Classical.choice,
 Quot.sound]
info: Challenge/Ripemd160/Submission/Proofs/Bytecode/Paired80ScaledRotate.lean:282:0: 'Challenge.Ripemd160.Submission.Proofs.Bytecode.Paired80ScaledRotate.high_scaleLow' depends on axioms: [propext,
 Classical.choice,
 Quot.sound]
info: Challenge/Ripemd160/Submission/Proofs/Bytecode/Paired80ScaledRotate.lean:283:0: 'Challenge.Ripemd160.Submission.Proofs.Bytecode.Paired80ScaledRotate.gap_scaleLow' depends on axioms: [propext,
 Classical.choice,
 Quot.sound]
info: Challenge/Ripemd160/Submission/Proofs/Bytecode/Paired80ScaledRotate.lean:284:0: 'Challenge.Ripemd160.Submission.Proofs.Bytecode.Paired80ScaledRotate.low_scaleHigh' depends on axioms: [propext,
 Classical.choice,
 Quot.sound]
info: Challenge/Ripemd160/Submission/Proofs/Bytecode/Paired80ScaledRotate.lean:285:0: 'Challenge.Ripemd160.Submission.Proofs.Bytecode.Paired80ScaledRotate.high_scaleHigh' depends on axioms: [propext,
 Classical.choice,
 Quot.sound]
info: Challenge/Ripemd160/Submission/Proofs/Bytecode/Paired80ScaledRotate.lean:286:0: 'Challenge.Ripemd160.Submission.Proofs.Bytecode.Paired80ScaledRotate.gap_scaleHigh' depends on axioms: [propext,
 Classical.choice,
 Quot.sound]
ℹ [3208/3719] Replayed Challenge.Ripemd160.Submission.Proofs.Bytecode.Paired80RoundSemantic
info: Challenge/Ripemd160/Submission/Proofs/Bytecode/Paired80RoundSemantic.lean:129:0: 'Challenge.Ripemd160.Submission.Proofs.Bytecode.Paired80RoundSemantic.low_blend' depends on axioms: [propext,
 Quot.sound]
info: Challenge/Ripemd160/Submission/Proofs/Bytecode/Paired80RoundSemantic.lean:130:0: 'Challenge.Ripemd160.Submission.Proofs.Bytecode.Paired80RoundSemantic.high_blend' depends on axioms: [propext,
 Classical.choice,
 Quot.sound]
info: Challenge/Ripemd160/Submission/Proofs/Bytecode/Paired80RoundSemantic.lean:131:0: 'Challenge.Ripemd160.Submission.Proofs.Bytecode.Paired80RoundSemantic.low_rawRotate' depends on axioms: [propext,
 Classical.choice,
 Quot.sound]
info: Challenge/Ripemd160/Submission/Proofs/Bytecode/Paired80RoundSemantic.lean:132:0: 'Challenge.Ripemd160.Submission.Proofs.Bytecode.Paired80RoundSemantic.high_rawRotate' depends on axioms: [propext,
 Classical.choice,
 Quot.sound]
info: Challenge/Ripemd160/Submission/Proofs/Bytecode/Paired80RoundSemantic.lean:133:0: 'Challenge.Ripemd160.Submission.Proofs.Bytecode.Paired80RoundSemantic.rawRotate_gap' depends on axioms: [propext,
 Classical.choice,
 Quot.sound]
info: Challenge/Ripemd160/Submission/Proofs/Bytecode/Paired80RoundSemantic.lean:134:0: 'Challenge.Ripemd160.Submission.Proofs.Bytecode.Paired80RoundSemantic.pairedSum_pack' depends on axioms: [propext,
 Classical.choice,
 Quot.sound]
info: Challenge/Ripemd160/Submission/Proofs/Bytecode/Paired80RoundSemantic.lean:135:0: 'Challenge.Ripemd160.Submission.Proofs.Bytecode.Paired80RoundSemantic.pairedT_pack' depends on axioms: [propext,
 Classical.choice,
 Quot.sound]
info: Challenge/Ripemd160/Submission/Proofs/Bytecode/Paired80RoundSemantic.lean:136:0: 'Challenge.Ripemd160.Submission.Proofs.Bytecode.Paired80RoundSemantic.pairedStep_pack' depends on axioms: [propext,
 Classical.choice,
 Quot.sound]
ℹ [3209/3719] Replayed Challenge.Ripemd160.Submission.Proofs.Bytecode.StaggerScalar
info: Challenge/Ripemd160/Submission/Proofs/Bytecode/StaggerScalar.lean:105:0: 'Challenge.Ripemd160.Submission.Proofs.Bytecode.StaggerScalar.mask_eq' depends on axioms: [propext,
 Classical.choice,
 Quot.sound]
info: Challenge/Ripemd160/Submission/Proofs/Bytecode/StaggerScalar.lean:106:0: 'Challenge.Ripemd160.Submission.Proofs.Bytecode.StaggerScalar.low_rawF' depends on axioms: [propext,
 Classical.choice,
 Quot.sound]
info: Challenge/Ripemd160/Submission/Proofs/Bytecode/StaggerScalar.lean:107:0: 'Challenge.Ripemd160.Submission.Proofs.Bytecode.StaggerScalar.project_step' depends on axioms: [propext,
 Classical.choice,
 Quot.sound]
info: Challenge/Ripemd160/Submission/Proofs/Bytecode/StaggerScalar.lean:108:0: 'Challenge.Ripemd160.Submission.Proofs.Bytecode.StaggerScalar.step_clean' depends on axioms: [propext,
 Classical.choice,
 Quot.sound]
ℹ [3210/3719] Replayed Challenge.Ripemd160.Submission.Proofs.Bytecode.Paired80MaskedNot
info: Challenge/Ripemd160/Submission/Proofs/Bytecode/Paired80MaskedNot.lean:32:0: 'Challenge.Ripemd160.Submission.Proofs.Bytecode.Paired80MaskedNot.masked_complement' depends on axioms: [propext,
 Classical.choice,
 Quot.sound]
info: Challenge/Ripemd160/Submission/Proofs/Bytecode/Paired80MaskedNot.lean:33:0: 'Challenge.Ripemd160.Submission.Proofs.Bytecode.Paired80MaskedNot.upper_masked_not' depends on axioms: [propext,
 Classical.choice,
 Quot.sound]
info: Challenge/Ripemd160/Submission/Proofs/Bytecode/Paired80MaskedNot.lean:34:0: 'Challenge.Ripemd160.Submission.Proofs.Bytecode.Paired80MaskedNot.lower_masked_not' depends on axioms: [propext,
 Classical.choice,
 Quot.sound]
ℹ [3211/3719] Replayed Challenge.Ripemd160.Submission.Proofs.Bytecode.Paired80WordBoolean
info: Challenge/Ripemd160/Submission/Proofs/Bytecode/Paired80WordBoolean.lean:35:0: 'Challenge.Ripemd160.Submission.Proofs.Bytecode.Paired80WordBoolean.bits_wordF' depends on axioms: [propext, Quot.sound]
info: Challenge/Ripemd160/Submission/Proofs/Bytecode/Paired80WordBoolean.lean:67:0: 'Challenge.Ripemd160.Submission.Proofs.Bytecode.Paired80WordBoolean.bits_booleanPair' depends on axioms: [propext,
 Classical.choice,
 Quot.sound]
ℹ [3212/3719] Replayed Challenge.Ripemd160.Submission.Proofs.Bytecode.Paired80WordBlend
info: Challenge/Ripemd160/Submission/Proofs/Bytecode/Paired80WordBlend.lean:17:0: 'Challenge.Ripemd160.Submission.Proofs.Bytecode.Paired80WordBlend.bits_wordBlend' depends on axioms: [propext,
 Quot.sound]
ℹ [3213/3719] Replayed Challenge.Ripemd160.Submission.Proofs.Bytecode.Paired80WordRotate
info: Challenge/Ripemd160/Submission/Proofs/Bytecode/Paired80WordRotate.lean:17:0: 'Challenge.Ripemd160.Submission.Proofs.Bytecode.Paired80WordRotate.bits_productShift' depends on axioms: [propext]
info: Challenge/Ripemd160/Submission/Proofs/Bytecode/Paired80WordRotate.lean:29:0: 'Challenge.Ripemd160.Submission.Proofs.Bytecode.Paired80WordRotate.bits_wordShift' depends on axioms: [propext]
info: Challenge/Ripemd160/Submission/Proofs/Bytecode/Paired80WordRotate.lean:43:0: 'Challenge.Ripemd160.Submission.Proofs.Bytecode.Paired80WordRotate.bits_wordScale_lower' depends on axioms: [propext,
 Quot.sound]
info: Challenge/Ripemd160/Submission/Proofs/Bytecode/Paired80WordRotate.lean:44:0: 'Challenge.Ripemd160.Submission.Proofs.Bytecode.Paired80WordRotate.bits_wordScale_upper' depends on axioms: [propext,
 Quot.sound]
info: Challenge/Ripemd160/Submission/Proofs/Bytecode/Paired80WordRotate.lean:64:0: 'Challenge.Ripemd160.Submission.Proofs.Bytecode.Paired80WordRotate.bits_wordRotate' depends on axioms: [propext,
 Quot.sound]
ℹ [3214/3719] Replayed Challenge.Ripemd160.Submission.Proofs.Bytecode.Paired80CryptoBridge
info: Challenge/Ripemd160/Submission/Proofs/Bytecode/Paired80CryptoBridge.lean:29:0: 'Challenge.Ripemd160.Submission.Proofs.Bytecode.Paired80CryptoBridge.cryptoStep_bits' depends on axioms: [propext,
 Classical.choice,
 Quot.sound]
info: Challenge/Ripemd160/Submission/Proofs/Bytecode/Paired80CryptoBridge.lean:30:0: 'Challenge.Ripemd160.Submission.Proofs.Bytecode.Paired80CryptoBridge.pairedStep_of_crypto' depends on axioms: [propext,
 Classical.choice,
 Quot.sound]
ℹ [3215/3719] Replayed Challenge.Ripemd160.Submission.Proofs.Bytecode.Paired80WordRound
info: Challenge/Ripemd160/Submission/Proofs/Bytecode/Paired80WordRound.lean:24:0: 'Challenge.Ripemd160.Submission.Proofs.Bytecode.Paired80WordRound.bits_wordSum' depends on axioms: [propext,
 Classical.choice,
 Quot.sound]
info: Challenge/Ripemd160/Submission/Proofs/Bytecode/Paired80WordRound.lean:35:0: 'Challenge.Ripemd160.Submission.Proofs.Bytecode.Paired80WordRound.bits_wordT' depends on axioms: [propext,
 Classical.choice,
 Quot.sound]
info: Challenge/Ripemd160/Submission/Proofs/Bytecode/Paired80WordRound.lean:48:0: 'Challenge.Ripemd160.Submission.Proofs.Bytecode.Paired80WordRound.bitLane_injective' does not depend on any axioms
info: Challenge/Ripemd160/Submission/Proofs/Bytecode/Paired80WordRound.lean:62:0: 'Challenge.Ripemd160.Submission.Proofs.Bytecode.Paired80WordRound.bitLane_wordStep' depends on axioms: [propext,
 Classical.choice,
 Quot.sound]
info: Challenge/Ripemd160/Submission/Proofs/Bytecode/Paired80WordRound.lean:79:0: 'Challenge.Ripemd160.Submission.Proofs.Bytecode.Paired80WordRound.bitLane_liftLane' does not depend on any axioms
info: Challenge/Ripemd160/Submission/Proofs/Bytecode/Paired80WordRound.lean:80:0: 'Challenge.Ripemd160.Submission.Proofs.Bytecode.Paired80WordRound.wordStep_of_crypto' depends on axioms: [propext,
 Classical.choice,
 Quot.sound]
ℹ [3216/3719] Replayed Challenge.Ripemd160.Submission.Proofs.Bytecode.Paired80Message
info: Challenge/Ripemd160/Submission/Proofs/Bytecode/Paired80Message.lean:42:0: 'Challenge.Ripemd160.Submission.Proofs.Bytecode.Paired80Message.normalize_congr' depends on axioms: [propext,
 Quot.sound]
info: Challenge/Ripemd160/Submission/Proofs/Bytecode/Paired80Message.lean:43:0: 'Challenge.Ripemd160.Submission.Proofs.Bytecode.Paired80Message.add_right' depends on axioms: [propext, Quot.sound]
info: Challenge/Ripemd160/Submission/Proofs/Bytecode/Paired80Message.lean:44:0: 'Challenge.Ripemd160.Submission.Proofs.Bytecode.Paired80Message.normalize_add_message' depends on axioms: [propext,
 Quot.sound]
ℹ [3217/3719] Replayed Challenge.Ripemd160.Submission.Proofs.Bytecode.Paired80WordMessage
info: Challenge/Ripemd160/Submission/Proofs/Bytecode/Paired80WordMessage.lean:30:0: 'Challenge.Ripemd160.Submission.Proofs.Bytecode.Paired80WordMessage.wordSum_congr' depends on axioms: [propext,
 Classical.choice,
 Quot.sound]
info: Challenge/Ripemd160/Submission/Proofs/Bytecode/Paired80WordMessage.lean:31:0: 'Challenge.Ripemd160.Submission.Proofs.Bytecode.Paired80WordMessage.wordStep_congr' depends on axioms: [propext,
 Classical.choice,
 Quot.sound]
info: Challenge/Ripemd160/Submission/Proofs/Bytecode/Paired80WordMessage.lean:32:0: 'Challenge.Ripemd160.Submission.Proofs.Bytecode.Paired80WordMessage.wordStep_of_crypto_message' depends on axioms: [propext,
 Classical.choice,
 Quot.sound]
ℹ [3218/3719] Replayed Challenge.Ripemd160.Submission.Proofs.Bytecode.Paired80GroupTwoHoist
info: Challenge/Ripemd160/Submission/Proofs/Bytecode/Paired80GroupTwoHoist.lean:86:0: 'Challenge.Ripemd160.Submission.Proofs.Bytecode.Paired80GroupTwoHoist.newBoolean_eq_or_gap' depends on axioms: [propext,
 Classical.choice,
 Quot.sound]
info: Challenge/Ripemd160/Submission/Proofs/Bytecode/Paired80GroupTwoHoist.lean:87:0: 'Challenge.Ripemd160.Submission.Proofs.Bytecode.Paired80GroupTwoHoist.oldBoolean_disjoint_gap' depends on axioms: [propext,
 Classical.choice,
 Quot.sound]
info: Challenge/Ripemd160/Submission/Proofs/Bytecode/Paired80GroupTwoHoist.lean:88:0: 'Challenge.Ripemd160.Submission.Proofs.Bytecode.Paired80GroupTwoHoist.newBoolean_eq_add_gap' depends on axioms: [propext,
 Classical.choice,
 Quot.sound]
info: Challenge/Ripemd160/Submission/Proofs/Bytecode/Paired80GroupTwoHoist.lean:89:0: 'Challenge.Ripemd160.Submission.Proofs.Bytecode.Paired80GroupTwoHoist.gap_constant_cancel' depends on axioms: [propext,
 Classical.choice,
 Quot.sound]
info: Challenge/Ripemd160/Submission/Proofs/Bytecode/Paired80GroupTwoHoist.lean:90:0: 'Challenge.Ripemd160.Submission.Proofs.Bytecode.Paired80GroupTwoHoist.newBoolean_add_adjusted' depends on axioms: [propext,
 Classical.choice,
 Quot.sound]
info: Challenge/Ripemd160/Submission/Proofs/Bytecode/Paired80GroupTwoHoist.lean:91:0: 'Challenge.Ripemd160.Submission.Proofs.Bytecode.Paired80GroupTwoHoist.pack_supported' depends on axioms: [propext,
 Classical.choice,
 Quot.sound]
info: Challenge/Ripemd160/Submission/Proofs/Bytecode/Paired80GroupTwoHoist.lean:92:0: 'Challenge.Ripemd160.Submission.Proofs.Bytecode.Paired80GroupTwoHoist.pairedF2_add_adjusted' depends on axioms: [propext,
 Classical.choice,
 Quot.sound]
ℹ [3219/3719] Replayed Challenge.Ripemd160.Submission.Proofs.Bytecode.Paired80WordGroupTwoHoist
info: Challenge/Ripemd160/Submission/Proofs/Bytecode/Paired80WordGroupTwoHoist.lean:32:0: 'Challenge.Ripemd160.Submission.Proofs.Bytecode.Paired80WordGroupTwoHoist.bits_hoistedBoolean' depends on axioms: [propext,
 Classical.choice,
 Quot.sound]
info: Challenge/Ripemd160/Submission/Proofs/Bytecode/Paired80WordGroupTwoHoist.lean:44:0: 'Challenge.Ripemd160.Submission.Proofs.Bytecode.Paired80WordGroupTwoHoist.rawHoistedBoolean_eq' depends on axioms: [propext,
 Quot.sound]
info: Challenge/Ripemd160/Submission/Proofs/Bytecode/Paired80WordGroupTwoHoist.lean:56:0: 'Challenge.Ripemd160.Submission.Proofs.Bytecode.Paired80WordGroupTwoHoist.bits_adjustedK' depends on axioms: [propext,
 Quot.sound]
info: Challenge/Ripemd160/Submission/Proofs/Bytecode/Paired80WordGroupTwoHoist.lean:77:0: 'Challenge.Ripemd160.Submission.Proofs.Bytecode.Paired80WordGroupTwoHoist.boolean_add_adjusted' depends on axioms: [propext,
 Classical.choice,
 Quot.sound]
info: Challenge/Ripemd160/Submission/Proofs/Bytecode/Paired80WordGroupTwoHoist.lean:87:0: 'Challenge.Ripemd160.Submission.Proofs.Bytecode.Paired80WordGroupTwoHoist.add_rearrange' depends on axioms: [propext,
 Quot.sound]
info: Challenge/Ripemd160/Submission/Proofs/Bytecode/Paired80WordGroupTwoHoist.lean:108:0: 'Challenge.Ripemd160.Submission.Proofs.Bytecode.Paired80WordGroupTwoHoist.hoistedSum_eq' depends on axioms: [propext,
 Classical.choice,
 Quot.sound]
info: Challenge/Ripemd160/Submission/Proofs/Bytecode/Paired80WordGroupTwoHoist.lean:121:0: 'Challenge.Ripemd160.Submission.Proofs.Bytecode.Paired80WordGroupTwoHoist.hoistedT_eq' depends on axioms: [propext,
 Classical.choice,
 Quot.sound]
info: Challenge/Ripemd160/Submission/Proofs/Bytecode/Paired80WordGroupTwoHoist.lean:139:0: 'Challenge.Ripemd160.Submission.Proofs.Bytecode.Paired80WordGroupTwoHoist.rawWordStep2_eq_of_supported' depends on axioms: [propext,
 Classical.choice,
 Quot.sound]
info: Challenge/Ripemd160/Submission/Proofs/Bytecode/Paired80WordGroupTwoHoist.lean:148:0: 'Challenge.Ripemd160.Submission.Proofs.Bytecode.Paired80WordGroupTwoHoist.packCrypto_supported' depends on axioms: [propext,
 Classical.choice,
 Quot.sound]
info: Challenge/Ripemd160/Submission/Proofs/Bytecode/Paired80WordGroupTwoHoist.lean:164:0: 'Challenge.Ripemd160.Submission.Proofs.Bytecode.Paired80WordGroupTwoHoist.rawWordStep2_of_crypto' depends on axioms: [propext,
 Classical.choice,
 Quot.sound]
ℹ [3220/3719] Replayed Challenge.Ripemd160.Submission.Proofs.Bytecode.PairedCompressionBridge
info: Challenge/Ripemd160/Submission/Proofs/Bytecode/PairedCompressionBridge.lean:91:0: 'Challenge.Ripemd160.Submission.Proofs.Bytecode.PairedCompressionBridge.working_roundtrip' does not depend on any axioms
info: Challenge/Ripemd160/Submission/Proofs/Bytecode/PairedCompressionBridge.lean:92:0: 'Challenge.Ripemd160.Submission.Proofs.Bytecode.PairedCompressionBridge.lane_roundtrip' does not depend on any axioms
info: Challenge/Ripemd160/Submission/Proofs/Bytecode/PairedCompressionBridge.lean:93:0: 'Challenge.Ripemd160.Submission.Proofs.Bytecode.PairedCompressionBridge.projected_step' depends on axioms: [propext,
 Quot.sound]
info: Challenge/Ripemd160/Submission/Proofs/Bytecode/PairedCompressionBridge.lean:94:0: 'Challenge.Ripemd160.Submission.Proofs.Bytecode.PairedCompressionBridge.projected_left_fold' depends on axioms: [propext,
 Quot.sound]
info: Challenge/Ripemd160/Submission/Proofs/Bytecode/PairedCompressionBridge.lean:95:0: 'Challenge.Ripemd160.Submission.Proofs.Bytecode.PairedCompressionBridge.projected_right_fold' depends on axioms: [propext,
 Quot.sound]
info: Challenge/Ripemd160/Submission/Proofs/Bytecode/PairedCompressionBridge.lean:96:0: 'Challenge.Ripemd160.Submission.Proofs.Bytecode.PairedCompressionBridge.projected_combination' depends on axioms: [propext]
info: Challenge/Ripemd160/Submission/Proofs/Bytecode/PairedCompressionBridge.lean:97:0: 'Challenge.Ripemd160.Submission.Proofs.Bytecode.PairedCompressionBridge.paired_compression_eq_spec' depends on axioms: [propext,
 Classical.choice,
 Quot.sound]
ℹ [3221/3719] Replayed Challenge.Ripemd160.Submission.Proofs.Bytecode.Paired80Algorithm
info: Challenge/Ripemd160/Submission/Proofs/Bytecode/Paired80Algorithm.lean:91:0: 'Challenge.Ripemd160.Submission.Proofs.Bytecode.Paired80Algorithm.rotation_bounds' does not depend on any axioms
info: Challenge/Ripemd160/Submission/Proofs/Bytecode/Paired80Algorithm.lean:92:0: 'Challenge.Ripemd160.Submission.Proofs.Bytecode.Paired80Algorithm.index_bounds' does not depend on any axioms
info: Challenge/Ripemd160/Submission/Proofs/Bytecode/Paired80Algorithm.lean:93:0: 'Challenge.Ripemd160.Submission.Proofs.Bytecode.Paired80Algorithm.step_of_crypto' depends on axioms: [propext,
 Classical.choice,
 Quot.sound]
info: Challenge/Ripemd160/Submission/Proofs/Bytecode/Paired80Algorithm.lean:94:0: 'Challenge.Ripemd160.Submission.Proofs.Bytecode.Paired80Algorithm.fold_crypto' depends on axioms: [propext,
 Classical.choice,
 Quot.sound]
ℹ [3222/3719] Replayed Challenge.Ripemd160.Submission.Proofs.Bytecode.Paired80Compression
info: Challenge/Ripemd160/Submission/Proofs/Bytecode/Paired80Compression.lean:69:0: 'Challenge.Ripemd160.Submission.Proofs.Bytecode.Paired80Compression.low32_packed' depends on axioms: [propext,
 Quot.sound]
info: Challenge/Ripemd160/Submission/Proofs/Bytecode/Paired80Compression.lean:70:0: 'Challenge.Ripemd160.Submission.Proofs.Bytecode.Paired80Compression.high32_packed' depends on axioms: [propext,
 Quot.sound]
info: Challenge/Ripemd160/Submission/Proofs/Bytecode/Paired80Compression.lean:71:0: 'Challenge.Ripemd160.Submission.Proofs.Bytecode.Paired80Compression.unpackLeft_packCrypto' depends on axioms: [propext,
 Quot.sound]
info: Challenge/Ripemd160/Submission/Proofs/Bytecode/Paired80Compression.lean:72:0: 'Challenge.Ripemd160.Submission.Proofs.Bytecode.Paired80Compression.unpackRight_packCrypto' depends on axioms: [propext,
 Quot.sound]
info: Challenge/Ripemd160/Submission/Proofs/Bytecode/Paired80Compression.lean:73:0: 'Challenge.Ripemd160.Submission.Proofs.Bytecode.Paired80Compression.fold_compression' depends on axioms: [propext,
 Classical.choice,
 Quot.sound]
ℹ [3223/3719] Replayed Challenge.Ripemd160.Submission.Proofs.Bytecode.StaggerScalarWord
info: Challenge/Ripemd160/Submission/Proofs/Bytecode/StaggerScalarWord.lean:83:0: 'Challenge.Ripemd160.Submission.Proofs.Bytecode.StaggerScalarWord.low_t_bits' depends on axioms: [propext,
 Classical.choice,
 Quot.sound]
info: Challenge/Ripemd160/Submission/Proofs/Bytecode/StaggerScalarWord.lean:94:0: 'Challenge.Ripemd160.Submission.Proofs.Bytecode.StaggerScalarWord.low_c_rotate' depends on axioms: [propext,
 Classical.choice,
 Quot.sound]
info: Challenge/Ripemd160/Submission/Proofs/Bytecode/StaggerScalarWord.lean:101:0: 'Challenge.Ripemd160.Submission.Proofs.Bytecode.StaggerScalarWord.low_optional_mask' depends on axioms: [propext,
 Classical.choice,
 Quot.sound]
info: Challenge/Ripemd160/Submission/Proofs/Bytecode/StaggerScalarWord.lean:155:0: 'Challenge.Ripemd160.Submission.Proofs.Bytecode.StaggerScalarWord.unpackLeft_packCrypto' depends on axioms: [propext,
 Quot.sound]
info: Challenge/Ripemd160/Submission/Proofs/Bytecode/StaggerScalarWord.lean:157:0: 'Challenge.Ripemd160.Submission.Proofs.Bytecode.StaggerScalarWord.project_step' depends on axioms: [propext,
 Classical.choice,
 Quot.sound]
info: Challenge/Ripemd160/Submission/Proofs/Bytecode/StaggerScalarWord.lean:158:0: 'Challenge.Ripemd160.Submission.Proofs.Bytecode.StaggerScalarWord.clean_eq_embed' depends on axioms: [propext,
 Classical.choice,
 Quot.sound]
ℹ [3224/3719] Replayed Challenge.Ripemd160.Submission.Proofs.Bytecode.Paired144Boolean
info: Challenge/Ripemd160/Submission/Proofs/Bytecode/Paired144Boolean.lean:118:0: 'Challenge.Ripemd160.Submission.Proofs.Bytecode.Paired144Boolean.pack_and' depends on axioms: [propext, Quot.sound]
info: Challenge/Ripemd160/Submission/Proofs/Bytecode/Paired144Boolean.lean:119:0: 'Challenge.Ripemd160.Submission.Proofs.Bytecode.Paired144Boolean.pack_or' depends on axioms: [propext, Quot.sound]
info: Challenge/Ripemd160/Submission/Proofs/Bytecode/Paired144Boolean.lean:120:0: 'Challenge.Ripemd160.Submission.Proofs.Bytecode.Paired144Boolean.pack_xor' depends on axioms: [propext, Quot.sound]
info: Challenge/Ripemd160/Submission/Proofs/Bytecode/Paired144Boolean.lean:121:0: 'Challenge.Ripemd160.Submission.Proofs.Bytecode.Paired144Boolean.pack_complement' depends on axioms: [propext,
 Classical.choice,
 Quot.sound]
info: Challenge/Ripemd160/Submission/Proofs/Bytecode/Paired144Boolean.lean:122:0: 'Challenge.Ripemd160.Submission.Proofs.Bytecode.Paired144Boolean.blend_pack' depends on axioms: [propext,
 Classical.choice,
 Quot.sound]
info: Challenge/Ripemd160/Submission/Proofs/Bytecode/Paired144Boolean.lean:123:0: 'Challenge.Ripemd160.Submission.Proofs.Bytecode.Paired144Boolean.f_pack' depends on axioms: [propext, Quot.sound]
info: Challenge/Ripemd160/Submission/Proofs/Bytecode/Paired144Boolean.lean:124:0: 'Challenge.Ripemd160.Submission.Proofs.Bytecode.Paired144Boolean.f04_correction' depends on axioms: [propext,
 Classical.choice,
 Quot.sound]
info: Challenge/Ripemd160/Submission/Proofs/Bytecode/Paired144Boolean.lean:125:0: 'Challenge.Ripemd160.Submission.Proofs.Bytecode.Paired144Boolean.pairedF_pack' depends on axioms: [propext,
 Classical.choice,
 Quot.sound]
ℹ [3225/3719] Replayed Challenge.Ripemd160.Submission.Proofs.Bytecode.StaggerBoolean
info: Challenge/Ripemd160/Submission/Proofs/Bytecode/StaggerBoolean.lean:86:0: 'Challenge.Ripemd160.Submission.Proofs.Bytecode.StaggerBoolean.canonical_pack' depends on axioms: [propext,
 Classical.choice,
 Quot.sound]
info: Challenge/Ripemd160/Submission/Proofs/Bytecode/StaggerBoolean.lean:107:0: 'Challenge.Ripemd160.Submission.Proofs.Bytecode.StaggerBoolean.raw_gap' depends on axioms: [propext,
 Classical.choice,
 Quot.sound]
info: Challenge/Ripemd160/Submission/Proofs/Bytecode/StaggerBoolean.lean:129:0: 'Challenge.Ripemd160.Submission.Proofs.Bytecode.StaggerBoolean.canonical_disjoint' depends on axioms: [propext,
 Classical.choice,
 Quot.sound]
info: Challenge/Ripemd160/Submission/Proofs/Bytecode/StaggerBoolean.lean:149:0: 'Challenge.Ripemd160.Submission.Proofs.Bytecode.StaggerBoolean.raw_add_key' depends on axioms: [propext,
 Classical.choice,
 Quot.sound]
ℹ [3226/3719] Replayed Challenge.Ripemd160.Submission.Proofs.Bytecode.Paired144CompactProduct
info: Challenge/Ripemd160/Submission/Proofs/Bytecode/Paired144CompactProduct.lean:45:0: 'Challenge.Ripemd160.Submission.Proofs.Bytecode.Paired144CompactProduct.rawProduct_high144_eq' depends on axioms: [propext,
 Quot.sound]
ℹ [3227/3719] Replayed Challenge.Ripemd160.Submission.Proofs.Bytecode.Paired144CompactRotation
info: Challenge/Ripemd160/Submission/Proofs/Bytecode/Paired144CompactRotation.lean:55:0: 'Challenge.Ripemd160.Submission.Proofs.Bytecode.Paired144CompactRotation.low_shifted' depends on axioms: [propext,
 Classical.choice,
 Quot.sound]
info: Challenge/Ripemd160/Submission/Proofs/Bytecode/Paired144CompactRotation.lean:56:0: 'Challenge.Ripemd160.Submission.Proofs.Bytecode.Paired144CompactRotation.high_shifted' depends on axioms: [propext,
 Quot.sound]
info: Challenge/Ripemd160/Submission/Proofs/Bytecode/Paired144CompactRotation.lean:57:0: 'Challenge.Ripemd160.Submission.Proofs.Bytecode.Paired144CompactRotation.normalize_shifted_add' depends on axioms: [propext,
 Classical.choice,
 Quot.sound]
ℹ [3228/3719] Replayed Challenge.Ripemd160.Submission.Proofs.Bytecode.Paired144CompactInput
info: Challenge/Ripemd160/Submission/Proofs/Bytecode/Paired144CompactInput.lean:113:0: 'Challenge.Ripemd160.Submission.Proofs.Bytecode.Paired144CompactInput.compact_wide' depends on axioms: [propext,
 Classical.choice,
 Quot.sound]
info: Challenge/Ripemd160/Submission/Proofs/Bytecode/Paired144CompactInput.lean:114:0: 'Challenge.Ripemd160.Submission.Proofs.Bytecode.Paired144CompactInput.compact_four_adds' depends on axioms: [propext,
 Classical.choice,
 Quot.sound]
info: Challenge/Ripemd160/Submission/Proofs/Bytecode/Paired144CompactInput.lean:115:0: 'Challenge.Ripemd160.Submission.Proofs.Bytecode.Paired144CompactInput.normalize_four_adds' depends on axioms: [propext,
 Classical.choice,
 Quot.sound]
ℹ [3229/3719] Replayed Challenge.Ripemd160.Submission.Proofs.Bytecode.StaggerRound
info: Challenge/Ripemd160/Submission/Proofs/Bytecode/StaggerRound.lean:235:0: 'Challenge.Ripemd160.Submission.Proofs.Bytecode.StaggerRound.rawSum_canonical' depends on axioms: [propext,
 Classical.choice,
 Quot.sound]
info: Challenge/Ripemd160/Submission/Proofs/Bytecode/StaggerRound.lean:236:0: 'Challenge.Ripemd160.Submission.Proofs.Bytecode.StaggerRound.rawSum_pack' depends on axioms: [propext,
 Classical.choice,
 Quot.sound]
info: Challenge/Ripemd160/Submission/Proofs/Bytecode/StaggerRound.lean:237:0: 'Challenge.Ripemd160.Submission.Proofs.Bytecode.StaggerRound.rawSum_inputs' depends on axioms: [propext,
 Classical.choice,
 Quot.sound]
info: Challenge/Ripemd160/Submission/Proofs/Bytecode/StaggerRound.lean:238:0: 'Challenge.Ripemd160.Submission.Proofs.Bytecode.StaggerRound.normalize_ofNat_junk' depends on axioms: [propext,
 Quot.sound]
info: Challenge/Ripemd160/Submission/Proofs/Bytecode/StaggerRound.lean:239:0: 'Challenge.Ripemd160.Submission.Proofs.Bytecode.StaggerRound.compact_ofNat_junk' depends on axioms: [propext,
 Classical.choice,
 Quot.sound]
info: Challenge/Ripemd160/Submission/Proofs/Bytecode/StaggerRound.lean:240:0: 'Challenge.Ripemd160.Submission.Proofs.Bytecode.StaggerRound.rawSum_inputs_junk' depends on axioms: [propext,
 Classical.choice,
 Quot.sound]
ℹ [3230/3719] Replayed Challenge.Ripemd160.Submission.Proofs.Bytecode.Paired144FusedD65All
info: Challenge/Ripemd160/Submission/Proofs/Bytecode/Paired144FusedD65All.lean:369:0: 'RootFusedD65All.bits_fused_product' depends on axioms: [propext, Classical.choice, Quot.sound]
info: Challenge/Ripemd160/Submission/Proofs/Bytecode/Paired144FusedD65All.lean:370:0: 'RootFusedD65All.normalize_fused_product_add' depends on axioms: [propext, Classical.choice, Quot.sound]
info: Challenge/Ripemd160/Submission/Proofs/Bytecode/Paired144FusedD65All.lean:371:0: 'RootFusedD65All.normalize_wordFusedRotate_add_all' depends on axioms: [propext, Classical.choice, Quot.sound]
info: Challenge/Ripemd160/Submission/Proofs/Bytecode/Paired144FusedD65All.lean:406:0: 'RootFusedD65All.current_wordFusedRotate_add_all' depends on axioms: [propext, Classical.choice, Quot.sound]
info: Challenge/Ripemd160/Submission/Proofs/Bytecode/Paired144FusedD65All.lean:407:0: 'RootFusedD65All.current_wordFusedRotate_add_extension' depends on axioms: [propext, Classical.choice, Quot.sound]
ℹ [3231/3719] Replayed Challenge.Ripemd160.Submission.Proofs.Bytecode.Paired144MaskedNot
info: Challenge/Ripemd160/Submission/Proofs/Bytecode/Paired144MaskedNot.lean:32:0: 'Challenge.Ripemd160.Submission.Proofs.Bytecode.Paired144MaskedNot.masked_complement' depends on axioms: [propext,
 Classical.choice,
 Quot.sound]
info: Challenge/Ripemd160/Submission/Proofs/Bytecode/Paired144MaskedNot.lean:33:0: 'Challenge.Ripemd160.Submission.Proofs.Bytecode.Paired144MaskedNot.upper_masked_not' depends on axioms: [propext,
 Classical.choice,
 Quot.sound]
info: Challenge/Ripemd160/Submission/Proofs/Bytecode/Paired144MaskedNot.lean:34:0: 'Challenge.Ripemd160.Submission.Proofs.Bytecode.Paired144MaskedNot.lower_masked_not' depends on axioms: [propext,
 Classical.choice,
 Quot.sound]
ℹ [3232/3719] Replayed Challenge.Ripemd160.Submission.Proofs.Bytecode.Paired144WordBooleanBridge
info: Challenge/Ripemd160/Submission/Proofs/Bytecode/Paired144WordBooleanBridge.lean:25:0: 'Challenge.Ripemd160.Submission.Proofs.Bytecode.Paired144WordBooleanBridge.bits_wordF' depends on axioms: [propext,
 Quot.sound]
info: Challenge/Ripemd160/Submission/Proofs/Bytecode/Paired144WordBooleanBridge.lean:47:0: 'Challenge.Ripemd160.Submission.Proofs.Bytecode.Paired144WordBooleanBridge.bits_booleanPair' depends on axioms: [propext,
 Classical.choice,
 Quot.sound]
ℹ [3233/3719] Replayed Challenge.Ripemd160.Submission.Proofs.Bytecode.Paired144WordSum
info: Challenge/Ripemd160/Submission/Proofs/Bytecode/Paired144WordSum.lean:47:0: 'Challenge.Ripemd160.Submission.Proofs.Bytecode.Paired144WordSum.wordSum_inputs' depends on axioms: [propext,
 Classical.choice,
 Quot.sound]
ℹ [3234/3719] Replayed Challenge.Ripemd160.Submission.Proofs.Bytecode.Paired144LegacyRotation
info: Challenge/Ripemd160/Submission/Proofs/Bytecode/Paired144LegacyRotation.lean:55:0: 'Challenge.Ripemd160.Submission.Proofs.Bytecode.Paired144LegacyRotation.low_rotate' depends on axioms: [propext,
 Classical.choice,
 Quot.sound]
info: Challenge/Ripemd160/Submission/Proofs/Bytecode/Paired144LegacyRotation.lean:56:0: 'Challenge.Ripemd160.Submission.Proofs.Bytecode.Paired144LegacyRotation.high_rotate' depends on axioms: [propext,
 Classical.choice,
 Quot.sound]
info: Challenge/Ripemd160/Submission/Proofs/Bytecode/Paired144LegacyRotation.lean:57:0: 'Challenge.Ripemd160.Submission.Proofs.Bytecode.Paired144LegacyRotation.rawRotate_gap' depends on axioms: [propext,
 Quot.sound]
info: Challenge/Ripemd160/Submission/Proofs/Bytecode/Paired144LegacyRotation.lean:58:0: 'Challenge.Ripemd160.Submission.Proofs.Bytecode.Paired144LegacyRotation.normalize_rotate' depends on axioms: [propext,
 Classical.choice,
 Quot.sound]
info: Challenge/Ripemd160/Submission/Proofs/Bytecode/Paired144LegacyRotation.lean:59:0: 'Challenge.Ripemd160.Submission.Proofs.Bytecode.Paired144LegacyRotation.normalize_rotate_add' depends on axioms: [propext,
 Classical.choice,
 Quot.sound]
info: Challenge/Ripemd160/Submission/Proofs/Bytecode/Paired144LegacyRotation.lean:60:0: 'Challenge.Ripemd160.Submission.Proofs.Bytecode.Paired144LegacyRotation.normalize_cRotate' depends on axioms: [propext,
 Classical.choice,
 Quot.sound]
ℹ [3235/3719] Replayed Challenge.Ripemd160.Submission.Proofs.Bytecode.Paired144WordRotation
info: Challenge/Ripemd160/Submission/Proofs/Bytecode/Paired144WordRotation.lean:115:0: 'Challenge.Ripemd160.Submission.Proofs.Bytecode.Paired144WordRotation.bits_legacy' depends on axioms: [propext,
 Classical.choice,
 Quot.sound]
info: Challenge/Ripemd160/Submission/Proofs/Bytecode/Paired144WordRotation.lean:116:0: 'Challenge.Ripemd160.Submission.Proofs.Bytecode.Paired144WordRotation.normalize_rotate_add' depends on axioms: [propext,
 Classical.choice,
 Quot.sound]
info: Challenge/Ripemd160/Submission/Proofs/Bytecode/Paired144WordRotation.lean:117:0: 'Challenge.Ripemd160.Submission.Proofs.Bytecode.Paired144WordRotation.normalize_wordShift23' depends on axioms: [propext,
 Classical.choice,
 Quot.sound]
ℹ [3236/3719] Replayed Challenge.Ripemd160.Submission.Proofs.Bytecode.Paired144WordGroupTwo
info: Challenge/Ripemd160/Submission/Proofs/Bytecode/Paired144WordGroupTwo.lean:22:0: 'Challenge.Ripemd160.Submission.Proofs.Bytecode.Paired144WordGroupTwo.bits_hoistedBoolean' depends on axioms: [propext,
 Classical.choice,
 Quot.sound]
info: Challenge/Ripemd160/Submission/Proofs/Bytecode/Paired144WordGroupTwo.lean:34:0: 'Challenge.Ripemd160.Submission.Proofs.Bytecode.Paired144WordGroupTwo.rawHoistedBoolean_eq' depends on axioms: [propext,
 Quot.sound]
info: Challenge/Ripemd160/Submission/Proofs/Bytecode/Paired144WordGroupTwo.lean:46:0: 'Challenge.Ripemd160.Submission.Proofs.Bytecode.Paired144WordGroupTwo.bits_adjustedK' depends on axioms: [propext,
 Quot.sound]
info: Challenge/Ripemd160/Submission/Proofs/Bytecode/Paired144WordGroupTwo.lean:67:0: 'Challenge.Ripemd160.Submission.Proofs.Bytecode.Paired144WordGroupTwo.boolean_add_adjusted' depends on axioms: [propext,
 Classical.choice,
 Quot.sound]
info: Challenge/Ripemd160/Submission/Proofs/Bytecode/Paired144WordGroupTwo.lean:103:0: 'Challenge.Ripemd160.Submission.Proofs.Bytecode.Paired144WordGroupTwo.boolean_add_adjusted' depends on axioms: [propext,
 Classical.choice,
 Quot.sound]
info: Challenge/Ripemd160/Submission/Proofs/Bytecode/Paired144WordGroupTwo.lean:104:0: 'Challenge.Ripemd160.Submission.Proofs.Bytecode.Paired144WordGroupTwo.hoistedSum_eq' depends on axioms: [propext,
 Classical.choice,
 Quot.sound]
info: Challenge/Ripemd160/Submission/Proofs/Bytecode/Paired144WordGroupTwo.lean:105:0: 'Challenge.Ripemd160.Submission.Proofs.Bytecode.Paired144WordGroupTwo.rawWordStep2_eq' depends on axioms: [propext,
 Classical.choice,
 Quot.sound]
ℹ [3237/3719] Replayed Challenge.Ripemd160.Submission.Proofs.Bytecode.Paired144WordCrypto
info: Challenge/Ripemd160/Submission/Proofs/Bytecode/Paired144WordCrypto.lean:52:0: 'Challenge.Ripemd160.Submission.Proofs.Bytecode.Paired144WordCrypto.wordT_of_crypto' depends on axioms: [propext,
 Classical.choice,
 Quot.sound]
info: Challenge/Ripemd160/Submission/Proofs/Bytecode/Paired144WordCrypto.lean:53:0: 'Challenge.Ripemd160.Submission.Proofs.Bytecode.Paired144WordCrypto.wordStep_of_crypto' depends on axioms: [propext,
 Classical.choice,
 Quot.sound]
info: Challenge/Ripemd160/Submission/Proofs/Bytecode/Paired144WordCrypto.lean:54:0: 'Challenge.Ripemd160.Submission.Proofs.Bytecode.Paired144WordCrypto.rawWordStep2_of_crypto' depends on axioms: [propext,
 Classical.choice,
 Quot.sound]
ℹ [3238/3719] Replayed Challenge.Ripemd160.Submission.Proofs.Bytecode.StaggerWord
info: Challenge/Ripemd160/Submission/Proofs/Bytecode/StaggerWord.lean:158:0: 'Challenge.Ripemd160.Submission.Proofs.Bytecode.StaggerWord.step_of_crypto_junk' depends on axioms: [propext,
 Classical.choice,
 Quot.sound]
info: Challenge/Ripemd160/Submission/Proofs/Bytecode/StaggerWord.lean:159:0: 'Challenge.Ripemd160.Submission.Proofs.Bytecode.StaggerWord.bits_raw' depends on axioms: [propext,
 Classical.choice,
 Quot.sound]
info: Challenge/Ripemd160/Submission/Proofs/Bytecode/StaggerWord.lean:160:0: 'Challenge.Ripemd160.Submission.Proofs.Bytecode.StaggerWord.bits_key' depends on axioms: [propext, Quot.sound]
info: Challenge/Ripemd160/Submission/Proofs/Bytecode/StaggerWord.lean:161:0: 'Challenge.Ripemd160.Submission.Proofs.Bytecode.StaggerWord.bits_sum' depends on axioms: [propext,
 Classical.choice,
 Quot.sound]
info: Challenge/Ripemd160/Submission/Proofs/Bytecode/StaggerWord.lean:162:0: 'Challenge.Ripemd160.Submission.Proofs.Bytecode.StaggerWord.sum_inputs' depends on axioms: [propext,
 Classical.choice,
 Quot.sound]
info: Challenge/Ripemd160/Submission/Proofs/Bytecode/StaggerWord.lean:163:0: 'Challenge.Ripemd160.Submission.Proofs.Bytecode.StaggerWord.t_of_crypto' depends on axioms: [propext,
 Classical.choice,
 Quot.sound]
info: Challenge/Ripemd160/Submission/Proofs/Bytecode/StaggerWord.lean:164:0: 'Challenge.Ripemd160.Submission.Proofs.Bytecode.StaggerWord.step_of_crypto' depends on axioms: [propext,
 Classical.choice,
 Quot.sound]
ℹ [3239/3719] Replayed Challenge.Ripemd160.Submission.Proofs.Bytecode.StaggerTerminal75Math
info: Challenge/Ripemd160/Submission/Proofs/Bytecode/StaggerTerminal75Math.lean:61:0: 'Challenge.Ripemd160.Submission.Proofs.Bytecode.StaggerTerminal75Math.normalize_add_gap' depends on axioms: [propext,
 Quot.sound]
info: Challenge/Ripemd160/Submission/Proofs/Bytecode/StaggerTerminal75Math.lean:111:0: 'Challenge.Ripemd160.Submission.Proofs.Bytecode.StaggerTerminal75Math.three_small' depends on axioms: [propext,
 Quot.sound]
info: Challenge/Ripemd160/Submission/Proofs/Bytecode/StaggerTerminal75Math.lean:112:0: 'Challenge.Ripemd160.Submission.Proofs.Bytecode.StaggerTerminal75Math.pack_gap' depends on axioms: [propext, Quot.sound]
info: Challenge/Ripemd160/Submission/Proofs/Bytecode/StaggerTerminal75Math.lean:113:0: 'Challenge.Ripemd160.Submission.Proofs.Bytecode.StaggerTerminal75Math.c_gap' depends on axioms: [propext,
 Classical.choice,
 Quot.sound]
info: Challenge/Ripemd160/Submission/Proofs/Bytecode/StaggerTerminal75Math.lean:114:0: 'Challenge.Ripemd160.Submission.Proofs.Bytecode.StaggerTerminal75Math.raw4_normalize_d' depends on axioms: [propext,
 Classical.choice,
 Quot.sound]
info: Challenge/Ripemd160/Submission/Proofs/Bytecode/StaggerTerminal75Math.lean:115:0: 'Challenge.Ripemd160.Submission.Proofs.Bytecode.StaggerTerminal75Math.raw4_gap' depends on axioms: [propext, Quot.sound]
info: Challenge/Ripemd160/Submission/Proofs/Bytecode/StaggerTerminal75Math.lean:303:0: 'Challenge.Ripemd160.Submission.Proofs.Bytecode.StaggerTerminal75Math.sum_normalize_d' depends on axioms: [propext,
 Classical.choice,
 Quot.sound]
info: Challenge/Ripemd160/Submission/Proofs/Bytecode/StaggerTerminal75Math.lean:304:0: 'Challenge.Ripemd160.Submission.Proofs.Bytecode.StaggerTerminal75Math.t_d_eq' depends on axioms: [propext,
 Classical.choice,
 Quot.sound]
info: Challenge/Ripemd160/Submission/Proofs/Bytecode/StaggerTerminal75Math.lean:305:0: 'Challenge.Ripemd160.Submission.Proofs.Bytecode.StaggerTerminal75Math.t_d_eq_msg' depends on axioms: [propext,
 Classical.choice,
 Quot.sound]
ℹ [3240/3719] Replayed Challenge.Ripemd160.Submission.Proofs.Bytecode.Paired144AdaptiveInput
info: Challenge/Ripemd160/Submission/Proofs/Bytecode/Paired144AdaptiveInput.lean:112:0: 'Challenge.Ripemd160.Submission.Proofs.Bytecode.Paired144AdaptiveInput.compact_four_adds' depends on axioms: [propext,
 Classical.choice,
 Quot.sound]
info: Challenge/Ripemd160/Submission/Proofs/Bytecode/Paired144AdaptiveInput.lean:114:0: 'Challenge.Ripemd160.Submission.Proofs.Bytecode.Paired144AdaptiveInput.compact_wide' depends on axioms: [propext,
 Classical.choice,
 Quot.sound]
info: Challenge/Ripemd160/Submission/Proofs/Bytecode/Paired144AdaptiveInput.lean:115:0: 'Challenge.Ripemd160.Submission.Proofs.Bytecode.Paired144AdaptiveInput.small_value' depends on axioms: [propext,
 Quot.sound]
ℹ [3241/3719] Replayed Challenge.Ripemd160.Submission.Proofs.Bytecode.Paired144AdaptiveProduct
info: Challenge/Ripemd160/Submission/Proofs/Bytecode/Paired144AdaptiveProduct.lean:112:0: 'Challenge.Ripemd160.Submission.Proofs.Bytecode.Paired144AdaptiveProduct.rawProduct_low72' depends on axioms: [propext,
 Quot.sound]
info: Challenge/Ripemd160/Submission/Proofs/Bytecode/Paired144AdaptiveProduct.lean:113:0: 'Challenge.Ripemd160.Submission.Proofs.Bytecode.Paired144AdaptiveProduct.low_shifted' depends on axioms: [propext,
 Classical.choice,
 Quot.sound]
info: Challenge/Ripemd160/Submission/Proofs/Bytecode/Paired144AdaptiveProduct.lean:114:0: 'Challenge.Ripemd160.Submission.Proofs.Bytecode.Paired144AdaptiveProduct.high_shifted' depends on axioms: [propext,
 Quot.sound]
info: Challenge/Ripemd160/Submission/Proofs/Bytecode/Paired144AdaptiveProduct.lean:115:0: 'Challenge.Ripemd160.Submission.Proofs.Bytecode.Paired144AdaptiveProduct.normalize_shifted_add' depends on axioms: [propext,
 Classical.choice,
 Quot.sound]
ℹ [3242/3719] Replayed Challenge.Ripemd160.Submission.Proofs.Bytecode.Paired144AdaptiveJunk
info: Challenge/Ripemd160/Submission/Proofs/Bytecode/Paired144AdaptiveJunk.lean:105:0: 'Challenge.Ripemd160.Submission.Proofs.Bytecode.Paired144AdaptiveJunk.compact_wideH' depends on axioms: [propext,
 Classical.choice,
 Quot.sound]
info: Challenge/Ripemd160/Submission/Proofs/Bytecode/Paired144AdaptiveJunk.lean:106:0: 'Challenge.Ripemd160.Submission.Proofs.Bytecode.Paired144AdaptiveJunk.compact_junk' depends on axioms: [propext,
 Classical.choice,
 Quot.sound]
ℹ [3243/3719] Replayed Challenge.Ripemd160.Submission.Proofs.Bytecode.StaggerAdaptiveWord
info: Challenge/Ripemd160/Submission/Proofs/Bytecode/StaggerAdaptiveWord.lean:184:0: 'Challenge.Ripemd160.Submission.Proofs.Bytecode.StaggerAdaptiveWord.step_of_crypto' depends on axioms: [propext,
 Classical.choice,
 Quot.sound]
ℹ [3244/3719] Replayed Challenge.Ripemd160.Submission.Proofs.Bytecode.StaggerLaneSafe
info: Challenge/Ripemd160/Submission/Proofs/Bytecode/StaggerLaneSafe.lean:108:0: 'Challenge.Ripemd160.Submission.Proofs.Bytecode.StaggerLaneSafe.normalize_three' depends on axioms: [propext,
 Classical.choice,
 Quot.sound]
info: Challenge/Ripemd160/Submission/Proofs/Bytecode/StaggerLaneSafe.lean:109:0: 'Challenge.Ripemd160.Submission.Proofs.Bytecode.StaggerLaneSafe.step_congr' depends on axioms: [propext,
 Classical.choice,
 Quot.sound]
info: Challenge/Ripemd160/Submission/Proofs/Bytecode/StaggerLaneSafe.lean:110:0: 'Challenge.Ripemd160.Submission.Proofs.Bytecode.StaggerLaneSafe.adaptive_step_congr' depends on axioms: [propext,
 Classical.choice,
 Quot.sound]
ℹ [3245/3719] Replayed Challenge.Ripemd160.Submission.Proofs.Bytecode.StaggerAlgorithm
info: Challenge/Ripemd160/Submission/Proofs/Bytecode/StaggerAlgorithm.lean:201:0: 'Challenge.Ripemd160.Submission.Proofs.Bytecode.StaggerAlgorithm.mode_valid' does not depend on any axioms
info: Challenge/Ripemd160/Submission/Proofs/Bytecode/StaggerAlgorithm.lean:202:0: 'Challenge.Ripemd160.Submission.Proofs.Bytecode.StaggerAlgorithm.step_of_crypto' depends on axioms: [propext,
 Classical.choice,
 Quot.sound]
info: Challenge/Ripemd160/Submission/Proofs/Bytecode/StaggerAlgorithm.lean:203:0: 'Challenge.Ripemd160.Submission.Proofs.Bytecode.StaggerAlgorithm.fold_crypto' depends on axioms: [propext,
 Classical.choice,
 Quot.sound]
ℹ [3246/3719] Replayed Challenge.Ripemd160.Submission.Proofs.Bytecode.StaggerTerminal75
info: Challenge/Ripemd160/Submission/Proofs/Bytecode/StaggerTerminal75.lean:116:0: 'Challenge.Ripemd160.Submission.Proofs.Bytecode.StaggerTerminal75.fold_prefix' depends on axioms: [propext, Quot.sound]
info: Challenge/Ripemd160/Submission/Proofs/Bytecode/StaggerTerminal75.lean:117:0: 'Challenge.Ripemd160.Submission.Proofs.Bytecode.StaggerTerminal75.step76_d' depends on axioms: [propext,
 Classical.choice,
 Quot.sound]
info: Challenge/Ripemd160/Submission/Proofs/Bytecode/StaggerTerminal75.lean:118:0: 'Challenge.Ripemd160.Submission.Proofs.Bytecode.StaggerTerminal75.step76_d_msg' depends on axioms: [propext,
 Classical.choice,
 Quot.sound]
info: Challenge/Ripemd160/Submission/Proofs/Bytecode/StaggerTerminal75.lean:119:0: 'Challenge.Ripemd160.Submission.Proofs.Bytecode.StaggerTerminal75.final_shape' depends on axioms: [propext,
 Classical.choice,
 Quot.sound]
ℹ [3247/3719] Replayed Challenge.Ripemd160.Submission.Proofs.Bytecode.StaggerPrologueNear
info: Challenge/Ripemd160/Submission/Proofs/Bytecode/StaggerPrologueNear.lean:106:0: 'Challenge.Ripemd160.Submission.Proofs.Bytecode.StaggerPrologueNear.mask_eq' depends on axioms: [propext,
 Classical.choice,
 Quot.sound]
info: Challenge/Ripemd160/Submission/Proofs/Bytecode/StaggerPrologueNear.lean:107:0: 'Challenge.Ripemd160.Submission.Proofs.Bytecode.StaggerPrologueNear.three_steps' depends on axioms: [propext,
 Classical.choice,
 Quot.sound]
info: Challenge/Ripemd160/Submission/Proofs/Bytecode/StaggerPrologueNear.lean:108:0: 'Challenge.Ripemd160.Submission.Proofs.Bytecode.StaggerPrologueNear.fold_eq' depends on axioms: [propext,
 Classical.choice,
 Quot.sound]
ℹ [3248/3719] Replayed Challenge.Ripemd160.Submission.Proofs.Bytecode.StaggerModeSeven
info: Challenge/Ripemd160/Submission/Proofs/Bytecode/StaggerModeSeven.lean:185:0: 'Challenge.Ripemd160.Submission.Proofs.Bytecode.StaggerModeSeven.fold_crypto' depends on axioms: [propext,
 Classical.choice,
 Quot.sound]
info: Challenge/Ripemd160/Submission/Proofs/Bytecode/StaggerModeSeven.lean:186:0: 'Challenge.Ripemd160.Submission.Proofs.Bytecode.StaggerModeSeven.fold_eq_terminal' depends on axioms: [propext,
 Classical.choice,
 Quot.sound]
info: Challenge/Ripemd160/Submission/Proofs/Bytecode/StaggerModeSeven.lean:187:0: 'Challenge.Ripemd160.Submission.Proofs.Bytecode.StaggerModeSeven.final_shape' depends on axioms: [propext,
 Classical.choice,
 Quot.sound]
info: Challenge/Ripemd160/Submission/Proofs/Bytecode/StaggerModeSeven.lean:188:0: 'Challenge.Ripemd160.Submission.Proofs.Bytecode.StaggerModeSeven.fold_near' depends on axioms: [propext,
 Classical.choice,
 Quot.sound]
info: Challenge/Ripemd160/Submission/Proofs/Bytecode/StaggerModeSeven.lean:190:0: 'Challenge.Ripemd160.Submission.Proofs.Bytecode.StaggerModeSeven.canonical_formula' depends on axioms: [propext,
 Quot.sound]
info: Challenge/Ripemd160/Submission/Proofs/Bytecode/StaggerModeSeven.lean:191:0: 'Challenge.Ripemd160.Submission.Proofs.Bytecode.StaggerModeSeven.raw_canonical' depends on axioms: [propext,
 Classical.choice,
 Quot.sound]
info: Challenge/Ripemd160/Submission/Proofs/Bytecode/StaggerModeSeven.lean:192:0: 'Challenge.Ripemd160.Submission.Proofs.Bytecode.StaggerModeSeven.sum_eq' depends on axioms: [propext,
 Classical.choice,
 Quot.sound]
info: Challenge/Ripemd160/Submission/Proofs/Bytecode/StaggerModeSeven.lean:193:0: 'Challenge.Ripemd160.Submission.Proofs.Bytecode.StaggerModeSeven.step_eq' depends on axioms: [propext,
 Classical.choice,
 Quot.sound]
ℹ [3251/3719] Replayed Challenge.Ripemd160.Submission.Proofs.Bytecode.StaggerMessage
info: Challenge/Ripemd160/Submission/Proofs/Bytecode/StaggerMessage.lean:150:0: 'Challenge.Ripemd160.Submission.Proofs.Bytecode.StaggerMessage.ready_dual0' depends on axioms: [propext,
 Classical.choice,
 Quot.sound]
info: Challenge/Ripemd160/Submission/Proofs/Bytecode/StaggerMessage.lean:151:0: 'Challenge.Ripemd160.Submission.Proofs.Bytecode.StaggerMessage.ready_junk' depends on axioms: [propext,
 Classical.choice,
 Quot.sound]
info: Challenge/Ripemd160/Submission/Proofs/Bytecode/StaggerMessage.lean:152:0: 'Challenge.Ripemd160.Submission.Proofs.Bytecode.StaggerMessage.ready' depends on axioms: [propext,
 Classical.choice,
 Quot.sound]
ℹ [3252/3719] Replayed Challenge.Ripemd160.Submission.Proofs.Bytecode.PoolFacts
info: Challenge/Ripemd160/Submission/Proofs/Bytecode/PoolFacts.lean:149:0: 'Challenge.Ripemd160.Submission.Proofs.Bytecode.PoolFacts.result_lanes' depends on axioms: [propext,
 Classical.choice,
 Quot.sound]
info: Challenge/Ripemd160/Submission/Proofs/Bytecode/PoolFacts.lean:150:0: 'Challenge.Ripemd160.Submission.Proofs.Bytecode.PoolFacts.result_slack' depends on axioms: [propext,
 Classical.choice,
 Quot.sound]
ℹ [3253/3719] Replayed Challenge.Ripemd160.Submission.Proofs.Bytecode.PoolInvariant
info: Challenge/Ripemd160/Submission/Proofs/Bytecode/PoolInvariant.lean:289:0: 'Challenge.Ripemd160.Submission.Proofs.Bytecode.PoolInvariant.ready' depends on axioms: [propext,
 Classical.choice,
 Quot.sound]
info: Challenge/Ripemd160/Submission/Proofs/Bytecode/PoolInvariant.lean:290:0: 'Challenge.Ripemd160.Submission.Proofs.Bytecode.PoolInvariant.result_outside' depends on axioms: [propext,
 Classical.choice,
 Quot.sound]
ℹ [3254/3719] Replayed Challenge.Ripemd160.Submission.Proofs.Bytecode.Pair13Memory
info: Challenge/Ripemd160/Submission/Proofs/Bytecode/Pair13Memory.lean:286:0: 'Challenge.Ripemd160.Submission.Proofs.Bytecode.Pair13Memory.writerMemory_getD_resultMemoryD' depends on axioms: [propext,
 Classical.choice,
 Quot.sound]
ℹ [3255/3719] Replayed Challenge.Ripemd160.Submission.Proofs.Bytecode.PoolReference
info: Challenge/Ripemd160/Submission/Proofs/Bytecode/PoolReference.lean:123:0: 'Challenge.Ripemd160.Submission.Proofs.Bytecode.PoolReference.data_ready' depends on axioms: [propext,
 Classical.choice,
 Quot.sound]
info: Challenge/Ripemd160/Submission/Proofs/Bytecode/PoolReference.lean:125:0: 'Challenge.Ripemd160.Submission.Proofs.Bytecode.PoolReference.reference_data_getD' depends on axioms: [propext,
 Classical.choice,
 Quot.sound]
ℹ [3256/3719] Replayed Challenge.Ripemd160.Submission.Proofs.Bytecode.Shared32Table
info: Challenge/Ripemd160/Submission/Proofs/Bytecode/Shared32Table.lean:151:0: 'Challenge.Ripemd160.Submission.Proofs.Bytecode.Shared32Table.table_ready' depends on axioms: [propext,
 Classical.choice,
 Quot.sound]
info: Challenge/Ripemd160/Submission/Proofs/Bytecode/Shared32Table.lean:152:0: 'Challenge.Ripemd160.Submission.Proofs.Bytecode.Shared32Table.wordsRaw_eq_high' depends on axioms: [propext,
 Classical.choice,
 Quot.sound]
info: Challenge/Ripemd160/Submission/Proofs/Bytecode/Shared32Table.lean:153:0: 'Challenge.Ripemd160.Submission.Proofs.Bytecode.Shared32Table.wordsRaw_mod' depends on axioms: [propext,
 Classical.choice,
 Quot.sound]
ℹ [3257/3719] Replayed Challenge.Ripemd160.Submission.Proofs.Bytecode.Pair13NormalTrace
info: Challenge/Ripemd160/Submission/Proofs/Bytecode/Pair13NormalTrace.lean:104:0: 'Challenge.Ripemd160.Submission.Proofs.Bytecode.Pair13NormalTrace.run_normal' depends on axioms: [propext,
 Classical.choice,
 Quot.sound]
info: Challenge/Ripemd160/Submission/Proofs/Bytecode/Pair13NormalTrace.lean:105:0: 'Challenge.Ripemd160.Submission.Proofs.Bytecode.Pair13NormalTrace.exact_bytes' depends on axioms: [propext]
ℹ [3258/3719] Replayed Challenge.Ripemd160.Submission.Proofs.Bytecode.Shared32Run
info: Challenge/Ripemd160/Submission/Proofs/Bytecode/Shared32Run.lean:72:0: 'Challenge.Ripemd160.Submission.Proofs.Bytecode.Shared32Run.run_table' depends on axioms: [propext,
 Classical.choice,
 Quot.sound]
info: Challenge/Ripemd160/Submission/Proofs/Bytecode/Shared32Run.lean:73:0: 'Challenge.Ripemd160.Submission.Proofs.Bytecode.Shared32Run.end_pc' depends on axioms: [propext]
ℹ [3259/3719] Replayed Challenge.Ripemd160.Submission.Proofs.Bytecode.Shared32Sites
info: Challenge/Ripemd160/Submission/Proofs/Bytecode/Shared32Sites.lean:303:0: 'Challenge.Ripemd160.Submission.Proofs.Bytecode.Shared32Sites.table.lift' depends on axioms: [propext,
 Classical.choice,
 Quot.sound]
info: Challenge/Ripemd160/Submission/Proofs/Bytecode/Shared32Sites.lean:304:0: 'Challenge.Ripemd160.Submission.Proofs.Bytecode.Shared32Sites.sparse.lift' depends on axioms: [propext,
 Classical.choice,
 Quot.sound]
info: Challenge/Ripemd160/Submission/Proofs/Bytecode/Shared32Sites.lean:305:0: 'Challenge.Ripemd160.Submission.Proofs.Bytecode.Shared32Sites.guard.lift' depends on axioms: [propext,
 Classical.choice,
 Quot.sound]
info: Challenge/Ripemd160/Submission/Proofs/Bytecode/Shared32Sites.lean:306:0: 'Challenge.Ripemd160.Submission.Proofs.Bytecode.Shared32Sites.head.lift' depends on axioms: [propext,
 Classical.choice,
 Quot.sound]
info: Challenge/Ripemd160/Submission/Proofs/Bytecode/Shared32Sites.lean:307:0: 'Challenge.Ripemd160.Submission.Proofs.Bytecode.Shared32Sites.double.lift' depends on axioms: [propext,
 Classical.choice,
 Quot.sound]
info: Challenge/Ripemd160/Submission/Proofs/Bytecode/Shared32Sites.lean:308:0: 'Challenge.Ripemd160.Submission.Proofs.Bytecode.Shared32Sites.size_decoded' depends on axioms: [propext,
 Classical.choice,
 Quot.sound]
ℹ [3260/3719] Replayed Challenge.Ripemd160.Submission.Proofs.Bytecode.ColdGuardFixup
info: Challenge/Ripemd160/Submission/Proofs/Bytecode/ColdGuardFixup.lean:308:0: 'Challenge.Ripemd160.Submission.Proofs.Bytecode.ColdGuardFixup.restore' depends on axioms: [propext,
 Classical.choice,
 Quot.sound]
info: Challenge/Ripemd160/Submission/Proofs/Bytecode/ColdGuardFixup.lean:309:0: 'Challenge.Ripemd160.Submission.Proofs.Bytecode.ColdGuardFixup.gasSteps_partial' depends on axioms: [propext,
 Classical.choice,
 Quot.sound]
ℹ [3261/3719] Replayed Challenge.Ripemd160.Submission.Proofs.Bytecode.PaddingTrace
info: Challenge/Ripemd160/Submission/Proofs/Bytecode/PaddingTrace.lean:1674:0: 'Challenge.Ripemd160.Submission.Proofs.Bytecode.PaddingTrace.gasSteps_pad' depends on axioms: [propext,
 Classical.choice,
 Quot.sound]
ℹ [3262/3719] Replayed Challenge.Ripemd160.Submission.Proofs.Bytecode.PaddingTail
info: Challenge/Ripemd160/Submission/Proofs/Bytecode/PaddingTail.lean:152:0: 'Challenge.Ripemd160.Submission.Proofs.Bytecode.PaddingTail.gasSteps_prefix' depends on axioms: [propext,
 Classical.choice,
 Quot.sound]
info: Challenge/Ripemd160/Submission/Proofs/Bytecode/PaddingTail.lean:153:0: 'Challenge.Ripemd160.Submission.Proofs.Bytecode.PaddingTail.gasSteps_pad' depends on axioms: [propext,
 Classical.choice,
 Quot.sound]
ℹ [3264/3719] Replayed Challenge.Ripemd160.Submission.Proofs.Bytecode.StaggerTableSparse
info: Challenge/Ripemd160/Submission/Proofs/Bytecode/StaggerTableSparse.lean:139:0: 'Challenge.Ripemd160.Submission.Proofs.Bytecode.StaggerTableSparse.selected_eq_full' depends on axioms: [propext,
 Classical.choice,
 Quot.sound]
info: Challenge/Ripemd160/Submission/Proofs/Bytecode/StaggerTableSparse.lean:140:0: 'Challenge.Ripemd160.Submission.Proofs.Bytecode.StaggerTableSparse.getD_storeSelected_outside' depends on axioms: [propext,
 Classical.choice,
 Quot.sound]
info: Challenge/Ripemd160/Submission/Proofs/Bytecode/StaggerTableSparse.lean:141:0: 'Challenge.Ripemd160.Submission.Proofs.Bytecode.StaggerTableSparse.erase_zeroMemory' depends on axioms: [propext,
 Classical.choice,
 Quot.sound]
ℹ [3265/3719] Replayed Challenge.Ripemd160.Submission.Proofs.Bytecode.StaggerTablePad
info: Challenge/Ripemd160/Submission/Proofs/Bytecode/StaggerTablePad.lean:523:0: 'Challenge.Ripemd160.Submission.Proofs.Bytecode.StaggerTablePad.padWords_bound' depends on axioms: [propext, Quot.sound]
info: Challenge/Ripemd160/Submission/Proofs/Bytecode/StaggerTablePad.lean:524:0: 'Challenge.Ripemd160.Submission.Proofs.Bytecode.StaggerTablePad.highDirty_toNat' depends on axioms: [propext,
 Classical.choice,
 Quot.sound]
info: Challenge/Ripemd160/Submission/Proofs/Bytecode/StaggerTablePad.lean:525:0: 'Challenge.Ripemd160.Submission.Proofs.Bytecode.StaggerTablePad.resultMemory_eq_table' depends on axioms: [propext,
 Classical.choice,
 Quot.sound]
info: Challenge/Ripemd160/Submission/Proofs/Bytecode/StaggerTablePad.lean:526:0: 'Challenge.Ripemd160.Submission.Proofs.Bytecode.StaggerTablePad.read_resultMemory_outside' depends on axioms: [propext,
 Classical.choice,
 Quot.sound]
info: Challenge/Ripemd160/Submission/Proofs/Bytecode/StaggerTablePad.lean:527:0: 'Challenge.Ripemd160.Submission.Proofs.Bytecode.StaggerTablePad.highChain_eq' depends on axioms: [propext,
 Classical.choice,
 Quot.sound]
info: Challenge/Ripemd160/Submission/Proofs/Bytecode/StaggerTablePad.lean:528:0: 'Challenge.Ripemd160.Submission.Proofs.Bytecode.StaggerTablePad.lowChain_eq' depends on axioms: [propext,
 Classical.choice,
 Quot.sound]
info: Challenge/Ripemd160/Submission/Proofs/Bytecode/StaggerTablePad.lean:529:0: 'Challenge.Ripemd160.Submission.Proofs.Bytecode.StaggerTablePad.highChain_eq_over' depends on axioms: [propext,
 Classical.choice,
 Quot.sound]
info: Challenge/Ripemd160/Submission/Proofs/Bytecode/StaggerTablePad.lean:530:0: 'Challenge.Ripemd160.Submission.Proofs.Bytecode.StaggerTablePad.highStores_noop' depends on axioms: [propext,
 Classical.choice,
 Quot.sound]
info: Challenge/Ripemd160/Submission/Proofs/Bytecode/StaggerTablePad.lean:531:0: 'Challenge.Ripemd160.Submission.Proofs.Bytecode.StaggerTablePad.lowChainOver_eq_resultMemoryOver' depends on axioms: [propext,
 Classical.choice,
 Quot.sound]
info: Challenge/Ripemd160/Submission/Proofs/Bytecode/StaggerTablePad.lean:532:0: 'Challenge.Ripemd160.Submission.Proofs.Bytecode.StaggerTablePad.padRealChain_eq' depends on axioms: [propext,
 Classical.choice,
 Quot.sound]
info: Challenge/Ripemd160/Submission/Proofs/Bytecode/StaggerTablePad.lean:533:0: 'Challenge.Ripemd160.Submission.Proofs.Bytecode.StaggerTablePad.padRealHigh_eq' depends on axioms: [propext,
 Classical.choice,
 Quot.sound]
info: Challenge/Ripemd160/Submission/Proofs/Bytecode/StaggerTablePad.lean:534:0: 'Challenge.Ripemd160.Submission.Proofs.Bytecode.StaggerTablePad.padRealResult_agree' depends on axioms: [propext,
 Classical.choice,
 Quot.sound]
info: Challenge/Ripemd160/Submission/Proofs/Bytecode/StaggerTablePad.lean:535:0: 'Challenge.Ripemd160.Submission.Proofs.Bytecode.StaggerTablePad.read_zero_mod_of_agree' depends on axioms: [propext,
 Classical.choice,
 Quot.sound]
info: Challenge/Ripemd160/Submission/Proofs/Bytecode/StaggerTablePad.lean:536:0: 'Challenge.Ripemd160.Submission.Proofs.Bytecode.StaggerTablePad.read_padRealResult_outside' depends on axioms: [propext,
 Classical.choice,
 Quot.sound]
ℹ [3266/3719] Replayed Challenge.Ripemd160.Submission.Proofs.Bytecode.PoolPadInvariant
info: Challenge/Ripemd160/Submission/Proofs/Bytecode/PoolPadInvariant.lean:102:0: 'Challenge.Ripemd160.Submission.Proofs.Bytecode.PoolPadInvariant.pad_ready' depends on axioms: [propext,
 Classical.choice,
 Quot.sound]
info: Challenge/Ripemd160/Submission/Proofs/Bytecode/PoolPadInvariant.lean:103:0: 'Challenge.Ripemd160.Submission.Proofs.Bytecode.PoolPadInvariant.padRealResult_clear' depends on axioms: [propext,
 Classical.choice,
 Quot.sound]
info: Challenge/Ripemd160/Submission/Proofs/Bytecode/PoolPadInvariant.lean:104:0: 'Challenge.Ripemd160.Submission.Proofs.Bytecode.PoolPadInvariant.padRealChain_clear' depends on axioms: [propext,
 Classical.choice,
 Quot.sound]
ℹ [3267/3719] Replayed Challenge.Ripemd160.Submission.Proofs.Bytecode.StaggerTableCongruence
info: Challenge/Ripemd160/Submission/Proofs/Bytecode/StaggerTableCongruence.lean:25:0: 'Challenge.Ripemd160.Submission.Proofs.Bytecode.StaggerTableLayout.resultMemory_congr' depends on axioms: [propext,
 Quot.sound]
ℹ [3268/3719] Replayed Challenge.Ripemd160.Submission.Proofs.Bytecode.PadOnlyData
info: Challenge/Ripemd160/Submission/Proofs/Bytecode/PadOnlyData.lean:49:0: 'Challenge.Ripemd160.Submission.Proofs.Bytecode.PadOnlySchedule.padded_byte_aligned' depends on axioms: [propext,
 Classical.choice,
 Quot.sound]
ℹ [3269/3719] Replayed Challenge.Ripemd160.Submission.Proofs.Bytecode.PadOnlyWords
info: Challenge/Ripemd160/Submission/Proofs/Bytecode/PadOnlyWords.lean:116:0: 'Challenge.Ripemd160.Submission.Proofs.Bytecode.PadOnlySchedule.padded_word_length_low' depends on axioms: [propext,
 Classical.choice,
 Quot.sound]
info: Challenge/Ripemd160/Submission/Proofs/Bytecode/PadOnlyWords.lean:117:0: 'Challenge.Ripemd160.Submission.Proofs.Bytecode.PadOnlySchedule.padded_word_length_high' depends on axioms: [propext,
 Classical.choice,
 Quot.sound]
info: Challenge/Ripemd160/Submission/Proofs/Bytecode/PadOnlyWords.lean:119:0: '_private.Challenge.Ripemd160.Submission.Proofs.Bytecode.PadOnlyWords.0.Challenge.Ripemd160.Submission.Proofs.Bytecode.PadOnlySchedule.assemble_four_bytes' depends on axioms: [propext,
 Classical.choice,
 Quot.sound]
info: Challenge/Ripemd160/Submission/Proofs/Bytecode/PadOnlyWords.lean:121:0: 'Challenge.Ripemd160.Submission.Proofs.Bytecode.PadOnlySchedule.padded_word_zero' depends on axioms: [propext,
 Classical.choice,
 Quot.sound]
info: Challenge/Ripemd160/Submission/Proofs/Bytecode/PadOnlyWords.lean:122:0: 'Challenge.Ripemd160.Submission.Proofs.Bytecode.PadOnlySchedule.padded_word_head' depends on axioms: [propext,
 Classical.choice,
 Quot.sound]
ℹ [3270/3719] Replayed Challenge.Ripemd160.Submission.Proofs.Bytecode.PadOnlyContract
info: Challenge/Ripemd160/Submission/Proofs/Bytecode/PadOnlyContract.lean:103:0: 'Challenge.Ripemd160.Submission.Proofs.Bytecode.PadOnlySchedule.resultMemory_cache_tail' depends on axioms: [propext,
 Classical.choice,
 Quot.sound]
info: Challenge/Ripemd160/Submission/Proofs/Bytecode/PadOnlyContract.lean:105:0: 'Challenge.Ripemd160.Submission.Proofs.Bytecode.PadOnlySchedule.lowLength_ofNat' depends on axioms: [propext,
 Classical.choice,
 Quot.sound]
info: Challenge/Ripemd160/Submission/Proofs/Bytecode/PadOnlyContract.lean:106:0: 'Challenge.Ripemd160.Submission.Proofs.Bytecode.PadOnlySchedule.highLength_ofNat' depends on axioms: [propext,
 Classical.choice,
 Quot.sound]
info: Challenge/Ripemd160/Submission/Proofs/Bytecode/PadOnlyContract.lean:107:0: 'Challenge.Ripemd160.Submission.Proofs.Bytecode.PadOnlySchedule.padWords_eq_cryptoWords' depends on axioms: [propext,
 Classical.choice,
 Quot.sound]
info: Challenge/Ripemd160/Submission/Proofs/Bytecode/PadOnlyContract.lean:108:0: 'Challenge.Ripemd160.Submission.Proofs.Bytecode.PadOnlySchedule.extracted_words' depends on axioms: [propext,
 Classical.choice,
 Quot.sound]
info: Challenge/Ripemd160/Submission/Proofs/Bytecode/PadOnlyContract.lean:109:0: 'Challenge.Ripemd160.Submission.Proofs.Bytecode.PadOnlySchedule.normalized_memory' depends on axioms: [propext,
 Classical.choice,
 Quot.sound]
ℹ [3271/3719] Replayed Challenge.Ripemd160.Submission.Proofs.Bytecode.PersistentStaggerTable
info: Challenge/Ripemd160/Submission/Proofs/Bytecode/PersistentStaggerTable.lean:313:0: 'Challenge.Ripemd160.Submission.Proofs.Bytecode.PersistentStaggerTable.ready' depends on axioms: [propext,
 Classical.choice,
 Quot.sound]
info: Challenge/Ripemd160/Submission/Proofs/Bytecode/PersistentStaggerTable.lean:314:0: 'Challenge.Ripemd160.Submission.Proofs.Bytecode.PersistentStaggerTable.Context.scheduled' depends on axioms: [propext,
 Classical.choice,
 Quot.sound]
info: Challenge/Ripemd160/Submission/Proofs/Bytecode/PersistentStaggerTable.lean:315:0: 'Challenge.Ripemd160.Submission.Proofs.Bytecode.PersistentStaggerTable.scheduled_memory_calldata' depends on axioms: [propext,
 Quot.sound]
ℹ [3272/3719] Replayed Challenge.Ripemd160.Submission.Proofs.Bytecode.PadSkipEntry
info: Challenge/Ripemd160/Submission/Proofs/Bytecode/PadSkipEntry.lean:244:0: 'Challenge.Ripemd160.Submission.Proofs.Bytecode.PadSkipEntry.entryState_gapClear' depends on axioms: [propext,
 Classical.choice,
 Quot.sound]
info: Challenge/Ripemd160/Submission/Proofs/Bytecode/PadSkipEntry.lean:245:0: 'Challenge.Ripemd160.Submission.Proofs.Bytecode.PadSkipEntry.entryState_lowClear' depends on axioms: [propext,
 Classical.choice,
 Quot.sound]
info: Challenge/Ripemd160/Submission/Proofs/Bytecode/PadSkipEntry.lean:246:0: 'Challenge.Ripemd160.Submission.Proofs.Bytecode.PadSkipEntry.entryState_active' depends on axioms: [propext,
 Classical.choice,
 Quot.sound]
info: Challenge/Ripemd160/Submission/Proofs/Bytecode/PadSkipEntry.lean:247:0: 'Challenge.Ripemd160.Submission.Proofs.Bytecode.PadSkipEntry.entryState_allocated' depends on axioms: [propext,
 Classical.choice,
 Quot.sound]
info: Challenge/Ripemd160/Submission/Proofs/Bytecode/PadSkipEntry.lean:248:0: 'Challenge.Ripemd160.Submission.Proofs.Bytecode.PadSkipEntry.entryState_blockAt' depends on axioms: [propext,
 Classical.choice,
 Quot.sound]
ℹ [3273/3719] Replayed Challenge.Ripemd160.Submission.Proofs.Bytecode.StaggerPersistentEntryRaw
info: Challenge/Ripemd160/Submission/Proofs/Bytecode/StaggerPersistentEntryRaw.lean:66:0: 'Challenge.Ripemd160.Submission.Proofs.Bytecode.StaggerPersistentEntryRaw.run_call' depends on axioms: [propext,
 Quot.sound]
info: Challenge/Ripemd160/Submission/Proofs/Bytecode/StaggerPersistentEntryRaw.lean:67:0: 'Challenge.Ripemd160.Submission.Proofs.Bytecode.StaggerPersistentEntryRaw.run_ge' depends on axioms: [propext,
 Quot.sound]
info: Challenge/Ripemd160/Submission/Proofs/Bytecode/StaggerPersistentEntryRaw.lean:68:0: 'Challenge.Ripemd160.Submission.Proofs.Bytecode.StaggerPersistentEntryRaw.run_lt' depends on axioms: [propext,
 Quot.sound]
ℹ [3274/3719] Replayed Challenge.Ripemd160.Submission.Proofs.Bytecode.PersistentLoopLift
info: Challenge/Ripemd160/Submission/Proofs/Bytecode/PersistentLoopLift.lean:72:0: 'Challenge.Ripemd160.Submission.Proofs.Bytecode.PersistentLoopLift.gasSteps_of_raw' depends on axioms: [propext,
 Classical.choice,
 Quot.sound]
ℹ [3275/3719] Replayed Challenge.Ripemd160.Submission.Proofs.Bytecode.RecognitionLift
info: Challenge/Ripemd160/Submission/Proofs/Bytecode/RecognitionLift.lean:91:0: 'Challenge.Ripemd160.Submission.Proofs.Bytecode.RecognitionLift.gasSteps_of_raw' depends on axioms: [propext,
 Classical.choice,
 Quot.sound]
ℹ [3277/3719] Replayed Challenge.Ripemd160.Submission.Proofs.Bytecode.StaggerPersistentLoopRaw
info: Challenge/Ripemd160/Submission/Proofs/Bytecode/StaggerPersistentLoopRaw.lean:165:0: 'Challenge.Ripemd160.Submission.Proofs.Bytecode.StaggerPersistentLoopRaw.run_hit' depends on axioms: [propext,
 Quot.sound]
info: Challenge/Ripemd160/Submission/Proofs/Bytecode/StaggerPersistentLoopRaw.lean:166:0: 'Challenge.Ripemd160.Submission.Proofs.Bytecode.StaggerPersistentLoopRaw.run_miss' depends on axioms: [propext,
 Quot.sound]
info: Challenge/Ripemd160/Submission/Proofs/Bytecode/StaggerPersistentLoopRaw.lean:167:0: 'Challenge.Ripemd160.Submission.Proofs.Bytecode.StaggerPersistentLoopRaw.run_gt' depends on axioms: [propext,
 Quot.sound]
info: Challenge/Ripemd160/Submission/Proofs/Bytecode/StaggerPersistentLoopRaw.lean:168:0: 'Challenge.Ripemd160.Submission.Proofs.Bytecode.StaggerPersistentLoopRaw.run_le' depends on axioms: [propext,
 Quot.sound]
info: Challenge/Ripemd160/Submission/Proofs/Bytecode/StaggerPersistentLoopRaw.lean:169:0: 'Challenge.Ripemd160.Submission.Proofs.Bytecode.StaggerPersistentLoopRaw.run_inc' depends on axioms: [propext,
 Quot.sound]
info: Challenge/Ripemd160/Submission/Proofs/Bytecode/StaggerPersistentLoopRaw.lean:170:0: 'Challenge.Ripemd160.Submission.Proofs.Bytecode.StaggerPersistentLoopRaw.run_back' depends on axioms: [propext,
 Quot.sound]
ℹ [3278/3719] Replayed Challenge.Ripemd160.Submission.Proofs.Bytecode.StaggerPersistentEntrySites
info: Challenge/Ripemd160/Submission/Proofs/Bytecode/StaggerPersistentEntrySites.lean:179:0: 'Challenge.Ripemd160.Submission.Proofs.Bytecode.StaggerPersistentEntrySites.gasSteps_padMiss' depends on axioms: [propext,
 Classical.choice,
 Quot.sound]
info: Challenge/Ripemd160/Submission/Proofs/Bytecode/StaggerPersistentEntrySites.lean:180:0: 'Challenge.Ripemd160.Submission.Proofs.Bytecode.StaggerPersistentEntrySites.gasSteps_padHit' depends on axioms: [propext,
 Classical.choice,
 Quot.sound]
info: Challenge/Ripemd160/Submission/Proofs/Bytecode/StaggerPersistentEntrySites.lean:181:0: 'Challenge.Ripemd160.Submission.Proofs.Bytecode.StaggerPersistentEntrySites.gasSteps_back' depends on axioms: [propext,
 Classical.choice,
 Quot.sound]
info: Challenge/Ripemd160/Submission/Proofs/Bytecode/StaggerPersistentEntrySites.lean:182:0: 'Challenge.Ripemd160.Submission.Proofs.Bytecode.StaggerPersistentEntrySites.gasSteps_swapBack' depends on axioms: [propext,
 Classical.choice,
 Quot.sound]
ℹ [3279/3719] Replayed Challenge.Ripemd160.Submission.Proofs.Bytecode.ExitLift
info: Challenge/Ripemd160/Submission/Proofs/Bytecode/ExitLift.lean:78:0: 'Challenge.Ripemd160.Submission.Proofs.Bytecode.ExitLift.gasSteps_of_raw' depends on axioms: [propext,
 Classical.choice,
 Quot.sound]
ℹ [3280/3719] Replayed Challenge.Ripemd160.Submission.Proofs.Bytecode.StaggerPersistentLoopSites
info: Challenge/Ripemd160/Submission/Proofs/Bytecode/StaggerPersistentLoopSites.lean:160:0: 'Challenge.Ripemd160.Submission.Proofs.Bytecode.StaggerPersistentLoopSites.gasSteps_continue' depends on axioms: [propext,
 Classical.choice,
 Quot.sound]
info: Challenge/Ripemd160/Submission/Proofs/Bytecode/StaggerPersistentLoopSites.lean:161:0: 'Challenge.Ripemd160.Submission.Proofs.Bytecode.StaggerPersistentLoopSites.gasSteps_pad' depends on axioms: [propext,
 Classical.choice,
 Quot.sound]
info: Challenge/Ripemd160/Submission/Proofs/Bytecode/StaggerPersistentLoopSites.lean:162:0: 'Challenge.Ripemd160.Submission.Proofs.Bytecode.StaggerPersistentLoopSites.gasSteps_exit' depends on axioms: [propext,
 Classical.choice,
 Quot.sound]
ℹ [3299/3719] Replayed Challenge.Ripemd160.Submission.Proofs.Bytecode.CompactGuardConstants
info: Challenge/Ripemd160/Submission/Proofs/Bytecode/CompactGuardConstants.lean:41:0: 'Challenge.Ripemd160.Submission.Proofs.Bytecode.CompactGuardConstants.repeated_one' depends on axioms: [propext]
info: Challenge/Ripemd160/Submission/Proofs/Bytecode/CompactGuardConstants.lean:42:0: 'Challenge.Ripemd160.Submission.Proofs.Bytecode.CompactGuardConstants.repeated_high' does not depend on any axioms
info: Challenge/Ripemd160/Submission/Proofs/Bytecode/CompactGuardConstants.lean:43:0: 'Challenge.Ripemd160.Submission.Proofs.Bytecode.CompactGuardConstants.repeated_low' does not depend on any axioms
info: Challenge/Ripemd160/Submission/Proofs/Bytecode/CompactGuardConstants.lean:44:0: 'Challenge.Ripemd160.Submission.Proofs.Bytecode.CompactGuardConstants.run_constants' depends on axioms: [propext,
 Classical.choice,
 Quot.sound]
ℹ [3301/3719] Replayed Challenge.Ripemd160.Submission.Proofs.Bytecode.RepeatedByteWord
info: Challenge/Ripemd160/Submission/Proofs/Bytecode/RepeatedByteWord.lean:96:0: 'Challenge.Ripemd160.Submission.Proofs.Bytecode.RepeatedByteWord.run_word' depends on axioms: [propext, Quot.sound]
info: Challenge/Ripemd160/Submission/Proofs/Bytecode/RepeatedByteWord.lean:97:0: 'Challenge.Ripemd160.Submission.Proofs.Bytecode.RepeatedByteWord.gasSteps_word' depends on axioms: [propext,
 Classical.choice,
 Quot.sound]
ℹ [3302/3719] Replayed Challenge.Ripemd160.Submission.Proofs.Bytecode.ClosedEndianReuse
info: Challenge/Ripemd160/Submission/Proofs/Bytecode/ClosedEndianReuse.lean:146:0: 'Challenge.Ripemd160.Submission.Proofs.Bytecode.ClosedEndianReuse.mask8_div' depends on axioms: [propext]
info: Challenge/Ripemd160/Submission/Proofs/Bytecode/ClosedEndianReuse.lean:147:0: 'Challenge.Ripemd160.Submission.Proofs.Bytecode.ClosedEndianReuse.mask16_div' depends on axioms: [propext]
info: Challenge/Ripemd160/Submission/Proofs/Bytecode/ClosedEndianReuse.lean:148:0: 'Challenge.Ripemd160.Submission.Proofs.Bytecode.ClosedEndianReuse.run_endian' depends on axioms: [propext,
 Classical.choice,
 Quot.sound]
info: Challenge/Ripemd160/Submission/Proofs/Bytecode/ClosedEndianReuse.lean:149:0: 'Challenge.Ripemd160.Submission.Proofs.Bytecode.ClosedEndianReuse.advances' depends on axioms: [propext, Quot.sound]
info: Challenge/Ripemd160/Submission/Proofs/Bytecode/ClosedEndianReuse.lean:150:0: 'Challenge.Ripemd160.Submission.Proofs.Bytecode.ClosedEndianReuse.run_located' depends on axioms: [propext,
 Classical.choice,
 Quot.sound]
info: Challenge/Ripemd160/Submission/Proofs/Bytecode/ClosedEndianReuse.lean:151:0: 'Challenge.Ripemd160.Submission.Proofs.Bytecode.ClosedEndianReuse.gasSteps_endian' depends on axioms: [propext,
 Classical.choice,
 Quot.sound]
ℹ [3308/3719] Replayed Challenge.Ripemd160.Submission.Proofs.Bytecode.MemoryPackedOutput
info: Challenge/Ripemd160/Submission/Proofs/Bytecode/MemoryPackedOutput.lean:45:0: 'Challenge.Ripemd160.Submission.Proofs.Bytecode.MemoryPackedOutput.readPadded_eq' depends on axioms: [propext,
 Classical.choice,
 Quot.sound]
info: Challenge/Ripemd160/Submission/Proofs/Bytecode/MemoryPackedOutput.lean:46:0: 'Challenge.Ripemd160.Submission.Proofs.Bytecode.MemoryPackedOutput.readWord_eq' depends on axioms: [propext,
 Classical.choice,
 Quot.sound]
ℹ [3309/3719] Replayed Challenge.Ripemd160.Submission.Proofs.Bytecode.StaggerPersistentOutput
info: Challenge/Ripemd160/Submission/Proofs/Bytecode/StaggerPersistentOutput.lean:111:0: 'Challenge.Ripemd160.Submission.Proofs.Bytecode.StaggerPersistentOutput.run_template' depends on axioms: [propext,
 Classical.choice,
 Quot.sound]
info: Challenge/Ripemd160/Submission/Proofs/Bytecode/StaggerPersistentOutput.lean:112:0: 'Challenge.Ripemd160.Submission.Proofs.Bytecode.StaggerPersistentOutput.actual_slice' depends on axioms: [propext,
 Quot.sound]
info: Challenge/Ripemd160/Submission/Proofs/Bytecode/StaggerPersistentOutput.lean:113:0: 'Challenge.Ripemd160.Submission.Proofs.Bytecode.StaggerPersistentOutput.gasSteps' depends on axioms: [propext,
 Classical.choice,
 Quot.sound]
ℹ [3310/3719] Replayed Challenge.Ripemd160.Submission.Proofs.Bytecode.ClosedEndianTrunc
info: Challenge/Ripemd160/Submission/Proofs/Bytecode/ClosedEndianTrunc.lean:183:0: 'Challenge.Ripemd160.Submission.Proofs.Bytecode.ClosedEndianTrunc.land_mask8Low' depends on axioms: [propext,
 Classical.choice,
 Quot.sound]
info: Challenge/Ripemd160/Submission/Proofs/Bytecode/ClosedEndianTrunc.lean:184:0: 'Challenge.Ripemd160.Submission.Proofs.Bytecode.ClosedEndianTrunc.packedHash_lt' depends on axioms: [propext,
 Classical.choice,
 Quot.sound]
info: Challenge/Ripemd160/Submission/Proofs/Bytecode/ClosedEndianTrunc.lean:185:0: 'Challenge.Ripemd160.Submission.Proofs.Bytecode.ClosedEndianTrunc.run_endian' depends on axioms: [propext,
 Classical.choice,
 Quot.sound]
info: Challenge/Ripemd160/Submission/Proofs/Bytecode/ClosedEndianTrunc.lean:186:0: 'Challenge.Ripemd160.Submission.Proofs.Bytecode.ClosedEndianTrunc.advances' depends on axioms: [propext, Quot.sound]
info: Challenge/Ripemd160/Submission/Proofs/Bytecode/ClosedEndianTrunc.lean:187:0: 'Challenge.Ripemd160.Submission.Proofs.Bytecode.ClosedEndianTrunc.run_located' depends on axioms: [propext,
 Classical.choice,
 Quot.sound]
info: Challenge/Ripemd160/Submission/Proofs/Bytecode/ClosedEndianTrunc.lean:188:0: 'Challenge.Ripemd160.Submission.Proofs.Bytecode.ClosedEndianTrunc.gasSteps_endian' depends on axioms: [propext,
 Classical.choice,
 Quot.sound]
ℹ [3311/3719] Replayed Challenge.Ripemd160.Submission.Proofs.Bytecode.ClosedEndianTrunc16
info: Challenge/Ripemd160/Submission/Proofs/Bytecode/ClosedEndianTrunc16.lean:183:0: 'Challenge.Ripemd160.Submission.Proofs.Bytecode.ClosedEndianTrunc16.land_mask16Low' depends on axioms: [propext,
 Classical.choice,
 Quot.sound]
info: Challenge/Ripemd160/Submission/Proofs/Bytecode/ClosedEndianTrunc16.lean:184:0: 'Challenge.Ripemd160.Submission.Proofs.Bytecode.ClosedEndianTrunc16.packedHash_lt' depends on axioms: [propext,
 Classical.choice,
 Quot.sound]
info: Challenge/Ripemd160/Submission/Proofs/Bytecode/ClosedEndianTrunc16.lean:185:0: 'Challenge.Ripemd160.Submission.Proofs.Bytecode.ClosedEndianTrunc16.run_endian' depends on axioms: [propext,
 Classical.choice,
 Quot.sound]
info: Challenge/Ripemd160/Submission/Proofs/Bytecode/ClosedEndianTrunc16.lean:186:0: 'Challenge.Ripemd160.Submission.Proofs.Bytecode.ClosedEndianTrunc16.advances' depends on axioms: [propext, Quot.sound]
info: Challenge/Ripemd160/Submission/Proofs/Bytecode/ClosedEndianTrunc16.lean:187:0: 'Challenge.Ripemd160.Submission.Proofs.Bytecode.ClosedEndianTrunc16.run_located' depends on axioms: [propext,
 Classical.choice,
 Quot.sound]
info: Challenge/Ripemd160/Submission/Proofs/Bytecode/ClosedEndianTrunc16.lean:188:0: 'Challenge.Ripemd160.Submission.Proofs.Bytecode.ClosedEndianTrunc16.gasSteps_endian' depends on axioms: [propext,
 Classical.choice,
 Quot.sound]
ℹ [3312/3719] Replayed Challenge.Ripemd160.Submission.Proofs.Bytecode.FundedOutputEndian
info: Challenge/Ripemd160/Submission/Proofs/Bytecode/FundedOutputEndian.lean:107:0: 'Challenge.Ripemd160.Submission.Proofs.Bytecode.FundedOutputEndian.Stage8.run_endian' depends on axioms: [propext,
 Classical.choice,
 Quot.sound]
info: Challenge/Ripemd160/Submission/Proofs/Bytecode/FundedOutputEndian.lean:108:0: 'Challenge.Ripemd160.Submission.Proofs.Bytecode.FundedOutputEndian.Stage8.advances' depends on axioms: [propext,
 Quot.sound]
info: Challenge/Ripemd160/Submission/Proofs/Bytecode/FundedOutputEndian.lean:109:0: 'Challenge.Ripemd160.Submission.Proofs.Bytecode.FundedOutputEndian.Stage8.run_located' depends on axioms: [propext,
 Classical.choice,
 Quot.sound]
info: Challenge/Ripemd160/Submission/Proofs/Bytecode/FundedOutputEndian.lean:110:0: 'Challenge.Ripemd160.Submission.Proofs.Bytecode.FundedOutputEndian.Stage8.gasSteps_endian' depends on axioms: [propext,
 Classical.choice,
 Quot.sound]
info: Challenge/Ripemd160/Submission/Proofs/Bytecode/FundedOutputEndian.lean:230:0: 'Challenge.Ripemd160.Submission.Proofs.Bytecode.ClosedEndianTrunc16.land_mask16Low' depends on axioms: [propext,
 Classical.choice,
 Quot.sound]
info: Challenge/Ripemd160/Submission/Proofs/Bytecode/FundedOutputEndian.lean:231:0: 'Challenge.Ripemd160.Submission.Proofs.Bytecode.ClosedEndianTrunc16.packedHash_lt' depends on axioms: [propext,
 Classical.choice,
 Quot.sound]
info: Challenge/Ripemd160/Submission/Proofs/Bytecode/FundedOutputEndian.lean:232:0: 'Challenge.Ripemd160.Submission.Proofs.Bytecode.FundedOutputEndian.Stage16.run_endian' depends on axioms: [propext,
 Classical.choice,
 Quot.sound]
info: Challenge/Ripemd160/Submission/Proofs/Bytecode/FundedOutputEndian.lean:233:0: 'Challenge.Ripemd160.Submission.Proofs.Bytecode.FundedOutputEndian.Stage16.advances' depends on axioms: [propext,
 Quot.sound]
info: Challenge/Ripemd160/Submission/Proofs/Bytecode/FundedOutputEndian.lean:234:0: 'Challenge.Ripemd160.Submission.Proofs.Bytecode.FundedOutputEndian.Stage16.run_located' depends on axioms: [propext,
 Classical.choice,
 Quot.sound]
info: Challenge/Ripemd160/Submission/Proofs/Bytecode/FundedOutputEndian.lean:235:0: 'Challenge.Ripemd160.Submission.Proofs.Bytecode.FundedOutputEndian.Stage16.gasSteps_endian' depends on axioms: [propext,
 Classical.choice,
 Quot.sound]
ℹ [3313/3719] Replayed Challenge.Ripemd160.Submission.Proofs.Bytecode.Serialized675316Endian16
info: Challenge/Ripemd160/Submission/Proofs/Bytecode/Serialized675316Endian16.lean:99:0: 'Challenge.Ripemd160.Submission.Proofs.Bytecode.Serialized675316Endian16.run_endian' depends on axioms: [propext,
 Classical.choice,
 Quot.sound]
info: Challenge/Ripemd160/Submission/Proofs/Bytecode/Serialized675316Endian16.lean:100:0: 'Challenge.Ripemd160.Submission.Proofs.Bytecode.Serialized675316Endian16.advances' depends on axioms: [propext,
 Quot.sound]
info: Challenge/Ripemd160/Submission/Proofs/Bytecode/Serialized675316Endian16.lean:101:0: 'Challenge.Ripemd160.Submission.Proofs.Bytecode.Serialized675316Endian16.run_located' depends on axioms: [propext,
 Classical.choice,
 Quot.sound]
info: Challenge/Ripemd160/Submission/Proofs/Bytecode/Serialized675316Endian16.lean:102:0: 'Challenge.Ripemd160.Submission.Proofs.Bytecode.Serialized675316Endian16.gasSteps_endian' depends on axioms: [propext,
 Classical.choice,
 Quot.sound]
ℹ [3314/3719] Replayed Challenge.Ripemd160.Submission.Proofs.Bytecode.Serialized675316Endian8
info: Challenge/Ripemd160/Submission/Proofs/Bytecode/Serialized675316Endian8.lean:117:0: 'Challenge.Ripemd160.Submission.Proofs.Bytecode.Serialized675316Endian8.Stage8.run_endian' depends on axioms: [propext,
 Classical.choice,
 Quot.sound]
info: Challenge/Ripemd160/Submission/Proofs/Bytecode/Serialized675316Endian8.lean:118:0: 'Challenge.Ripemd160.Submission.Proofs.Bytecode.Serialized675316Endian8.Stage8.advances' depends on axioms: [propext,
 Quot.sound]
info: Challenge/Ripemd160/Submission/Proofs/Bytecode/Serialized675316Endian8.lean:119:0: 'Challenge.Ripemd160.Submission.Proofs.Bytecode.Serialized675316Endian8.Stage8.run_located' depends on axioms: [propext,
 Classical.choice,
 Quot.sound]
info: Challenge/Ripemd160/Submission/Proofs/Bytecode/Serialized675316Endian8.lean:120:0: 'Challenge.Ripemd160.Submission.Proofs.Bytecode.Serialized675316Endian8.Stage8.gasSteps_endian' depends on axioms: [propext,
 Classical.choice,
 Quot.sound]
info: Challenge/Ripemd160/Submission/Proofs/Bytecode/Serialized675316Endian8.lean:240:0: 'Challenge.Ripemd160.Submission.Proofs.Bytecode.ClosedEndianTrunc16.land_mask16Low' depends on axioms: [propext,
 Classical.choice,
 Quot.sound]
info: Challenge/Ripemd160/Submission/Proofs/Bytecode/Serialized675316Endian8.lean:241:0: 'Challenge.Ripemd160.Submission.Proofs.Bytecode.ClosedEndianTrunc16.packedHash_lt' depends on axioms: [propext,
 Classical.choice,
 Quot.sound]
info: Challenge/Ripemd160/Submission/Proofs/Bytecode/Serialized675316Endian8.lean:242:0: 'Challenge.Ripemd160.Submission.Proofs.Bytecode.Serialized675316Endian8.Stage16.run_endian' depends on axioms: [propext,
 Classical.choice,
 Quot.sound]
info: Challenge/Ripemd160/Submission/Proofs/Bytecode/Serialized675316Endian8.lean:243:0: 'Challenge.Ripemd160.Submission.Proofs.Bytecode.Serialized675316Endian8.Stage16.advances' depends on axioms: [propext,
 Quot.sound]
info: Challenge/Ripemd160/Submission/Proofs/Bytecode/Serialized675316Endian8.lean:244:0: 'Challenge.Ripemd160.Submission.Proofs.Bytecode.Serialized675316Endian8.Stage16.run_located' depends on axioms: [propext,
 Classical.choice,
 Quot.sound]
info: Challenge/Ripemd160/Submission/Proofs/Bytecode/Serialized675316Endian8.lean:245:0: 'Challenge.Ripemd160.Submission.Proofs.Bytecode.Serialized675316Endian8.Stage16.gasSteps_endian' depends on axioms: [propext,
 Classical.choice,
 Quot.sound]
ℹ [3315/3719] Replayed Challenge.Ripemd160.Submission.Proofs.Bytecode.StaggerPersistentReturn
info: Challenge/Ripemd160/Submission/Proofs/Bytecode/StaggerPersistentReturn.lean:63:0: 'Challenge.Ripemd160.Submission.Proofs.Bytecode.StaggerPersistentReturn.run_template' depends on axioms: [propext,
 Quot.sound]
info: Challenge/Ripemd160/Submission/Proofs/Bytecode/StaggerPersistentReturn.lean:64:0: 'Challenge.Ripemd160.Submission.Proofs.Bytecode.StaggerPersistentReturn.gasSteps_site' depends on axioms: [propext,
 Classical.choice,
 Quot.sound]
info: Challenge/Ripemd160/Submission/Proofs/Bytecode/StaggerPersistentReturn.lean:65:0: 'Challenge.Ripemd160.Submission.Proofs.Bytecode.StaggerPersistentReturn.returned_bytes' depends on axioms: [propext,
 Classical.choice,
 Quot.sound]
ℹ [3316/3719] Replayed Challenge.Ripemd160.Submission.Proofs.Bytecode.ClosedEndianLiteralBounds
info: Challenge/Ripemd160/Submission/Proofs/Bytecode/ClosedEndianLiteralBounds.lean:36:0: 'Challenge.Ripemd160.Submission.Proofs.Bytecode.ClosedEndianLiteralBounds.packedStage8_lt' depends on axioms: [propext,
 Classical.choice,
 Quot.sound]
ℹ [3317/3719] Replayed Challenge.Ripemd160.Submission.Proofs.Bytecode.StaggerPersistentSerialize
info: Challenge/Ripemd160/Submission/Proofs/Bytecode/StaggerPersistentSerialize.lean:92:0: 'Challenge.Ripemd160.Submission.Proofs.Bytecode.StaggerPersistentSerialize.gasSteps' depends on axioms: [propext,
 Classical.choice,
 Quot.sound]
ℹ [3318/3719] Replayed Challenge.Ripemd160.Submission.Proofs.Bytecode.StaggerPersistentSerializeMath
info: Challenge/Ripemd160/Submission/Proofs/Bytecode/StaggerPersistentSerializeMath.lean:66:0: 'Challenge.Ripemd160.Submission.Proofs.Bytecode.StaggerPersistentSerialize.returned_spec_of_hashArray' depends on axioms: [propext,
 Classical.choice,
 Quot.sound]
info: Challenge/Ripemd160/Submission/Proofs/Bytecode/StaggerPersistentSerializeMath.lean:67:0: 'Challenge.Ripemd160.Submission.Proofs.Bytecode.StaggerPersistentSerialize.returned_spec' depends on axioms: [propext,
 Classical.choice,
 Quot.sound]
ℹ [3320/3719] Replayed Challenge.Ripemd160.Submission.Proofs.Bytecode.StaggerPersistentCorrect
info: Challenge/Ripemd160/Submission/Proofs/Bytecode/StaggerPersistentCorrect.lean:124:0: 'Challenge.Ripemd160.Submission.Proofs.Bytecode.StaggerPersistentCorrect.correct_of_blocks' depends on axioms: [propext,
 Classical.choice,
 Quot.sound]
ℹ [3321/3719] Replayed Challenge.Ripemd160.Submission.Proofs.Bytecode.Table80PoolSetup
info: Challenge/Ripemd160/Submission/Proofs/Bytecode/Table80PoolSetup.lean:25:0: 'Challenge.Ripemd160.Submission.Proofs.Bytecode.Table80Setup.run_pool' depends on axioms: [propext, Quot.sound]
ℹ [3322/3719] Replayed Challenge.Ripemd160.Submission.Proofs.Bytecode.Table80StoreSetup
info: Challenge/Ripemd160/Submission/Proofs/Bytecode/Table80StoreSetup.lean:28:0: 'Challenge.Ripemd160.Submission.Proofs.Bytecode.Table80Setup.run_stores' depends on axioms: [propext, Quot.sound]
ℹ [3323/3719] Replayed Challenge.Ripemd160.Submission.Proofs.Bytecode.Table80Schedule
info: Challenge/Ripemd160/Submission/Proofs/Bytecode/Table80Schedule.lean:47:0: 'Challenge.Ripemd160.Submission.Proofs.Bytecode.Table80Setup.run_normal' depends on axioms: [propext,
 Classical.choice,
 Quot.sound]
ℹ [3324/3719] Replayed Challenge.Ripemd160.Submission.Proofs.Bytecode.Table80NoJumpdest
info: Challenge/Ripemd160/Submission/Proofs/Bytecode/Table80NoJumpdest.lean:18:0: 'Challenge.Ripemd160.Submission.Proofs.Bytecode.Table80Setup.run_without_jumpdest' depends on axioms: [propext,
 Quot.sound]
ℹ [3325/3719] Replayed Challenge.Ripemd160.Submission.Proofs.Bytecode.PersistentMaskEndian
info: Challenge/Ripemd160/Submission/Proofs/Bytecode/PersistentMaskEndian.lean:30:0: 'Challenge.Ripemd160.Submission.Proofs.Bytecode.PersistentMaskEndian.run_normal' depends on axioms: [propext,
 Classical.choice,
 Quot.sound]
ℹ [3326/3719] Replayed Challenge.Ripemd160.Submission.Proofs.Bytecode.PadZeroPrefix
info: Challenge/Ripemd160/Submission/Proofs/Bytecode/PadZeroPrefix.lean:60:0: 'Challenge.Ripemd160.Submission.Proofs.Bytecode.PadZeroPrefix.prefix_zero' depends on axioms: [propext,
 Classical.choice,
 Quot.sound]
info: Challenge/Ripemd160/Submission/Proofs/Bytecode/PadZeroPrefix.lean:61:0: 'Challenge.Ripemd160.Submission.Proofs.Bytecode.PadZeroPrefix.write_suffix_eq' depends on axioms: [propext,
 Classical.choice,
 Quot.sound]
ℹ [3327/3719] Replayed Challenge.Ripemd160.Submission.Proofs.Bytecode.PackedPadStore
info: Challenge/Ripemd160/Submission/Proofs/Bytecode/PackedPadStore.lean:79:0: 'Challenge.Ripemd160.Submission.Proofs.Bytecode.PackedPadStore.pack_two_128' depends on axioms: [propext,
 Classical.choice,
 Quot.sound]
info: Challenge/Ripemd160/Submission/Proofs/Bytecode/PackedPadStore.lean:80:0: 'Challenge.Ripemd160.Submission.Proofs.Bytecode.PackedPadStore.after_length_stores' depends on axioms: [propext,
 Classical.choice,
 Quot.sound]
ℹ [3328/3719] Replayed Challenge.Ripemd160.Submission.Proofs.Bytecode.StaggerPadSetup
info: Challenge/Ripemd160/Submission/Proofs/Bytecode/StaggerPadSetup.lean:176:0: 'Challenge.Ripemd160.Submission.Proofs.Bytecode.StaggerPad.run_low' depends on axioms: [propext,
 Classical.choice,
 Quot.sound]
info: Challenge/Ripemd160/Submission/Proofs/Bytecode/StaggerPadSetup.lean:177:0: 'Challenge.Ripemd160.Submission.Proofs.Bytecode.StaggerPad.run_high' depends on axioms: [propext, Quot.sound]
info: Challenge/Ripemd160/Submission/Proofs/Bytecode/StaggerPadSetup.lean:178:0: 'Challenge.Ripemd160.Submission.Proofs.Bytecode.StaggerPad.run_branch_taken' depends on axioms: [propext, Quot.sound]
info: Challenge/Ripemd160/Submission/Proofs/Bytecode/StaggerPadSetup.lean:179:0: 'Challenge.Ripemd160.Submission.Proofs.Bytecode.StaggerPad.highZero_true_iff' depends on axioms: [propext]
info: Challenge/Ripemd160/Submission/Proofs/Bytecode/StaggerPadSetup.lean:180:0: 'Challenge.Ripemd160.Submission.Proofs.Bytecode.StaggerPad.highZero_true_imp' depends on axioms: [propext,
 Classical.choice,
 Quot.sound]
ℹ [3329/3719] Replayed Challenge.Ripemd160.Submission.Proofs.Bytecode.ColdOrdinarySites
info: Challenge/Ripemd160/Submission/Proofs/Bytecode/ColdOrdinarySites.lean:208:0: 'Challenge.Ripemd160.Submission.Proofs.Bytecode.ColdOrdinarySites.gasSteps_normal' depends on axioms: [propext,
 Classical.choice,
 Quot.sound]
info: Challenge/Ripemd160/Submission/Proofs/Bytecode/ColdOrdinarySites.lean:209:0: 'Challenge.Ripemd160.Submission.Proofs.Bytecode.ColdOrdinarySites.gasSteps_low' depends on axioms: [propext,
 Classical.choice,
 Quot.sound]
info: Challenge/Ripemd160/Submission/Proofs/Bytecode/ColdOrdinarySites.lean:210:0: 'Challenge.Ripemd160.Submission.Proofs.Bytecode.ColdOrdinarySites.gasSteps_branch_taken' depends on axioms: [propext,
 Classical.choice,
 Quot.sound]
ℹ [3330/3719] Replayed Challenge.Ripemd160.Submission.Proofs.Bytecode.StaggerPersistentPadPrefix
info: Challenge/Ripemd160/Submission/Proofs/Bytecode/StaggerPersistentPadPrefix.lean:42:0: 'Challenge.Ripemd160.Submission.Proofs.Bytecode.StaggerPersistentPadPrefix.gasSteps_prefix' depends on axioms: [propext,
 Classical.choice,
 Quot.sound]
ℹ [3331/3719] Replayed Challenge.Ripemd160.Submission.Proofs.Bytecode.ColdOrdinaryPrepare
info: Challenge/Ripemd160/Submission/Proofs/Bytecode/ColdOrdinaryPrepare.lean:128:0: 'Challenge.Ripemd160.Submission.Proofs.Bytecode.ColdOrdinaryPrepare.gasSteps_padAll' depends on axioms: [propext,
 Classical.choice,
 Quot.sound]
info: Challenge/Ripemd160/Submission/Proofs/Bytecode/ColdOrdinaryPrepare.lean:129:0: 'Challenge.Ripemd160.Submission.Proofs.Bytecode.ColdOrdinaryPrepare.gasSteps_prepare' depends on axioms: [propext,
 Classical.choice,
 Quot.sound]
ℹ [3332/3719] Replayed Challenge.Ripemd160.Submission.Proofs.Bytecode.StaggerScalarLow54
info: Challenge/Ripemd160/Submission/Proofs/Bytecode/StaggerScalarLow54.lean:86:0: 'Challenge.Ripemd160.Submission.Proofs.Bytecode.StaggerScalarLow54.pack_low54' depends on axioms: [propext, Quot.sound]
info: Challenge/Ripemd160/Submission/Proofs/Bytecode/StaggerScalarLow54.lean:87:0: 'Challenge.Ripemd160.Submission.Proofs.Bytecode.StaggerScalarLow54.clean_low54' depends on axioms: [propext,
 Classical.choice,
 Quot.sound]
info: Challenge/Ripemd160/Submission/Proofs/Bytecode/StaggerScalarLow54.lean:88:0: 'Challenge.Ripemd160.Submission.Proofs.Bytecode.StaggerScalarLow54.project_step' depends on axioms: [propext,
 Classical.choice,
 Quot.sound]
info: Challenge/Ripemd160/Submission/Proofs/Bytecode/StaggerScalarLow54.lean:89:0: 'Challenge.Ripemd160.Submission.Proofs.Bytecode.StaggerScalarLow54.packCrypto_low54' depends on axioms: [propext,
 Quot.sound]
info: Challenge/Ripemd160/Submission/Proofs/Bytecode/StaggerScalarLow54.lean:90:0: 'Challenge.Ripemd160.Submission.Proofs.Bytecode.StaggerScalarLow54.wide_low_eq' depends on axioms: [propext,
 Classical.choice,
 Quot.sound]
info: Challenge/Ripemd160/Submission/Proofs/Bytecode/StaggerScalarLow54.lean:91:0: 'Challenge.Ripemd160.Submission.Proofs.Bytecode.StaggerScalarLow54.low_product_shift_eq' depends on axioms: [propext,
 Quot.sound]
info: Challenge/Ripemd160/Submission/Proofs/Bytecode/StaggerScalarLow54.lean:92:0: 'Challenge.Ripemd160.Submission.Proofs.Bytecode.StaggerScalarLow54.low_rotate' depends on axioms: [propext,
 Classical.choice,
 Quot.sound]
info: Challenge/Ripemd160/Submission/Proofs/Bytecode/StaggerScalarLow54.lean:93:0: 'Challenge.Ripemd160.Submission.Proofs.Bytecode.StaggerScalarLow54.low_word_rotate' depends on axioms: [propext,
 Classical.choice,
 Quot.sound]
ℹ [3333/3719] Replayed Challenge.Ripemd160.Submission.Proofs.Bytecode.StaggerRepresentation
info: Challenge/Ripemd160/Submission/Proofs/Bytecode/StaggerRepresentation.lean:87:0: 'Challenge.Ripemd160.Submission.Proofs.Bytecode.StaggerRepresentation.pair_embed' depends on axioms: [propext,
 Quot.sound]
info: Challenge/Ripemd160/Submission/Proofs/Bytecode/StaggerRepresentation.lean:88:0: 'Challenge.Ripemd160.Submission.Proofs.Bytecode.StaggerRepresentation.left_packCrypto' depends on axioms: [propext,
 Quot.sound]
info: Challenge/Ripemd160/Submission/Proofs/Bytecode/StaggerRepresentation.lean:89:0: 'Challenge.Ripemd160.Submission.Proofs.Bytecode.StaggerRepresentation.clean_step_of_crypto' depends on axioms: [propext,
 Classical.choice,
 Quot.sound]
info: Challenge/Ripemd160/Submission/Proofs/Bytecode/StaggerRepresentation.lean:90:0: 'Challenge.Ripemd160.Submission.Proofs.Bytecode.StaggerRepresentation.initial_eq' depends on axioms: [propext,
 Quot.sound]
ℹ [3334/3719] Replayed Challenge.Ripemd160.Submission.Proofs.Bytecode.StaggerCoreCorrect
info: Challenge/Ripemd160/Submission/Proofs/Bytecode/StaggerCoreCorrect.lean:198:0: 'Challenge.Ripemd160.Submission.Proofs.Bytecode.StaggerCoreCorrect.prologue_crypto' depends on axioms: [propext,
 Classical.choice,
 Quot.sound]
info: Challenge/Ripemd160/Submission/Proofs/Bytecode/StaggerCoreCorrect.lean:199:0: 'Challenge.Ripemd160.Submission.Proofs.Bytecode.StaggerCoreCorrect.paired_crypto' depends on axioms: [propext,
 Classical.choice,
 Quot.sound]
info: Challenge/Ripemd160/Submission/Proofs/Bytecode/StaggerCoreCorrect.lean:200:0: 'Challenge.Ripemd160.Submission.Proofs.Bytecode.StaggerCoreCorrect.epilogue_crypto' depends on axioms: [propext,
 Classical.choice,
 Quot.sound]
info: Challenge/Ripemd160/Submission/Proofs/Bytecode/StaggerCoreCorrect.lean:201:0: 'Challenge.Ripemd160.Submission.Proofs.Bytecode.StaggerCoreCorrect.epilogue_dirtyDE' depends on axioms: [propext,
 Classical.choice,
 Quot.sound]
ℹ [3335/3719] Replayed Challenge.Ripemd160.Submission.Proofs.Bytecode.StaggerFinalMemory
info: Challenge/Ripemd160/Submission/Proofs/Bytecode/StaggerFinalMemory.lean:55:0: 'Challenge.Ripemd160.Submission.Proofs.Bytecode.StaggerFinalMemory.unpackRight_dirtyDE' depends on axioms: [propext,
 Classical.choice,
 Quot.sound]
info: Challenge/Ripemd160/Submission/Proofs/Bytecode/StaggerFinalMemory.lean:57:0: 'Challenge.Ripemd160.Submission.Proofs.Bytecode.StaggerFinalMemory.high32_packWord' depends on axioms: [propext,
 Quot.sound]
info: Challenge/Ripemd160/Submission/Proofs/Bytecode/StaggerFinalMemory.lean:58:0: 'Challenge.Ripemd160.Submission.Proofs.Bytecode.StaggerFinalMemory.unpackRight_packCrypto' depends on axioms: [propext,
 Quot.sound]
info: Challenge/Ripemd160/Submission/Proofs/Bytecode/StaggerFinalMemory.lean:125:0: 'Challenge.Ripemd160.Submission.Proofs.Bytecode.StaggerFinalMemory.tailMemory_eq_storeRaw' depends on axioms: [propext,
 Classical.choice,
 Quot.sound]
info: Challenge/Ripemd160/Submission/Proofs/Bytecode/StaggerFinalMemory.lean:126:0: 'Challenge.Ripemd160.Submission.Proofs.Bytecode.StaggerFinalMemory.addResult_normalized' depends on axioms: [propext,
 Classical.choice,
 Quot.sound]
info: Challenge/Ripemd160/Submission/Proofs/Bytecode/StaggerFinalMemory.lean:127:0: 'Challenge.Ripemd160.Submission.Proofs.Bytecode.StaggerFinalMemory.rawHash_eq_combine' depends on axioms: [propext,
 Classical.choice,
 Quot.sound]
info: Challenge/Ripemd160/Submission/Proofs/Bytecode/StaggerFinalMemory.lean:128:0: 'Challenge.Ripemd160.Submission.Proofs.Bytecode.StaggerFinalMemory.resultMemory_eq_folds' depends on axioms: [propext,
 Classical.choice,
 Quot.sound]
ℹ [3336/3719] Replayed Challenge.Ripemd160.Submission.Proofs.Bytecode.PersistentStaggerFunctional
info: Challenge/Ripemd160/Submission/Proofs/Bytecode/PersistentStaggerFunctional.lean:42:0: 'Challenge.Ripemd160.Submission.Proofs.Bytecode.PersistentStaggerFunctional.result_eq_folds' depends on axioms: [propext,
 Classical.choice,
 Quot.sound]
info: Challenge/Ripemd160/Submission/Proofs/Bytecode/PersistentStaggerFunctional.lean:43:0: 'Challenge.Ripemd160.Submission.Proofs.Bytecode.PersistentStaggerFunctional.result_compressBlock' depends on axioms: [propext,
 Classical.choice,
 Quot.sound]
ℹ [3337/3719] Replayed Challenge.Ripemd160.Submission.Proofs.Bytecode.ScheduledTailRaw
info: Challenge/Ripemd160/Submission/Proofs/Bytecode/ScheduledTailRaw.lean:93:0: 'Challenge.Ripemd160.Submission.Proofs.Bytecode.ScheduledTailRaw.run_chunk0' depends on axioms: [propext, Quot.sound]
info: Challenge/Ripemd160/Submission/Proofs/Bytecode/ScheduledTailRaw.lean:120:0: 'Challenge.Ripemd160.Submission.Proofs.Bytecode.ScheduledTailRaw.run_chunk1' depends on axioms: [propext, Quot.sound]
info: Challenge/Ripemd160/Submission/Proofs/Bytecode/ScheduledTailRaw.lean:146:0: 'Challenge.Ripemd160.Submission.Proofs.Bytecode.ScheduledTailRaw.run_chunk2' depends on axioms: [propext, Quot.sound]
info: Challenge/Ripemd160/Submission/Proofs/Bytecode/ScheduledTailRaw.lean:171:0: 'Challenge.Ripemd160.Submission.Proofs.Bytecode.ScheduledTailRaw.run_chunk3' depends on axioms: [propext, Quot.sound]
info: Challenge/Ripemd160/Submission/Proofs/Bytecode/ScheduledTailRaw.lean:186:0: 'Challenge.Ripemd160.Submission.Proofs.Bytecode.ScheduledTailRaw.run_template' depends on axioms: [propext, Quot.sound]
ℹ [3338/3719] Replayed Challenge.Ripemd160.Submission.Proofs.Bytecode.ScheduledTailFrame
info: Challenge/Ripemd160/Submission/Proofs/Bytecode/ScheduledTailFrame.lean:79:0: 'Challenge.Ripemd160.Submission.Proofs.Bytecode.ScheduledTailFrame.tail_result' depends on axioms: [propext,
 Classical.choice,
 Quot.sound]
info: Challenge/Ripemd160/Submission/Proofs/Bytecode/ScheduledTailFrame.lean:80:0: 'Challenge.Ripemd160.Submission.Proofs.Bytecode.ScheduledTailFrame.run_tail' depends on axioms: [propext,
 Classical.choice,
 Quot.sound]
ℹ [3339/3719] Replayed Challenge.Ripemd160.Submission.Proofs.Bytecode.ScheduledTailBridge
info: Challenge/Ripemd160/Submission/Proofs/Bytecode/ScheduledTailBridge.lean:56:0: 'Challenge.Ripemd160.Submission.Proofs.Bytecode.ScheduledTailBridge.combine_eq' depends on axioms: [propext, Quot.sound]
info: Challenge/Ripemd160/Submission/Proofs/Bytecode/ScheduledTailBridge.lean:57:0: 'Challenge.Ripemd160.Submission.Proofs.Bytecode.ScheduledTailBridge.stack0_current' does not depend on any axioms
info: Challenge/Ripemd160/Submission/Proofs/Bytecode/ScheduledTailBridge.lean:58:0: 'Challenge.Ripemd160.Submission.Proofs.Bytecode.ScheduledTailBridge.combine_current' does not depend on any axioms
info: Challenge/Ripemd160/Submission/Proofs/Bytecode/ScheduledTailBridge.lean:59:0: 'Challenge.Ripemd160.Submission.Proofs.Bytecode.ScheduledTailBridge.run_current' depends on axioms: [propext,
 Classical.choice,
 Quot.sound]
ℹ [3340/3719] Replayed Challenge.Ripemd160.Submission.Proofs.Bytecode.StaggerPersistentTailSite
info: Challenge/Ripemd160/Submission/Proofs/Bytecode/StaggerPersistentTailSite.lean:47:0: 'Challenge.Ripemd160.Submission.Proofs.Bytecode.StaggerPersistentTailSite.gasSteps' depends on axioms: [propext,
 Classical.choice,
 Quot.sound]
ℹ [3341/3719] Replayed Challenge.Ripemd160.Submission.Proofs.Bytecode.StaggerPersistentBootstrapSite
info: Challenge/Ripemd160/Submission/Proofs/Bytecode/StaggerPersistentBootstrapSite.lean:41:0: 'Challenge.Ripemd160.Submission.Proofs.Bytecode.StaggerPersistentBootstrapSite.gasSteps' depends on axioms: [propext,
 Classical.choice,
 Quot.sound]
ℹ [3342/3719] Replayed Challenge.Ripemd160.Submission.Proofs.Bytecode.StaggerRawRight0
info: Challenge/Ripemd160/Submission/Proofs/Bytecode/StaggerRawRight0.lean:98:0: 'Challenge.Ripemd160.Submission.Proofs.Bytecode.StaggerRawRight0.run_actual' depends on axioms: [propext, Quot.sound]
info: Challenge/Ripemd160/Submission/Proofs/Bytecode/StaggerRawRight0.lean:128:0: 'Challenge.Ripemd160.Submission.Proofs.Bytecode.StaggerRawRight0.gasSteps' depends on axioms: [propext,
 Classical.choice,
 Quot.sound]
ℹ [3344/3719] Replayed Challenge.Ripemd160.Submission.Proofs.Bytecode.StaggerCoreRight0
info: Challenge/Ripemd160/Submission/Proofs/Bytecode/StaggerCoreRight0.lean:32:0: 'Challenge.Ripemd160.Submission.Proofs.Bytecode.StaggerCoreRight0.output_eq' depends on axioms: [propext, Quot.sound]
info: Challenge/Ripemd160/Submission/Proofs/Bytecode/StaggerCoreRight0.lean:45:0: 'Challenge.Ripemd160.Submission.Proofs.Bytecode.StaggerCoreRight0.gasSteps' depends on axioms: [propext,
 Classical.choice,
 Quot.sound]
ℹ [3345/3719] Replayed Challenge.Ripemd160.Submission.Proofs.Bytecode.StaggerRawRight1
info: Challenge/Ripemd160/Submission/Proofs/Bytecode/StaggerRawRight1.lean:112:0: 'Challenge.Ripemd160.Submission.Proofs.Bytecode.StaggerRawRight1.run_actual' depends on axioms: [propext, Quot.sound]
info: Challenge/Ripemd160/Submission/Proofs/Bytecode/StaggerRawRight1.lean:142:0: 'Challenge.Ripemd160.Submission.Proofs.Bytecode.StaggerRawRight1.gasSteps' depends on axioms: [propext,
 Classical.choice,
 Quot.sound]
ℹ [3346/3719] Replayed Challenge.Ripemd160.Submission.Proofs.Bytecode.StaggerCoreRight1
info: Challenge/Ripemd160/Submission/Proofs/Bytecode/StaggerCoreRight1.lean:32:0: 'Challenge.Ripemd160.Submission.Proofs.Bytecode.StaggerCoreRight1.output_eq' depends on axioms: [propext, Quot.sound]
info: Challenge/Ripemd160/Submission/Proofs/Bytecode/StaggerCoreRight1.lean:43:0: 'Challenge.Ripemd160.Submission.Proofs.Bytecode.StaggerCoreRight1.gasSteps' depends on axioms: [propext,
 Classical.choice,
 Quot.sound]
ℹ [3347/3719] Replayed Challenge.Ripemd160.Submission.Proofs.Bytecode.StaggerPersistentCoreRight
info: Challenge/Ripemd160/Submission/Proofs/Bytecode/StaggerPersistentCoreRight.lean:27:0: 'Challenge.Ripemd160.Submission.Proofs.Bytecode.StaggerPersistentCoreRight.gasSteps' depends on axioms: [propext,
 Classical.choice,
 Quot.sound]
ℹ [3348/3719] Replayed Challenge.Ripemd160.Submission.Proofs.Bytecode.StaggerPersistentBootstrapEntry
info: Challenge/Ripemd160/Submission/Proofs/Bytecode/StaggerPersistentBootstrapEntry.lean:68:0: 'Challenge.Ripemd160.Submission.Proofs.Bytecode.StaggerPersistentBootstrapBridge.initial_eq' depends on axioms: [propext,
 Quot.sound]
info: Challenge/Ripemd160/Submission/Proofs/Bytecode/StaggerPersistentBootstrapEntry.lean:69:0: 'Challenge.Ripemd160.Submission.Proofs.Bytecode.StaggerPersistentBootstrapBridge.output_eq' depends on axioms: [propext,
 Quot.sound]
info: Challenge/Ripemd160/Submission/Proofs/Bytecode/StaggerPersistentBootstrapEntry.lean:70:0: 'Challenge.Ripemd160.Submission.Proofs.Bytecode.StaggerPersistentBootstrapBridge.gasSteps' depends on axioms: [propext,
 Classical.choice,
 Quot.sound]
ℹ [3349/3719] Replayed Challenge.Ripemd160.Submission.Proofs.Bytecode.JointRightPackRaw
info: Challenge/Ripemd160/Submission/Proofs/Bytecode/JointRightPackRaw.lean:167:0: 'Challenge.Ripemd160.Submission.Proofs.Bytecode.JointRightPackRaw.run_actual' depends on axioms: [propext, Quot.sound]
ℹ [3350/3719] Replayed Challenge.Ripemd160.Submission.Proofs.Bytecode.JointRightPackModel
info: Challenge/Ripemd160/Submission/Proofs/Bytecode/JointRightPackModel.lean:55:0: 'Challenge.Ripemd160.Submission.Proofs.Bytecode.JointRightPackModel.input_eq' depends on axioms: [propext, Quot.sound]
info: Challenge/Ripemd160/Submission/Proofs/Bytecode/JointRightPackModel.lean:56:0: 'Challenge.Ripemd160.Submission.Proofs.Bytecode.JointRightPackModel.output_eq' depends on axioms: [propext, Quot.sound]
ℹ [3351/3719] Replayed Challenge.Ripemd160.Submission.Proofs.Bytecode.StaggerRawPaired0Raw
info: Challenge/Ripemd160/Submission/Proofs/Bytecode/StaggerRawPaired0Raw.lean:139:0: 'Challenge.Ripemd160.Submission.Proofs.Bytecode.StaggerRawPaired0.run_actual' depends on axioms: [propext, Quot.sound]
ℹ [3352/3719] Replayed Challenge.Ripemd160.Submission.Proofs.Bytecode.StaggerRawPaired0
info: Challenge/Ripemd160/Submission/Proofs/Bytecode/StaggerRawPaired0.lean:40:0: 'Challenge.Ripemd160.Submission.Proofs.Bytecode.StaggerRawPaired0.gasSteps' depends on axioms: [propext,
 Classical.choice,
 Quot.sound]
ℹ [3353/3719] Replayed Challenge.Ripemd160.Submission.Proofs.Bytecode.StaggerCorePaired0
info: Challenge/Ripemd160/Submission/Proofs/Bytecode/StaggerCorePaired0.lean:41:0: 'Challenge.Ripemd160.Submission.Proofs.Bytecode.StaggerCorePaired0.output_eq' depends on axioms: [propext, Quot.sound]
info: Challenge/Ripemd160/Submission/Proofs/Bytecode/StaggerCorePaired0.lean:56:0: 'Challenge.Ripemd160.Submission.Proofs.Bytecode.StaggerCorePaired0.gasSteps' depends on axioms: [propext,
 Classical.choice,
 Quot.sound]
ℹ [3355/3719] Replayed Challenge.Ripemd160.Submission.Proofs.Bytecode.StaggerRawPaired1Raw
info: Challenge/Ripemd160/Submission/Proofs/Bytecode/StaggerRawPaired1Raw.lean:133:0: 'Challenge.Ripemd160.Submission.Proofs.Bytecode.StaggerRawPaired1.run_actual' depends on axioms: [propext, Quot.sound]
ℹ [3356/3719] Replayed Challenge.Ripemd160.Submission.Proofs.Bytecode.StaggerRawPaired1
info: Challenge/Ripemd160/Submission/Proofs/Bytecode/StaggerRawPaired1.lean:41:0: 'Challenge.Ripemd160.Submission.Proofs.Bytecode.StaggerRawPaired1.gasSteps' depends on axioms: [propext,
 Classical.choice,
 Quot.sound]
ℹ [3357/3719] Replayed Challenge.Ripemd160.Submission.Proofs.Bytecode.StaggerCorePaired1
info: Challenge/Ripemd160/Submission/Proofs/Bytecode/StaggerCorePaired1.lean:41:0: 'Challenge.Ripemd160.Submission.Proofs.Bytecode.StaggerCorePaired1.output_eq' depends on axioms: [propext, Quot.sound]
info: Challenge/Ripemd160/Submission/Proofs/Bytecode/StaggerCorePaired1.lean:56:0: 'Challenge.Ripemd160.Submission.Proofs.Bytecode.StaggerCorePaired1.gasSteps' depends on axioms: [propext,
 Classical.choice,
 Quot.sound]
ℹ [3358/3719] Replayed Challenge.Ripemd160.Submission.Proofs.Bytecode.StaggerRawPaired2Raw
info: Challenge/Ripemd160/Submission/Proofs/Bytecode/StaggerRawPaired2Raw.lean:140:0: 'Challenge.Ripemd160.Submission.Proofs.Bytecode.StaggerRawPaired2.run_actual' depends on axioms: [propext, Quot.sound]
ℹ [3359/3719] Replayed Challenge.Ripemd160.Submission.Proofs.Bytecode.StaggerRawPaired2
info: Challenge/Ripemd160/Submission/Proofs/Bytecode/StaggerRawPaired2.lean:40:0: 'Challenge.Ripemd160.Submission.Proofs.Bytecode.StaggerRawPaired2.gasSteps' depends on axioms: [propext,
 Classical.choice,
 Quot.sound]
ℹ [3360/3719] Replayed Challenge.Ripemd160.Submission.Proofs.Bytecode.StaggerCorePaired2
info: Challenge/Ripemd160/Submission/Proofs/Bytecode/StaggerCorePaired2.lean:41:0: 'Challenge.Ripemd160.Submission.Proofs.Bytecode.StaggerCorePaired2.output_eq' depends on axioms: [propext, Quot.sound]
info: Challenge/Ripemd160/Submission/Proofs/Bytecode/StaggerCorePaired2.lean:56:0: 'Challenge.Ripemd160.Submission.Proofs.Bytecode.StaggerCorePaired2.gasSteps' depends on axioms: [propext,
 Classical.choice,
 Quot.sound]
ℹ [3361/3719] Replayed Challenge.Ripemd160.Submission.Proofs.Bytecode.StaggerRawPaired3Raw
info: Challenge/Ripemd160/Submission/Proofs/Bytecode/StaggerRawPaired3Raw.lean:133:0: 'Challenge.Ripemd160.Submission.Proofs.Bytecode.StaggerRawPaired3.run_actual' depends on axioms: [propext, Quot.sound]
ℹ [3362/3719] Replayed Challenge.Ripemd160.Submission.Proofs.Bytecode.StaggerRawPaired3
info: Challenge/Ripemd160/Submission/Proofs/Bytecode/StaggerRawPaired3.lean:40:0: 'Challenge.Ripemd160.Submission.Proofs.Bytecode.StaggerRawPaired3.gasSteps' depends on axioms: [propext,
 Classical.choice,
 Quot.sound]
ℹ [3363/3719] Replayed Challenge.Ripemd160.Submission.Proofs.Bytecode.StaggerCorePaired3
info: Challenge/Ripemd160/Submission/Proofs/Bytecode/StaggerCorePaired3.lean:41:0: 'Challenge.Ripemd160.Submission.Proofs.Bytecode.StaggerCorePaired3.output_eq' depends on axioms: [propext,
 Classical.choice,
 Quot.sound]
info: Challenge/Ripemd160/Submission/Proofs/Bytecode/StaggerCorePaired3.lean:56:0: 'Challenge.Ripemd160.Submission.Proofs.Bytecode.StaggerCorePaired3.gasSteps' depends on axioms: [propext,
 Classical.choice,
 Quot.sound]
ℹ [3364/3719] Replayed Challenge.Ripemd160.Submission.Proofs.Bytecode.StaggerRawPaired4Raw
info: Challenge/Ripemd160/Submission/Proofs/Bytecode/StaggerRawPaired4Raw.lean:132:0: 'Challenge.Ripemd160.Submission.Proofs.Bytecode.StaggerRawPaired4.run_actual' depends on axioms: [propext, Quot.sound]
ℹ [3365/3719] Replayed Challenge.Ripemd160.Submission.Proofs.Bytecode.StaggerRawPaired4
info: Challenge/Ripemd160/Submission/Proofs/Bytecode/StaggerRawPaired4.lean:40:0: 'Challenge.Ripemd160.Submission.Proofs.Bytecode.StaggerRawPaired4.gasSteps' depends on axioms: [propext,
 Classical.choice,
 Quot.sound]
ℹ [3366/3719] Replayed Challenge.Ripemd160.Submission.Proofs.Bytecode.StaggerCorePaired4
info: Challenge/Ripemd160/Submission/Proofs/Bytecode/StaggerCorePaired4.lean:41:0: 'Challenge.Ripemd160.Submission.Proofs.Bytecode.StaggerCorePaired4.output_eq' depends on axioms: [propext, Quot.sound]
info: Challenge/Ripemd160/Submission/Proofs/Bytecode/StaggerCorePaired4.lean:56:0: 'Challenge.Ripemd160.Submission.Proofs.Bytecode.StaggerCorePaired4.gasSteps' depends on axioms: [propext,
 Classical.choice,
 Quot.sound]
ℹ [3367/3719] Replayed Challenge.Ripemd160.Submission.Proofs.Bytecode.StaggerRawPaired5Raw
info: Challenge/Ripemd160/Submission/Proofs/Bytecode/StaggerRawPaired5Raw.lean:137:0: 'Challenge.Ripemd160.Submission.Proofs.Bytecode.StaggerRawPaired5.run_actual' depends on axioms: [propext, Quot.sound]
ℹ [3368/3719] Replayed Challenge.Ripemd160.Submission.Proofs.Bytecode.StaggerRawPaired5
info: Challenge/Ripemd160/Submission/Proofs/Bytecode/StaggerRawPaired5.lean:41:0: 'Challenge.Ripemd160.Submission.Proofs.Bytecode.StaggerRawPaired5.gasSteps' depends on axioms: [propext,
 Classical.choice,
 Quot.sound]
ℹ [3369/3719] Replayed Challenge.Ripemd160.Submission.Proofs.Bytecode.StaggerCorePaired5
info: Challenge/Ripemd160/Submission/Proofs/Bytecode/StaggerCorePaired5.lean:41:0: 'Challenge.Ripemd160.Submission.Proofs.Bytecode.StaggerCorePaired5.output_eq' depends on axioms: [propext, Quot.sound]
info: Challenge/Ripemd160/Submission/Proofs/Bytecode/StaggerCorePaired5.lean:56:0: 'Challenge.Ripemd160.Submission.Proofs.Bytecode.StaggerCorePaired5.gasSteps' depends on axioms: [propext,
 Classical.choice,
 Quot.sound]
ℹ [3370/3719] Replayed Challenge.Ripemd160.Submission.Proofs.Bytecode.StaggerRawPaired6Raw
info: Challenge/Ripemd160/Submission/Proofs/Bytecode/StaggerRawPaired6Raw.lean:135:0: 'Challenge.Ripemd160.Submission.Proofs.Bytecode.StaggerRawPaired6.run_actual' depends on axioms: [propext, Quot.sound]
ℹ [3371/3719] Replayed Challenge.Ripemd160.Submission.Proofs.Bytecode.StaggerRawPaired6
info: Challenge/Ripemd160/Submission/Proofs/Bytecode/StaggerRawPaired6.lean:40:0: 'Challenge.Ripemd160.Submission.Proofs.Bytecode.StaggerRawPaired6.gasSteps' depends on axioms: [propext,
 Classical.choice,
 Quot.sound]
ℹ [3372/3719] Replayed Challenge.Ripemd160.Submission.Proofs.Bytecode.StaggerCorePaired6
info: Challenge/Ripemd160/Submission/Proofs/Bytecode/StaggerCorePaired6.lean:41:0: 'Challenge.Ripemd160.Submission.Proofs.Bytecode.StaggerCorePaired6.output_eq' depends on axioms: [propext, Quot.sound]
info: Challenge/Ripemd160/Submission/Proofs/Bytecode/StaggerCorePaired6.lean:56:0: 'Challenge.Ripemd160.Submission.Proofs.Bytecode.StaggerCorePaired6.gasSteps' depends on axioms: [propext,
 Classical.choice,
 Quot.sound]
ℹ [3373/3719] Replayed Challenge.Ripemd160.Submission.Proofs.Bytecode.StaggerRawPaired7Raw
info: Challenge/Ripemd160/Submission/Proofs/Bytecode/StaggerRawPaired7Raw.lean:137:0: 'Challenge.Ripemd160.Submission.Proofs.Bytecode.StaggerRawPaired7.run_actual' depends on axioms: [propext, Quot.sound]
ℹ [3374/3719] Replayed Challenge.Ripemd160.Submission.Proofs.Bytecode.StaggerRawPaired7
info: Challenge/Ripemd160/Submission/Proofs/Bytecode/StaggerRawPaired7.lean:41:0: 'Challenge.Ripemd160.Submission.Proofs.Bytecode.StaggerRawPaired7.gasSteps' depends on axioms: [propext,
 Classical.choice,
 Quot.sound]
ℹ [3375/3719] Replayed Challenge.Ripemd160.Submission.Proofs.Bytecode.StaggerCorePaired7
info: Challenge/Ripemd160/Submission/Proofs/Bytecode/StaggerCorePaired7.lean:41:0: 'Challenge.Ripemd160.Submission.Proofs.Bytecode.StaggerCorePaired7.output_eq' depends on axioms: [propext, Quot.sound]
info: Challenge/Ripemd160/Submission/Proofs/Bytecode/StaggerCorePaired7.lean:56:0: 'Challenge.Ripemd160.Submission.Proofs.Bytecode.StaggerCorePaired7.gasSteps' depends on axioms: [propext,
 Classical.choice,
 Quot.sound]
ℹ [3376/3719] Replayed Challenge.Ripemd160.Submission.Proofs.Bytecode.StaggerRawPaired8Raw
info: Challenge/Ripemd160/Submission/Proofs/Bytecode/StaggerRawPaired8Raw.lean:138:0: 'Challenge.Ripemd160.Submission.Proofs.Bytecode.StaggerRawPaired8.run_actual' depends on axioms: [propext, Quot.sound]
ℹ [3377/3719] Replayed Challenge.Ripemd160.Submission.Proofs.Bytecode.StaggerRawPaired8
info: Challenge/Ripemd160/Submission/Proofs/Bytecode/StaggerRawPaired8.lean:40:0: 'Challenge.Ripemd160.Submission.Proofs.Bytecode.StaggerRawPaired8.gasSteps' depends on axioms: [propext,
 Classical.choice,
 Quot.sound]
ℹ [3378/3719] Replayed Challenge.Ripemd160.Submission.Proofs.Bytecode.StaggerCorePaired8
info: Challenge/Ripemd160/Submission/Proofs/Bytecode/StaggerCorePaired8.lean:41:0: 'Challenge.Ripemd160.Submission.Proofs.Bytecode.StaggerCorePaired8.output_eq' depends on axioms: [propext, Quot.sound]
info: Challenge/Ripemd160/Submission/Proofs/Bytecode/StaggerCorePaired8.lean:56:0: 'Challenge.Ripemd160.Submission.Proofs.Bytecode.StaggerCorePaired8.gasSteps' depends on axioms: [propext,
 Classical.choice,
 Quot.sound]
ℹ [3379/3719] Replayed Challenge.Ripemd160.Submission.Proofs.Bytecode.StaggerRawPaired9Raw
info: Challenge/Ripemd160/Submission/Proofs/Bytecode/StaggerRawPaired9Raw.lean:127:0: 'Challenge.Ripemd160.Submission.Proofs.Bytecode.StaggerRawPaired9.run_actual' depends on axioms: [propext, Quot.sound]
ℹ [3380/3719] Replayed Challenge.Ripemd160.Submission.Proofs.Bytecode.StaggerRawPaired9
info: Challenge/Ripemd160/Submission/Proofs/Bytecode/StaggerRawPaired9.lean:40:0: 'Challenge.Ripemd160.Submission.Proofs.Bytecode.StaggerRawPaired9.gasSteps' depends on axioms: [propext,
 Classical.choice,
 Quot.sound]
ℹ [3381/3719] Replayed Challenge.Ripemd160.Submission.Proofs.Bytecode.StaggerCorePaired9
info: Challenge/Ripemd160/Submission/Proofs/Bytecode/StaggerCorePaired9.lean:41:0: 'Challenge.Ripemd160.Submission.Proofs.Bytecode.StaggerCorePaired9.output_eq' depends on axioms: [propext, Quot.sound]
info: Challenge/Ripemd160/Submission/Proofs/Bytecode/StaggerCorePaired9.lean:56:0: 'Challenge.Ripemd160.Submission.Proofs.Bytecode.StaggerCorePaired9.gasSteps' depends on axioms: [propext,
 Classical.choice,
 Quot.sound]
ℹ [3382/3719] Replayed Challenge.Ripemd160.Submission.Proofs.Bytecode.StaggerRawPaired10Raw
info: Challenge/Ripemd160/Submission/Proofs/Bytecode/StaggerRawPaired10Raw.lean:138:0: 'Challenge.Ripemd160.Submission.Proofs.Bytecode.StaggerRawPaired10.run_actual' depends on axioms: [propext, Quot.sound]
ℹ [3383/3719] Replayed Challenge.Ripemd160.Submission.Proofs.Bytecode.StaggerRawPaired10
info: Challenge/Ripemd160/Submission/Proofs/Bytecode/StaggerRawPaired10.lean:40:0: 'Challenge.Ripemd160.Submission.Proofs.Bytecode.StaggerRawPaired10.gasSteps' depends on axioms: [propext,
 Classical.choice,
 Quot.sound]
ℹ [3384/3719] Replayed Challenge.Ripemd160.Submission.Proofs.Bytecode.StaggerCorePaired10
info: Challenge/Ripemd160/Submission/Proofs/Bytecode/StaggerCorePaired10.lean:41:0: 'Challenge.Ripemd160.Submission.Proofs.Bytecode.StaggerCorePaired10.output_eq' depends on axioms: [propext, Quot.sound]
info: Challenge/Ripemd160/Submission/Proofs/Bytecode/StaggerCorePaired10.lean:56:0: 'Challenge.Ripemd160.Submission.Proofs.Bytecode.StaggerCorePaired10.gasSteps' depends on axioms: [propext,
 Classical.choice,
 Quot.sound]
ℹ [3385/3719] Replayed Challenge.Ripemd160.Submission.Proofs.Bytecode.StaggerRawPaired11Raw
info: Challenge/Ripemd160/Submission/Proofs/Bytecode/StaggerRawPaired11Raw.lean:133:0: 'Challenge.Ripemd160.Submission.Proofs.Bytecode.StaggerRawPaired11.run_actual' depends on axioms: [propext, Quot.sound]
ℹ [3386/3719] Replayed Challenge.Ripemd160.Submission.Proofs.Bytecode.StaggerRawPaired11
info: Challenge/Ripemd160/Submission/Proofs/Bytecode/StaggerRawPaired11.lean:40:0: 'Challenge.Ripemd160.Submission.Proofs.Bytecode.StaggerRawPaired11.gasSteps' depends on axioms: [propext,
 Classical.choice,
 Quot.sound]
ℹ [3387/3719] Replayed Challenge.Ripemd160.Submission.Proofs.Bytecode.StaggerCorePaired11
info: Challenge/Ripemd160/Submission/Proofs/Bytecode/StaggerCorePaired11.lean:41:0: 'Challenge.Ripemd160.Submission.Proofs.Bytecode.StaggerCorePaired11.output_eq' depends on axioms: [propext, Quot.sound]
info: Challenge/Ripemd160/Submission/Proofs/Bytecode/StaggerCorePaired11.lean:56:0: 'Challenge.Ripemd160.Submission.Proofs.Bytecode.StaggerCorePaired11.gasSteps' depends on axioms: [propext,
 Classical.choice,
 Quot.sound]
ℹ [3388/3719] Replayed Challenge.Ripemd160.Submission.Proofs.Bytecode.StaggerRawPaired12Raw
info: Challenge/Ripemd160/Submission/Proofs/Bytecode/StaggerRawPaired12Raw.lean:131:0: 'Challenge.Ripemd160.Submission.Proofs.Bytecode.StaggerRawPaired12.run_actual' depends on axioms: [propext, Quot.sound]
ℹ [3389/3719] Replayed Challenge.Ripemd160.Submission.Proofs.Bytecode.StaggerRawPaired12
info: Challenge/Ripemd160/Submission/Proofs/Bytecode/StaggerRawPaired12.lean:40:0: 'Challenge.Ripemd160.Submission.Proofs.Bytecode.StaggerRawPaired12.gasSteps' depends on axioms: [propext,
 Classical.choice,
 Quot.sound]
ℹ [3390/3719] Replayed Challenge.Ripemd160.Submission.Proofs.Bytecode.StaggerCorePaired12
info: Challenge/Ripemd160/Submission/Proofs/Bytecode/StaggerCorePaired12.lean:41:0: 'Challenge.Ripemd160.Submission.Proofs.Bytecode.StaggerCorePaired12.output_eq' depends on axioms: [propext, Quot.sound]
info: Challenge/Ripemd160/Submission/Proofs/Bytecode/StaggerCorePaired12.lean:56:0: 'Challenge.Ripemd160.Submission.Proofs.Bytecode.StaggerCorePaired12.gasSteps' depends on axioms: [propext,
 Classical.choice,
 Quot.sound]
ℹ [3391/3719] Replayed Challenge.Ripemd160.Submission.Proofs.Bytecode.StaggerRawPaired13Raw
info: Challenge/Ripemd160/Submission/Proofs/Bytecode/StaggerRawPaired13Raw.lean:135:0: 'Challenge.Ripemd160.Submission.Proofs.Bytecode.StaggerRawPaired13.run_actual' depends on axioms: [propext, Quot.sound]
ℹ [3392/3719] Replayed Challenge.Ripemd160.Submission.Proofs.Bytecode.StaggerRawPaired13
info: Challenge/Ripemd160/Submission/Proofs/Bytecode/StaggerRawPaired13.lean:40:0: 'Challenge.Ripemd160.Submission.Proofs.Bytecode.StaggerRawPaired13.gasSteps' depends on axioms: [propext,
 Classical.choice,
 Quot.sound]
ℹ [3393/3719] Replayed Challenge.Ripemd160.Submission.Proofs.Bytecode.StaggerCorePaired13
info: Challenge/Ripemd160/Submission/Proofs/Bytecode/StaggerCorePaired13.lean:44:0: 'Challenge.Ripemd160.Submission.Proofs.Bytecode.StaggerCorePaired13.output_eq' depends on axioms: [propext,
 Classical.choice,
 Quot.sound]
info: Challenge/Ripemd160/Submission/Proofs/Bytecode/StaggerCorePaired13.lean:59:0: 'Challenge.Ripemd160.Submission.Proofs.Bytecode.StaggerCorePaired13.gasSteps' depends on axioms: [propext,
 Classical.choice,
 Quot.sound]
ℹ [3394/3719] Replayed Challenge.Ripemd160.Submission.Proofs.Bytecode.StaggerRawPaired14Raw
info: Challenge/Ripemd160/Submission/Proofs/Bytecode/StaggerRawPaired14Raw.lean:142:0: 'Challenge.Ripemd160.Submission.Proofs.Bytecode.StaggerRawPaired14.run_actual' depends on axioms: [propext, Quot.sound]
ℹ [3395/3719] Replayed Challenge.Ripemd160.Submission.Proofs.Bytecode.StaggerRawPaired14
info: Challenge/Ripemd160/Submission/Proofs/Bytecode/StaggerRawPaired14.lean:40:0: 'Challenge.Ripemd160.Submission.Proofs.Bytecode.StaggerRawPaired14.gasSteps' depends on axioms: [propext,
 Classical.choice,
 Quot.sound]
ℹ [3396/3719] Replayed Challenge.Ripemd160.Submission.Proofs.Bytecode.StaggerCorePaired14
info: Challenge/Ripemd160/Submission/Proofs/Bytecode/StaggerCorePaired14.lean:41:0: 'Challenge.Ripemd160.Submission.Proofs.Bytecode.StaggerCorePaired14.output_eq' depends on axioms: [propext,
 Classical.choice,
 Quot.sound]
info: Challenge/Ripemd160/Submission/Proofs/Bytecode/StaggerCorePaired14.lean:56:0: 'Challenge.Ripemd160.Submission.Proofs.Bytecode.StaggerCorePaired14.gasSteps' depends on axioms: [propext,
 Classical.choice,
 Quot.sound]
ℹ [3397/3719] Replayed Challenge.Ripemd160.Submission.Proofs.Bytecode.StaggerRawPaired15Raw
info: Challenge/Ripemd160/Submission/Proofs/Bytecode/StaggerRawPaired15Raw.lean:138:0: 'Challenge.Ripemd160.Submission.Proofs.Bytecode.StaggerRawPaired15.run_actual' depends on axioms: [propext, Quot.sound]
ℹ [3398/3719] Replayed Challenge.Ripemd160.Submission.Proofs.Bytecode.StaggerRawPaired15
info: Challenge/Ripemd160/Submission/Proofs/Bytecode/StaggerRawPaired15.lean:40:0: 'Challenge.Ripemd160.Submission.Proofs.Bytecode.StaggerRawPaired15.gasSteps' depends on axioms: [propext,
 Classical.choice,
 Quot.sound]
ℹ [3399/3719] Replayed Challenge.Ripemd160.Submission.Proofs.Bytecode.StaggerCorePaired15
info: Challenge/Ripemd160/Submission/Proofs/Bytecode/StaggerCorePaired15.lean:41:0: 'Challenge.Ripemd160.Submission.Proofs.Bytecode.StaggerCorePaired15.output_eq' depends on axioms: [propext,
 Classical.choice,
 Quot.sound]
info: Challenge/Ripemd160/Submission/Proofs/Bytecode/StaggerCorePaired15.lean:56:0: 'Challenge.Ripemd160.Submission.Proofs.Bytecode.StaggerCorePaired15.gasSteps' depends on axioms: [propext,
 Classical.choice,
 Quot.sound]
ℹ [3400/3719] Replayed Challenge.Ripemd160.Submission.Proofs.Bytecode.StaggerRawPaired16Raw
info: Challenge/Ripemd160/Submission/Proofs/Bytecode/StaggerRawPaired16Raw.lean:140:0: 'Challenge.Ripemd160.Submission.Proofs.Bytecode.StaggerRawPaired16.run_actual' depends on axioms: [propext, Quot.sound]
ℹ [3401/3719] Replayed Challenge.Ripemd160.Submission.Proofs.Bytecode.StaggerRawPaired16
info: Challenge/Ripemd160/Submission/Proofs/Bytecode/StaggerRawPaired16.lean:40:0: 'Challenge.Ripemd160.Submission.Proofs.Bytecode.StaggerRawPaired16.gasSteps' depends on axioms: [propext,
 Classical.choice,
 Quot.sound]
ℹ [3402/3719] Replayed Challenge.Ripemd160.Submission.Proofs.Bytecode.StaggerCorePaired16
info: Challenge/Ripemd160/Submission/Proofs/Bytecode/StaggerCorePaired16.lean:43:0: 'Challenge.Ripemd160.Submission.Proofs.Bytecode.StaggerCorePaired16.output_eq' depends on axioms: [propext, Quot.sound]
info: Challenge/Ripemd160/Submission/Proofs/Bytecode/StaggerCorePaired16.lean:58:0: 'Challenge.Ripemd160.Submission.Proofs.Bytecode.StaggerCorePaired16.gasSteps' depends on axioms: [propext,
 Classical.choice,
 Quot.sound]
ℹ [3403/3719] Replayed Challenge.Ripemd160.Submission.Proofs.Bytecode.StaggerRawPaired17Raw
info: Challenge/Ripemd160/Submission/Proofs/Bytecode/StaggerRawPaired17Raw.lean:139:0: 'Challenge.Ripemd160.Submission.Proofs.Bytecode.StaggerRawPaired17.run_actual' depends on axioms: [propext, Quot.sound]
ℹ [3404/3719] Replayed Challenge.Ripemd160.Submission.Proofs.Bytecode.StaggerRawPaired17
info: Challenge/Ripemd160/Submission/Proofs/Bytecode/StaggerRawPaired17.lean:40:0: 'Challenge.Ripemd160.Submission.Proofs.Bytecode.StaggerRawPaired17.gasSteps' depends on axioms: [propext,
 Classical.choice,
 Quot.sound]
ℹ [3405/3719] Replayed Challenge.Ripemd160.Submission.Proofs.Bytecode.StaggerCorePaired17
info: Challenge/Ripemd160/Submission/Proofs/Bytecode/StaggerCorePaired17.lean:41:0: 'Challenge.Ripemd160.Submission.Proofs.Bytecode.StaggerCorePaired17.output_eq' depends on axioms: [propext,
 Classical.choice,
 Quot.sound]
info: Challenge/Ripemd160/Submission/Proofs/Bytecode/StaggerCorePaired17.lean:56:0: 'Challenge.Ripemd160.Submission.Proofs.Bytecode.StaggerCorePaired17.gasSteps' depends on axioms: [propext,
 Classical.choice,
 Quot.sound]
ℹ [3406/3719] Replayed Challenge.Ripemd160.Submission.Proofs.Bytecode.StaggerRawPaired18Raw
info: Challenge/Ripemd160/Submission/Proofs/Bytecode/StaggerRawPaired18Raw.lean:138:0: 'Challenge.Ripemd160.Submission.Proofs.Bytecode.StaggerRawPaired18.run_actual' depends on axioms: [propext, Quot.sound]
ℹ [3407/3719] Replayed Challenge.Ripemd160.Submission.Proofs.Bytecode.StaggerRawPaired18
info: Challenge/Ripemd160/Submission/Proofs/Bytecode/StaggerRawPaired18.lean:40:0: 'Challenge.Ripemd160.Submission.Proofs.Bytecode.StaggerRawPaired18.gasSteps' depends on axioms: [propext,
 Classical.choice,
 Quot.sound]
ℹ [3408/3719] Replayed Challenge.Ripemd160.Submission.Proofs.Bytecode.StaggerCorePaired18
info: Challenge/Ripemd160/Submission/Proofs/Bytecode/StaggerCorePaired18.lean:41:0: 'Challenge.Ripemd160.Submission.Proofs.Bytecode.StaggerCorePaired18.output_eq' depends on axioms: [propext, Quot.sound]
info: Challenge/Ripemd160/Submission/Proofs/Bytecode/StaggerCorePaired18.lean:56:0: 'Challenge.Ripemd160.Submission.Proofs.Bytecode.StaggerCorePaired18.gasSteps' depends on axioms: [propext,
 Classical.choice,
 Quot.sound]
ℹ [3409/3719] Replayed Challenge.Ripemd160.Submission.Proofs.Bytecode.PackedMultiplierRescale
info: Challenge/Ripemd160/Submission/Proofs/Bytecode/PackedMultiplierRescale.lean:86:0: 'Challenge.Ripemd160.Submission.Proofs.Bytecode.PackedMultiplierRescale.at_shift23' depends on axioms: [propext,
 Quot.sound]
info: Challenge/Ripemd160/Submission/Proofs/Bytecode/PackedMultiplierRescale.lean:98:0: 'Challenge.Ripemd160.Submission.Proofs.Bytecode.PackedMultiplierRescale.at_shift25' depends on axioms: [propext,
 Quot.sound]
info: Challenge/Ripemd160/Submission/Proofs/Bytecode/PackedMultiplierRescale.lean:110:0: 'Challenge.Ripemd160.Submission.Proofs.Bytecode.PackedMultiplierRescale.at_shift24' depends on axioms: [propext,
 Quot.sound]
info: Challenge/Ripemd160/Submission/Proofs/Bytecode/PackedMultiplierRescale.lean:122:0: 'Challenge.Ripemd160.Submission.Proofs.Bytecode.PackedMultiplierRescale.at_shift27' depends on axioms: [propext,
 Quot.sound]
info: Challenge/Ripemd160/Submission/Proofs/Bytecode/PackedMultiplierRescale.lean:134:0: 'Challenge.Ripemd160.Submission.Proofs.Bytecode.PackedMultiplierRescale.at_shift20' depends on axioms: [propext,
 Quot.sound]
info: Challenge/Ripemd160/Submission/Proofs/Bytecode/PackedMultiplierRescale.lean:136:0: 'Challenge.Ripemd160.Submission.Proofs.Bytecode.PackedMultiplierRescale.masked_eq_of_low_eq' depends on axioms: [propext,
 Quot.sound]
info: Challenge/Ripemd160/Submission/Proofs/Bytecode/PackedMultiplierRescale.lean:137:0: 'Challenge.Ripemd160.Submission.Proofs.Bytecode.PackedMultiplierRescale.low_shift_cancel' depends on axioms: [propext,
 Quot.sound]
info: Challenge/Ripemd160/Submission/Proofs/Bytecode/PackedMultiplierRescale.lean:138:0: 'Challenge.Ripemd160.Submission.Proofs.Bytecode.PackedMultiplierRescale.bitvec_rescale' depends on axioms: [propext,
 Quot.sound]
info: Challenge/Ripemd160/Submission/Proofs/Bytecode/PackedMultiplierRescale.lean:139:0: 'Challenge.Ripemd160.Submission.Proofs.Bytecode.PackedMultiplierRescale.rescale' depends on axioms: [propext,
 Quot.sound]
ℹ [3410/3719] Replayed Challenge.Ripemd160.Submission.Proofs.Bytecode.StaggerRawPaired19Raw
info: Challenge/Ripemd160/Submission/Proofs/Bytecode/StaggerRawPaired19Raw.lean:133:0: 'Challenge.Ripemd160.Submission.Proofs.Bytecode.StaggerRawPaired19.run_actual' depends on axioms: [propext, Quot.sound]
ℹ [3411/3719] Replayed Challenge.Ripemd160.Submission.Proofs.Bytecode.StaggerRawPaired19
info: Challenge/Ripemd160/Submission/Proofs/Bytecode/StaggerRawPaired19.lean:40:0: 'Challenge.Ripemd160.Submission.Proofs.Bytecode.StaggerRawPaired19.gasSteps' depends on axioms: [propext,
 Classical.choice,
 Quot.sound]
ℹ [3412/3719] Replayed Challenge.Ripemd160.Submission.Proofs.Bytecode.StaggerCorePaired19
info: Challenge/Ripemd160/Submission/Proofs/Bytecode/StaggerCorePaired19.lean:46:0: 'Challenge.Ripemd160.Submission.Proofs.Bytecode.StaggerCorePaired19.output_eq' depends on axioms: [propext, Quot.sound]
info: Challenge/Ripemd160/Submission/Proofs/Bytecode/StaggerCorePaired19.lean:61:0: 'Challenge.Ripemd160.Submission.Proofs.Bytecode.StaggerCorePaired19.gasSteps' depends on axioms: [propext,
 Classical.choice,
 Quot.sound]
ℹ [3413/3719] Replayed Challenge.Ripemd160.Submission.Proofs.Bytecode.StaggerRawPaired20Raw
info: Challenge/Ripemd160/Submission/Proofs/Bytecode/StaggerRawPaired20Raw.lean:141:0: 'Challenge.Ripemd160.Submission.Proofs.Bytecode.StaggerRawPaired20.run_actual' depends on axioms: [propext, Quot.sound]
ℹ [3414/3719] Replayed Challenge.Ripemd160.Submission.Proofs.Bytecode.StaggerRawPaired20
info: Challenge/Ripemd160/Submission/Proofs/Bytecode/StaggerRawPaired20.lean:40:0: 'Challenge.Ripemd160.Submission.Proofs.Bytecode.StaggerRawPaired20.gasSteps' depends on axioms: [propext,
 Classical.choice,
 Quot.sound]
ℹ [3415/3719] Replayed Challenge.Ripemd160.Submission.Proofs.Bytecode.StaggerCorePaired20
info: Challenge/Ripemd160/Submission/Proofs/Bytecode/StaggerCorePaired20.lean:41:0: 'Challenge.Ripemd160.Submission.Proofs.Bytecode.StaggerCorePaired20.output_eq' depends on axioms: [propext, Quot.sound]
info: Challenge/Ripemd160/Submission/Proofs/Bytecode/StaggerCorePaired20.lean:56:0: 'Challenge.Ripemd160.Submission.Proofs.Bytecode.StaggerCorePaired20.gasSteps' depends on axioms: [propext,
 Classical.choice,
 Quot.sound]
ℹ [3416/3719] Replayed Challenge.Ripemd160.Submission.Proofs.Bytecode.StaggerRawPaired21Raw
info: Challenge/Ripemd160/Submission/Proofs/Bytecode/StaggerRawPaired21Raw.lean:135:0: 'Challenge.Ripemd160.Submission.Proofs.Bytecode.StaggerRawPaired21.run_actual' depends on axioms: [propext, Quot.sound]
ℹ [3417/3719] Replayed Challenge.Ripemd160.Submission.Proofs.Bytecode.StaggerRawPaired21
info: Challenge/Ripemd160/Submission/Proofs/Bytecode/StaggerRawPaired21.lean:40:0: 'Challenge.Ripemd160.Submission.Proofs.Bytecode.StaggerRawPaired21.gasSteps' depends on axioms: [propext,
 Classical.choice,
 Quot.sound]
ℹ [3418/3719] Replayed Challenge.Ripemd160.Submission.Proofs.Bytecode.StaggerCorePaired21
info: Challenge/Ripemd160/Submission/Proofs/Bytecode/StaggerCorePaired21.lean:46:0: 'Challenge.Ripemd160.Submission.Proofs.Bytecode.StaggerCorePaired21.output_eq' depends on axioms: [propext, Quot.sound]
info: Challenge/Ripemd160/Submission/Proofs/Bytecode/StaggerCorePaired21.lean:61:0: 'Challenge.Ripemd160.Submission.Proofs.Bytecode.StaggerCorePaired21.gasSteps' depends on axioms: [propext,
 Classical.choice,
 Quot.sound]
ℹ [3419/3719] Replayed Challenge.Ripemd160.Submission.Proofs.Bytecode.StaggerRawPaired22Raw
info: Challenge/Ripemd160/Submission/Proofs/Bytecode/StaggerRawPaired22Raw.lean:140:0: 'Challenge.Ripemd160.Submission.Proofs.Bytecode.StaggerRawPaired22.run_actual' depends on axioms: [propext, Quot.sound]
ℹ [3420/3719] Replayed Challenge.Ripemd160.Submission.Proofs.Bytecode.StaggerRawPaired22
info: Challenge/Ripemd160/Submission/Proofs/Bytecode/StaggerRawPaired22.lean:40:0: 'Challenge.Ripemd160.Submission.Proofs.Bytecode.StaggerRawPaired22.gasSteps' depends on axioms: [propext,
 Classical.choice,
 Quot.sound]
ℹ [3421/3719] Replayed Challenge.Ripemd160.Submission.Proofs.Bytecode.StaggerCorePaired22
info: Challenge/Ripemd160/Submission/Proofs/Bytecode/StaggerCorePaired22.lean:41:0: 'Challenge.Ripemd160.Submission.Proofs.Bytecode.StaggerCorePaired22.output_eq' depends on axioms: [propext, Quot.sound]
info: Challenge/Ripemd160/Submission/Proofs/Bytecode/StaggerCorePaired22.lean:56:0: 'Challenge.Ripemd160.Submission.Proofs.Bytecode.StaggerCorePaired22.gasSteps' depends on axioms: [propext,
 Classical.choice,
 Quot.sound]
ℹ [3422/3719] Replayed Challenge.Ripemd160.Submission.Proofs.Bytecode.StaggerRawPaired23Raw
info: Challenge/Ripemd160/Submission/Proofs/Bytecode/StaggerRawPaired23Raw.lean:132:0: 'Challenge.Ripemd160.Submission.Proofs.Bytecode.StaggerRawPaired23.run_actual' depends on axioms: [propext, Quot.sound]
ℹ [3423/3719] Replayed Challenge.Ripemd160.Submission.Proofs.Bytecode.StaggerRawPaired23
info: Challenge/Ripemd160/Submission/Proofs/Bytecode/StaggerRawPaired23.lean:40:0: 'Challenge.Ripemd160.Submission.Proofs.Bytecode.StaggerRawPaired23.gasSteps' depends on axioms: [propext,
 Classical.choice,
 Quot.sound]
ℹ [3424/3719] Replayed Challenge.Ripemd160.Submission.Proofs.Bytecode.StaggerCorePaired23
info: Challenge/Ripemd160/Submission/Proofs/Bytecode/StaggerCorePaired23.lean:41:0: 'Challenge.Ripemd160.Submission.Proofs.Bytecode.StaggerCorePaired23.output_eq' depends on axioms: [propext, Quot.sound]
info: Challenge/Ripemd160/Submission/Proofs/Bytecode/StaggerCorePaired23.lean:56:0: 'Challenge.Ripemd160.Submission.Proofs.Bytecode.StaggerCorePaired23.gasSteps' depends on axioms: [propext,
 Classical.choice,
 Quot.sound]
ℹ [3425/3719] Replayed Challenge.Ripemd160.Submission.Proofs.Bytecode.StaggerRawPaired24Raw
info: Challenge/Ripemd160/Submission/Proofs/Bytecode/StaggerRawPaired24Raw.lean:141:0: 'Challenge.Ripemd160.Submission.Proofs.Bytecode.StaggerRawPaired24.run_actual' depends on axioms: [propext, Quot.sound]
ℹ [3426/3719] Replayed Challenge.Ripemd160.Submission.Proofs.Bytecode.StaggerRawPaired24
info: Challenge/Ripemd160/Submission/Proofs/Bytecode/StaggerRawPaired24.lean:40:0: 'Challenge.Ripemd160.Submission.Proofs.Bytecode.StaggerRawPaired24.gasSteps' depends on axioms: [propext,
 Classical.choice,
 Quot.sound]
ℹ [3427/3719] Replayed Challenge.Ripemd160.Submission.Proofs.Bytecode.StaggerCorePaired24
info: Challenge/Ripemd160/Submission/Proofs/Bytecode/StaggerCorePaired24.lean:41:0: 'Challenge.Ripemd160.Submission.Proofs.Bytecode.StaggerCorePaired24.output_eq' depends on axioms: [propext, Quot.sound]
info: Challenge/Ripemd160/Submission/Proofs/Bytecode/StaggerCorePaired24.lean:56:0: 'Challenge.Ripemd160.Submission.Proofs.Bytecode.StaggerCorePaired24.gasSteps' depends on axioms: [propext,
 Classical.choice,
 Quot.sound]
ℹ [3428/3719] Replayed Challenge.Ripemd160.Submission.Proofs.Bytecode.StaggerRawPaired25Raw
info: Challenge/Ripemd160/Submission/Proofs/Bytecode/StaggerRawPaired25Raw.lean:136:0: 'Challenge.Ripemd160.Submission.Proofs.Bytecode.StaggerRawPaired25.run_actual' depends on axioms: [propext, Quot.sound]
ℹ [3429/3719] Replayed Challenge.Ripemd160.Submission.Proofs.Bytecode.StaggerRawPaired25
info: Challenge/Ripemd160/Submission/Proofs/Bytecode/StaggerRawPaired25.lean:40:0: 'Challenge.Ripemd160.Submission.Proofs.Bytecode.StaggerRawPaired25.gasSteps' depends on axioms: [propext,
 Classical.choice,
 Quot.sound]
ℹ [3430/3719] Replayed Challenge.Ripemd160.Submission.Proofs.Bytecode.StaggerCorePaired25
info: Challenge/Ripemd160/Submission/Proofs/Bytecode/StaggerCorePaired25.lean:41:0: 'Challenge.Ripemd160.Submission.Proofs.Bytecode.StaggerCorePaired25.output_eq' depends on axioms: [propext, Quot.sound]
info: Challenge/Ripemd160/Submission/Proofs/Bytecode/StaggerCorePaired25.lean:56:0: 'Challenge.Ripemd160.Submission.Proofs.Bytecode.StaggerCorePaired25.gasSteps' depends on axioms: [propext,
 Classical.choice,
 Quot.sound]
ℹ [3431/3719] Replayed Challenge.Ripemd160.Submission.Proofs.Bytecode.StaggerRawPaired26Raw
info: Challenge/Ripemd160/Submission/Proofs/Bytecode/StaggerRawPaired26Raw.lean:135:0: 'Challenge.Ripemd160.Submission.Proofs.Bytecode.StaggerRawPaired26.run_actual' depends on axioms: [propext, Quot.sound]
ℹ [3432/3719] Replayed Challenge.Ripemd160.Submission.Proofs.Bytecode.StaggerRawPaired26
info: Challenge/Ripemd160/Submission/Proofs/Bytecode/StaggerRawPaired26.lean:40:0: 'Challenge.Ripemd160.Submission.Proofs.Bytecode.StaggerRawPaired26.gasSteps' depends on axioms: [propext,
 Classical.choice,
 Quot.sound]
ℹ [3433/3719] Replayed Challenge.Ripemd160.Submission.Proofs.Bytecode.StaggerCorePaired26
info: Challenge/Ripemd160/Submission/Proofs/Bytecode/StaggerCorePaired26.lean:41:0: 'Challenge.Ripemd160.Submission.Proofs.Bytecode.StaggerCorePaired26.output_eq' depends on axioms: [propext, Quot.sound]
info: Challenge/Ripemd160/Submission/Proofs/Bytecode/StaggerCorePaired26.lean:56:0: 'Challenge.Ripemd160.Submission.Proofs.Bytecode.StaggerCorePaired26.gasSteps' depends on axioms: [propext,
 Classical.choice,
 Quot.sound]
ℹ [3434/3719] Replayed Challenge.Ripemd160.Submission.Proofs.Bytecode.StaggerRawPaired27Raw
info: Challenge/Ripemd160/Submission/Proofs/Bytecode/StaggerRawPaired27Raw.lean:142:0: 'Challenge.Ripemd160.Submission.Proofs.Bytecode.StaggerRawPaired27.run_actual' depends on axioms: [propext, Quot.sound]
ℹ [3435/3719] Replayed Challenge.Ripemd160.Submission.Proofs.Bytecode.StaggerRawPaired27
info: Challenge/Ripemd160/Submission/Proofs/Bytecode/StaggerRawPaired27.lean:40:0: 'Challenge.Ripemd160.Submission.Proofs.Bytecode.StaggerRawPaired27.gasSteps' depends on axioms: [propext,
 Classical.choice,
 Quot.sound]
ℹ [3436/3719] Replayed Challenge.Ripemd160.Submission.Proofs.Bytecode.StaggerCorePaired27
info: Challenge/Ripemd160/Submission/Proofs/Bytecode/StaggerCorePaired27.lean:41:0: 'Challenge.Ripemd160.Submission.Proofs.Bytecode.StaggerCorePaired27.output_eq' depends on axioms: [propext,
 Classical.choice,
 Quot.sound]
info: Challenge/Ripemd160/Submission/Proofs/Bytecode/StaggerCorePaired27.lean:56:0: 'Challenge.Ripemd160.Submission.Proofs.Bytecode.StaggerCorePaired27.gasSteps' depends on axioms: [propext,
 Classical.choice,
 Quot.sound]
ℹ [3437/3719] Replayed Challenge.Ripemd160.Submission.Proofs.Bytecode.StaggerRawPaired28Raw
info: Challenge/Ripemd160/Submission/Proofs/Bytecode/StaggerRawPaired28Raw.lean:140:0: 'Challenge.Ripemd160.Submission.Proofs.Bytecode.StaggerRawPaired28.run_actual' depends on axioms: [propext, Quot.sound]
ℹ [3438/3719] Replayed Challenge.Ripemd160.Submission.Proofs.Bytecode.StaggerRawPaired28
info: Challenge/Ripemd160/Submission/Proofs/Bytecode/StaggerRawPaired28.lean:40:0: 'Challenge.Ripemd160.Submission.Proofs.Bytecode.StaggerRawPaired28.gasSteps' depends on axioms: [propext,
 Classical.choice,
 Quot.sound]
ℹ [3439/3719] Replayed Challenge.Ripemd160.Submission.Proofs.Bytecode.StaggerCorePaired28
info: Challenge/Ripemd160/Submission/Proofs/Bytecode/StaggerCorePaired28.lean:41:0: 'Challenge.Ripemd160.Submission.Proofs.Bytecode.StaggerCorePaired28.output_eq' depends on axioms: [propext, Quot.sound]
info: Challenge/Ripemd160/Submission/Proofs/Bytecode/StaggerCorePaired28.lean:56:0: 'Challenge.Ripemd160.Submission.Proofs.Bytecode.StaggerCorePaired28.gasSteps' depends on axioms: [propext,
 Classical.choice,
 Quot.sound]
ℹ [3440/3719] Replayed Challenge.Ripemd160.Submission.Proofs.Bytecode.StaggerRawPaired29Raw
info: Challenge/Ripemd160/Submission/Proofs/Bytecode/StaggerRawPaired29Raw.lean:137:0: 'Challenge.Ripemd160.Submission.Proofs.Bytecode.StaggerRawPaired29.run_actual' depends on axioms: [propext, Quot.sound]
ℹ [3441/3719] Replayed Challenge.Ripemd160.Submission.Proofs.Bytecode.StaggerRawPaired29
info: Challenge/Ripemd160/Submission/Proofs/Bytecode/StaggerRawPaired29.lean:40:0: 'Challenge.Ripemd160.Submission.Proofs.Bytecode.StaggerRawPaired29.gasSteps' depends on axioms: [propext,
 Classical.choice,
 Quot.sound]
ℹ [3442/3719] Replayed Challenge.Ripemd160.Submission.Proofs.Bytecode.StaggerCorePaired29
info: Challenge/Ripemd160/Submission/Proofs/Bytecode/StaggerCorePaired29.lean:42:0: 'Challenge.Ripemd160.Submission.Proofs.Bytecode.StaggerCorePaired29.output_eq' depends on axioms: [propext,
 Classical.choice,
 Quot.sound]
info: Challenge/Ripemd160/Submission/Proofs/Bytecode/StaggerCorePaired29.lean:57:0: 'Challenge.Ripemd160.Submission.Proofs.Bytecode.StaggerCorePaired29.gasSteps' depends on axioms: [propext,
 Classical.choice,
 Quot.sound]
ℹ [3443/3719] Replayed Challenge.Ripemd160.Submission.Proofs.Bytecode.StaggerRawPaired30Raw
info: Challenge/Ripemd160/Submission/Proofs/Bytecode/StaggerRawPaired30Raw.lean:136:0: 'Challenge.Ripemd160.Submission.Proofs.Bytecode.StaggerRawPaired30.run_actual' depends on axioms: [propext, Quot.sound]
ℹ [3444/3719] Replayed Challenge.Ripemd160.Submission.Proofs.Bytecode.StaggerRawPaired30
info: Challenge/Ripemd160/Submission/Proofs/Bytecode/StaggerRawPaired30.lean:40:0: 'Challenge.Ripemd160.Submission.Proofs.Bytecode.StaggerRawPaired30.gasSteps' depends on axioms: [propext,
 Classical.choice,
 Quot.sound]
ℹ [3445/3719] Replayed Challenge.Ripemd160.Submission.Proofs.Bytecode.StaggerCorePaired30
info: Challenge/Ripemd160/Submission/Proofs/Bytecode/StaggerCorePaired30.lean:41:0: 'Challenge.Ripemd160.Submission.Proofs.Bytecode.StaggerCorePaired30.output_eq' depends on axioms: [propext, Quot.sound]
info: Challenge/Ripemd160/Submission/Proofs/Bytecode/StaggerCorePaired30.lean:56:0: 'Challenge.Ripemd160.Submission.Proofs.Bytecode.StaggerCorePaired30.gasSteps' depends on axioms: [propext,
 Classical.choice,
 Quot.sound]
ℹ [3446/3719] Replayed Challenge.Ripemd160.Submission.Proofs.Bytecode.StaggerRawPaired31Raw
info: Challenge/Ripemd160/Submission/Proofs/Bytecode/StaggerRawPaired31Raw.lean:133:0: 'Challenge.Ripemd160.Submission.Proofs.Bytecode.StaggerRawPaired31.run_actual' depends on axioms: [propext, Quot.sound]
ℹ [3447/3719] Replayed Challenge.Ripemd160.Submission.Proofs.Bytecode.StaggerRawPaired31
info: Challenge/Ripemd160/Submission/Proofs/Bytecode/StaggerRawPaired31.lean:40:0: 'Challenge.Ripemd160.Submission.Proofs.Bytecode.StaggerRawPaired31.gasSteps' depends on axioms: [propext,
 Classical.choice,
 Quot.sound]
ℹ [3448/3719] Replayed Challenge.Ripemd160.Submission.Proofs.Bytecode.StaggerCorePaired31
info: Challenge/Ripemd160/Submission/Proofs/Bytecode/StaggerCorePaired31.lean:41:0: 'Challenge.Ripemd160.Submission.Proofs.Bytecode.StaggerCorePaired31.output_eq' depends on axioms: [propext,
 Classical.choice,
 Quot.sound]
info: Challenge/Ripemd160/Submission/Proofs/Bytecode/StaggerCorePaired31.lean:56:0: 'Challenge.Ripemd160.Submission.Proofs.Bytecode.StaggerCorePaired31.gasSteps' depends on axioms: [propext,
 Classical.choice,
 Quot.sound]
ℹ [3449/3719] Replayed Challenge.Ripemd160.Submission.Proofs.Bytecode.StaggerRawPaired32Raw
info: Challenge/Ripemd160/Submission/Proofs/Bytecode/StaggerRawPaired32Raw.lean:136:0: 'Challenge.Ripemd160.Submission.Proofs.Bytecode.StaggerRawPaired32.run_actual' depends on axioms: [propext, Quot.sound]
ℹ [3450/3719] Replayed Challenge.Ripemd160.Submission.Proofs.Bytecode.StaggerRawPaired32
info: Challenge/Ripemd160/Submission/Proofs/Bytecode/StaggerRawPaired32.lean:40:0: 'Challenge.Ripemd160.Submission.Proofs.Bytecode.StaggerRawPaired32.gasSteps' depends on axioms: [propext,
 Classical.choice,
 Quot.sound]
ℹ [3451/3719] Replayed Challenge.Ripemd160.Submission.Proofs.Bytecode.StaggerCorePaired32
info: Challenge/Ripemd160/Submission/Proofs/Bytecode/StaggerCorePaired32.lean:42:0: 'Challenge.Ripemd160.Submission.Proofs.Bytecode.StaggerCorePaired32.output_eq' depends on axioms: [propext, Quot.sound]
info: Challenge/Ripemd160/Submission/Proofs/Bytecode/StaggerCorePaired32.lean:57:0: 'Challenge.Ripemd160.Submission.Proofs.Bytecode.StaggerCorePaired32.gasSteps' depends on axioms: [propext,
 Classical.choice,
 Quot.sound]
ℹ [3452/3719] Replayed Challenge.Ripemd160.Submission.Proofs.Bytecode.StaggerRawPaired33Raw
info: Challenge/Ripemd160/Submission/Proofs/Bytecode/StaggerRawPaired33Raw.lean:128:0: 'Challenge.Ripemd160.Submission.Proofs.Bytecode.StaggerRawPaired33.run_actual' depends on axioms: [propext, Quot.sound]
ℹ [3453/3719] Replayed Challenge.Ripemd160.Submission.Proofs.Bytecode.StaggerRawPaired33
info: Challenge/Ripemd160/Submission/Proofs/Bytecode/StaggerRawPaired33.lean:40:0: 'Challenge.Ripemd160.Submission.Proofs.Bytecode.StaggerRawPaired33.gasSteps' depends on axioms: [propext,
 Classical.choice,
 Quot.sound]
ℹ [3454/3719] Replayed Challenge.Ripemd160.Submission.Proofs.Bytecode.StaggerCorePaired33
info: Challenge/Ripemd160/Submission/Proofs/Bytecode/StaggerCorePaired33.lean:46:0: 'Challenge.Ripemd160.Submission.Proofs.Bytecode.StaggerCorePaired33.output_eq' depends on axioms: [propext, Quot.sound]
info: Challenge/Ripemd160/Submission/Proofs/Bytecode/StaggerCorePaired33.lean:61:0: 'Challenge.Ripemd160.Submission.Proofs.Bytecode.StaggerCorePaired33.gasSteps' depends on axioms: [propext,
 Classical.choice,
 Quot.sound]
ℹ [3455/3719] Replayed Challenge.Ripemd160.Submission.Proofs.Bytecode.StaggerRawPaired34Raw
info: Challenge/Ripemd160/Submission/Proofs/Bytecode/StaggerRawPaired34Raw.lean:133:0: 'Challenge.Ripemd160.Submission.Proofs.Bytecode.StaggerRawPaired34.run_actual' depends on axioms: [propext, Quot.sound]
ℹ [3456/3719] Replayed Challenge.Ripemd160.Submission.Proofs.Bytecode.StaggerRawPaired34
info: Challenge/Ripemd160/Submission/Proofs/Bytecode/StaggerRawPaired34.lean:40:0: 'Challenge.Ripemd160.Submission.Proofs.Bytecode.StaggerRawPaired34.gasSteps' depends on axioms: [propext,
 Classical.choice,
 Quot.sound]
ℹ [3457/3719] Replayed Challenge.Ripemd160.Submission.Proofs.Bytecode.StaggerCorePaired34
info: Challenge/Ripemd160/Submission/Proofs/Bytecode/StaggerCorePaired34.lean:41:0: 'Challenge.Ripemd160.Submission.Proofs.Bytecode.StaggerCorePaired34.output_eq' depends on axioms: [propext, Quot.sound]
info: Challenge/Ripemd160/Submission/Proofs/Bytecode/StaggerCorePaired34.lean:56:0: 'Challenge.Ripemd160.Submission.Proofs.Bytecode.StaggerCorePaired34.gasSteps' depends on axioms: [propext,
 Classical.choice,
 Quot.sound]
ℹ [3458/3719] Replayed Challenge.Ripemd160.Submission.Proofs.Bytecode.StaggerRawPaired35Raw
info: Challenge/Ripemd160/Submission/Proofs/Bytecode/StaggerRawPaired35Raw.lean:122:0: 'Challenge.Ripemd160.Submission.Proofs.Bytecode.StaggerRawPaired35.run_actual' depends on axioms: [propext, Quot.sound]
ℹ [3459/3719] Replayed Challenge.Ripemd160.Submission.Proofs.Bytecode.StaggerRawPaired35
info: Challenge/Ripemd160/Submission/Proofs/Bytecode/StaggerRawPaired35.lean:41:0: 'Challenge.Ripemd160.Submission.Proofs.Bytecode.StaggerRawPaired35.gasSteps' depends on axioms: [propext,
 Classical.choice,
 Quot.sound]
ℹ [3460/3719] Replayed Challenge.Ripemd160.Submission.Proofs.Bytecode.StaggerCorePaired35
info: Challenge/Ripemd160/Submission/Proofs/Bytecode/StaggerCorePaired35.lean:41:0: 'Challenge.Ripemd160.Submission.Proofs.Bytecode.StaggerCorePaired35.output_eq' depends on axioms: [propext, Quot.sound]
info: Challenge/Ripemd160/Submission/Proofs/Bytecode/StaggerCorePaired35.lean:56:0: 'Challenge.Ripemd160.Submission.Proofs.Bytecode.StaggerCorePaired35.gasSteps' depends on axioms: [propext,
 Classical.choice,
 Quot.sound]
ℹ [3461/3719] Replayed Challenge.Ripemd160.Submission.Proofs.Bytecode.StaggerRawPaired36Raw
info: Challenge/Ripemd160/Submission/Proofs/Bytecode/StaggerRawPaired36Raw.lean:130:0: 'Challenge.Ripemd160.Submission.Proofs.Bytecode.StaggerRawPaired36.run_actual' depends on axioms: [propext, Quot.sound]
ℹ [3462/3719] Replayed Challenge.Ripemd160.Submission.Proofs.Bytecode.StaggerRawPaired36
info: Challenge/Ripemd160/Submission/Proofs/Bytecode/StaggerRawPaired36.lean:40:0: 'Challenge.Ripemd160.Submission.Proofs.Bytecode.StaggerRawPaired36.gasSteps' depends on axioms: [propext,
 Classical.choice,
 Quot.sound]
ℹ [3463/3719] Replayed Challenge.Ripemd160.Submission.Proofs.Bytecode.StaggerCorePaired36
info: Challenge/Ripemd160/Submission/Proofs/Bytecode/StaggerCorePaired36.lean:41:0: 'Challenge.Ripemd160.Submission.Proofs.Bytecode.StaggerCorePaired36.output_eq' depends on axioms: [propext, Quot.sound]
info: Challenge/Ripemd160/Submission/Proofs/Bytecode/StaggerCorePaired36.lean:56:0: 'Challenge.Ripemd160.Submission.Proofs.Bytecode.StaggerCorePaired36.gasSteps' depends on axioms: [propext,
 Classical.choice,
 Quot.sound]
ℹ [3464/3719] Replayed Challenge.Ripemd160.Submission.Proofs.Bytecode.StaggerRawPaired37Raw
info: Challenge/Ripemd160/Submission/Proofs/Bytecode/StaggerRawPaired37Raw.lean:128:0: 'Challenge.Ripemd160.Submission.Proofs.Bytecode.StaggerRawPaired37.run_actual' depends on axioms: [propext, Quot.sound]
ℹ [3465/3719] Replayed Challenge.Ripemd160.Submission.Proofs.Bytecode.StaggerRawPaired37
info: Challenge/Ripemd160/Submission/Proofs/Bytecode/StaggerRawPaired37.lean:40:0: 'Challenge.Ripemd160.Submission.Proofs.Bytecode.StaggerRawPaired37.gasSteps' depends on axioms: [propext,
 Classical.choice,
 Quot.sound]
ℹ [3466/3719] Replayed Challenge.Ripemd160.Submission.Proofs.Bytecode.StaggerCorePaired37
info: Challenge/Ripemd160/Submission/Proofs/Bytecode/StaggerCorePaired37.lean:41:0: 'Challenge.Ripemd160.Submission.Proofs.Bytecode.StaggerCorePaired37.output_eq' depends on axioms: [propext,
 Classical.choice,
 Quot.sound]
info: Challenge/Ripemd160/Submission/Proofs/Bytecode/StaggerCorePaired37.lean:56:0: 'Challenge.Ripemd160.Submission.Proofs.Bytecode.StaggerCorePaired37.gasSteps' depends on axioms: [propext,
 Classical.choice,
 Quot.sound]
ℹ [3467/3719] Replayed Challenge.Ripemd160.Submission.Proofs.Bytecode.StaggerRawPaired38Raw
info: Challenge/Ripemd160/Submission/Proofs/Bytecode/StaggerRawPaired38Raw.lean:127:0: 'Challenge.Ripemd160.Submission.Proofs.Bytecode.StaggerRawPaired38.run_actual' depends on axioms: [propext, Quot.sound]
ℹ [3468/3719] Replayed Challenge.Ripemd160.Submission.Proofs.Bytecode.StaggerRawPaired38
info: Challenge/Ripemd160/Submission/Proofs/Bytecode/StaggerRawPaired38.lean:40:0: 'Challenge.Ripemd160.Submission.Proofs.Bytecode.StaggerRawPaired38.gasSteps' depends on axioms: [propext,
 Classical.choice,
 Quot.sound]
ℹ [3469/3719] Replayed Challenge.Ripemd160.Submission.Proofs.Bytecode.StaggerCorePaired38
info: Challenge/Ripemd160/Submission/Proofs/Bytecode/StaggerCorePaired38.lean:41:0: 'Challenge.Ripemd160.Submission.Proofs.Bytecode.StaggerCorePaired38.output_eq' depends on axioms: [propext, Quot.sound]
info: Challenge/Ripemd160/Submission/Proofs/Bytecode/StaggerCorePaired38.lean:56:0: 'Challenge.Ripemd160.Submission.Proofs.Bytecode.StaggerCorePaired38.gasSteps' depends on axioms: [propext,
 Classical.choice,
 Quot.sound]
ℹ [3470/3719] Replayed Challenge.Ripemd160.Submission.Proofs.Bytecode.StaggerRawPaired39Raw
info: Challenge/Ripemd160/Submission/Proofs/Bytecode/StaggerRawPaired39Raw.lean:126:0: 'Challenge.Ripemd160.Submission.Proofs.Bytecode.StaggerRawPaired39.run_actual' depends on axioms: [propext, Quot.sound]
ℹ [3471/3719] Replayed Challenge.Ripemd160.Submission.Proofs.Bytecode.StaggerRawPaired39
info: Challenge/Ripemd160/Submission/Proofs/Bytecode/StaggerRawPaired39.lean:40:0: 'Challenge.Ripemd160.Submission.Proofs.Bytecode.StaggerRawPaired39.gasSteps' depends on axioms: [propext,
 Classical.choice,
 Quot.sound]
ℹ [3472/3719] Replayed Challenge.Ripemd160.Submission.Proofs.Bytecode.StaggerCorePaired39
info: Challenge/Ripemd160/Submission/Proofs/Bytecode/StaggerCorePaired39.lean:41:0: 'Challenge.Ripemd160.Submission.Proofs.Bytecode.StaggerCorePaired39.output_eq' depends on axioms: [propext, Quot.sound]
info: Challenge/Ripemd160/Submission/Proofs/Bytecode/StaggerCorePaired39.lean:56:0: 'Challenge.Ripemd160.Submission.Proofs.Bytecode.StaggerCorePaired39.gasSteps' depends on axioms: [propext,
 Classical.choice,
 Quot.sound]
ℹ [3473/3719] Replayed Challenge.Ripemd160.Submission.Proofs.Bytecode.StaggerRawPaired40Raw
info: Challenge/Ripemd160/Submission/Proofs/Bytecode/StaggerRawPaired40Raw.lean:130:0: 'Challenge.Ripemd160.Submission.Proofs.Bytecode.StaggerRawPaired40.run_actual' depends on axioms: [propext, Quot.sound]
ℹ [3474/3719] Replayed Challenge.Ripemd160.Submission.Proofs.Bytecode.StaggerRawPaired40
info: Challenge/Ripemd160/Submission/Proofs/Bytecode/StaggerRawPaired40.lean:40:0: 'Challenge.Ripemd160.Submission.Proofs.Bytecode.StaggerRawPaired40.gasSteps' depends on axioms: [propext,
 Classical.choice,
 Quot.sound]
ℹ [3475/3719] Replayed Challenge.Ripemd160.Submission.Proofs.Bytecode.StaggerCorePaired40
info: Challenge/Ripemd160/Submission/Proofs/Bytecode/StaggerCorePaired40.lean:41:0: 'Challenge.Ripemd160.Submission.Proofs.Bytecode.StaggerCorePaired40.output_eq' depends on axioms: [propext, Quot.sound]
info: Challenge/Ripemd160/Submission/Proofs/Bytecode/StaggerCorePaired40.lean:56:0: 'Challenge.Ripemd160.Submission.Proofs.Bytecode.StaggerCorePaired40.gasSteps' depends on axioms: [propext,
 Classical.choice,
 Quot.sound]
ℹ [3476/3719] Replayed Challenge.Ripemd160.Submission.Proofs.Bytecode.StaggerRawPaired41Raw
info: Challenge/Ripemd160/Submission/Proofs/Bytecode/StaggerRawPaired41Raw.lean:122:0: 'Challenge.Ripemd160.Submission.Proofs.Bytecode.StaggerRawPaired41.run_actual' depends on axioms: [propext, Quot.sound]
ℹ [3477/3719] Replayed Challenge.Ripemd160.Submission.Proofs.Bytecode.StaggerRawPaired41
info: Challenge/Ripemd160/Submission/Proofs/Bytecode/StaggerRawPaired41.lean:40:0: 'Challenge.Ripemd160.Submission.Proofs.Bytecode.StaggerRawPaired41.gasSteps' depends on axioms: [propext,
 Classical.choice,
 Quot.sound]
ℹ [3478/3719] Replayed Challenge.Ripemd160.Submission.Proofs.Bytecode.StaggerCorePaired41
info: Challenge/Ripemd160/Submission/Proofs/Bytecode/StaggerCorePaired41.lean:41:0: 'Challenge.Ripemd160.Submission.Proofs.Bytecode.StaggerCorePaired41.output_eq' depends on axioms: [propext,
 Classical.choice,
 Quot.sound]
info: Challenge/Ripemd160/Submission/Proofs/Bytecode/StaggerCorePaired41.lean:56:0: 'Challenge.Ripemd160.Submission.Proofs.Bytecode.StaggerCorePaired41.gasSteps' depends on axioms: [propext,
 Classical.choice,
 Quot.sound]
ℹ [3479/3719] Replayed Challenge.Ripemd160.Submission.Proofs.Bytecode.StaggerRawPaired42Raw
info: Challenge/Ripemd160/Submission/Proofs/Bytecode/StaggerRawPaired42Raw.lean:121:0: 'Challenge.Ripemd160.Submission.Proofs.Bytecode.StaggerRawPaired42.run_actual' depends on axioms: [propext, Quot.sound]
ℹ [3480/3719] Replayed Challenge.Ripemd160.Submission.Proofs.Bytecode.StaggerRawPaired42
info: Challenge/Ripemd160/Submission/Proofs/Bytecode/StaggerRawPaired42.lean:40:0: 'Challenge.Ripemd160.Submission.Proofs.Bytecode.StaggerRawPaired42.gasSteps' depends on axioms: [propext,
 Classical.choice,
 Quot.sound]
ℹ [3481/3719] Replayed Challenge.Ripemd160.Submission.Proofs.Bytecode.StaggerCorePaired42
info: Challenge/Ripemd160/Submission/Proofs/Bytecode/StaggerCorePaired42.lean:41:0: 'Challenge.Ripemd160.Submission.Proofs.Bytecode.StaggerCorePaired42.output_eq' depends on axioms: [propext, Quot.sound]
info: Challenge/Ripemd160/Submission/Proofs/Bytecode/StaggerCorePaired42.lean:56:0: 'Challenge.Ripemd160.Submission.Proofs.Bytecode.StaggerCorePaired42.gasSteps' depends on axioms: [propext,
 Classical.choice,
 Quot.sound]
ℹ [3482/3719] Replayed Challenge.Ripemd160.Submission.Proofs.Bytecode.StaggerRawPaired43Raw
info: Challenge/Ripemd160/Submission/Proofs/Bytecode/StaggerRawPaired43Raw.lean:129:0: 'Challenge.Ripemd160.Submission.Proofs.Bytecode.StaggerRawPaired43.run_actual' depends on axioms: [propext, Quot.sound]
ℹ [3483/3719] Replayed Challenge.Ripemd160.Submission.Proofs.Bytecode.StaggerRawPaired43
info: Challenge/Ripemd160/Submission/Proofs/Bytecode/StaggerRawPaired43.lean:40:0: 'Challenge.Ripemd160.Submission.Proofs.Bytecode.StaggerRawPaired43.gasSteps' depends on axioms: [propext,
 Classical.choice,
 Quot.sound]
ℹ [3484/3719] Replayed Challenge.Ripemd160.Submission.Proofs.Bytecode.StaggerCorePaired43
info: Challenge/Ripemd160/Submission/Proofs/Bytecode/StaggerCorePaired43.lean:41:0: 'Challenge.Ripemd160.Submission.Proofs.Bytecode.StaggerCorePaired43.output_eq' depends on axioms: [propext, Quot.sound]
info: Challenge/Ripemd160/Submission/Proofs/Bytecode/StaggerCorePaired43.lean:56:0: 'Challenge.Ripemd160.Submission.Proofs.Bytecode.StaggerCorePaired43.gasSteps' depends on axioms: [propext,
 Classical.choice,
 Quot.sound]
ℹ [3485/3719] Replayed Challenge.Ripemd160.Submission.Proofs.Bytecode.StaggerRawPaired44Raw
info: Challenge/Ripemd160/Submission/Proofs/Bytecode/StaggerRawPaired44Raw.lean:128:0: 'Challenge.Ripemd160.Submission.Proofs.Bytecode.StaggerRawPaired44.run_actual' depends on axioms: [propext, Quot.sound]
ℹ [3486/3719] Replayed Challenge.Ripemd160.Submission.Proofs.Bytecode.StaggerRawPaired44
info: Challenge/Ripemd160/Submission/Proofs/Bytecode/StaggerRawPaired44.lean:40:0: 'Challenge.Ripemd160.Submission.Proofs.Bytecode.StaggerRawPaired44.gasSteps' depends on axioms: [propext,
 Classical.choice,
 Quot.sound]
ℹ [3487/3719] Replayed Challenge.Ripemd160.Submission.Proofs.Bytecode.StaggerCorePaired44
info: Challenge/Ripemd160/Submission/Proofs/Bytecode/StaggerCorePaired44.lean:41:0: 'Challenge.Ripemd160.Submission.Proofs.Bytecode.StaggerCorePaired44.output_eq' depends on axioms: [propext, Quot.sound]
info: Challenge/Ripemd160/Submission/Proofs/Bytecode/StaggerCorePaired44.lean:56:0: 'Challenge.Ripemd160.Submission.Proofs.Bytecode.StaggerCorePaired44.gasSteps' depends on axioms: [propext,
 Classical.choice,
 Quot.sound]
ℹ [3488/3719] Replayed Challenge.Ripemd160.Submission.Proofs.Bytecode.StaggerRawPaired45Raw
info: Challenge/Ripemd160/Submission/Proofs/Bytecode/StaggerRawPaired45Raw.lean:136:0: 'Challenge.Ripemd160.Submission.Proofs.Bytecode.StaggerRawPaired45.run_actual' depends on axioms: [propext, Quot.sound]
ℹ [3489/3719] Replayed Challenge.Ripemd160.Submission.Proofs.Bytecode.StaggerRawPaired45
info: Challenge/Ripemd160/Submission/Proofs/Bytecode/StaggerRawPaired45.lean:40:0: 'Challenge.Ripemd160.Submission.Proofs.Bytecode.StaggerRawPaired45.gasSteps' depends on axioms: [propext,
 Classical.choice,
 Quot.sound]
ℹ [3490/3719] Replayed Challenge.Ripemd160.Submission.Proofs.Bytecode.StaggerCorePaired45
info: Challenge/Ripemd160/Submission/Proofs/Bytecode/StaggerCorePaired45.lean:43:0: 'Challenge.Ripemd160.Submission.Proofs.Bytecode.StaggerCorePaired45.output_eq' depends on axioms: [propext,
 Classical.choice,
 Quot.sound]
info: Challenge/Ripemd160/Submission/Proofs/Bytecode/StaggerCorePaired45.lean:58:0: 'Challenge.Ripemd160.Submission.Proofs.Bytecode.StaggerCorePaired45.gasSteps' depends on axioms: [propext,
 Classical.choice,
 Quot.sound]
ℹ [3491/3719] Replayed Challenge.Ripemd160.Submission.Proofs.Bytecode.StaggerRawPaired46Raw
info: Challenge/Ripemd160/Submission/Proofs/Bytecode/StaggerRawPaired46Raw.lean:136:0: 'Challenge.Ripemd160.Submission.Proofs.Bytecode.StaggerRawPaired46.run_actual' depends on axioms: [propext, Quot.sound]
ℹ [3492/3719] Replayed Challenge.Ripemd160.Submission.Proofs.Bytecode.StaggerRawPaired46
info: Challenge/Ripemd160/Submission/Proofs/Bytecode/StaggerRawPaired46.lean:40:0: 'Challenge.Ripemd160.Submission.Proofs.Bytecode.StaggerRawPaired46.gasSteps' depends on axioms: [propext,
 Classical.choice,
 Quot.sound]
ℹ [3493/3719] Replayed Challenge.Ripemd160.Submission.Proofs.Bytecode.StaggerCorePaired46
info: Challenge/Ripemd160/Submission/Proofs/Bytecode/StaggerCorePaired46.lean:47:0: 'Challenge.Ripemd160.Submission.Proofs.Bytecode.StaggerCorePaired46.output_eq' depends on axioms: [propext, Quot.sound]
info: Challenge/Ripemd160/Submission/Proofs/Bytecode/StaggerCorePaired46.lean:62:0: 'Challenge.Ripemd160.Submission.Proofs.Bytecode.StaggerCorePaired46.gasSteps' depends on axioms: [propext,
 Classical.choice,
 Quot.sound]
ℹ [3494/3719] Replayed Challenge.Ripemd160.Submission.Proofs.Bytecode.StaggerRawPaired47Raw
info: Challenge/Ripemd160/Submission/Proofs/Bytecode/StaggerRawPaired47Raw.lean:137:0: 'Challenge.Ripemd160.Submission.Proofs.Bytecode.StaggerRawPaired47.run_actual' depends on axioms: [propext, Quot.sound]
ℹ [3495/3719] Replayed Challenge.Ripemd160.Submission.Proofs.Bytecode.StaggerRawPaired47
info: Challenge/Ripemd160/Submission/Proofs/Bytecode/StaggerRawPaired47.lean:40:0: 'Challenge.Ripemd160.Submission.Proofs.Bytecode.StaggerRawPaired47.gasSteps' depends on axioms: [propext,
 Classical.choice,
 Quot.sound]
ℹ [3496/3719] Replayed Challenge.Ripemd160.Submission.Proofs.Bytecode.StaggerCorePaired47
info: Challenge/Ripemd160/Submission/Proofs/Bytecode/StaggerCorePaired47.lean:42:0: 'Challenge.Ripemd160.Submission.Proofs.Bytecode.StaggerCorePaired47.output_eq' depends on axioms: [propext,
 Classical.choice,
 Quot.sound]
info: Challenge/Ripemd160/Submission/Proofs/Bytecode/StaggerCorePaired47.lean:57:0: 'Challenge.Ripemd160.Submission.Proofs.Bytecode.StaggerCorePaired47.gasSteps' depends on axioms: [propext,
 Classical.choice,
 Quot.sound]
ℹ [3497/3719] Replayed Challenge.Ripemd160.Submission.Proofs.Bytecode.StaggerRawPaired48Raw
info: Challenge/Ripemd160/Submission/Proofs/Bytecode/StaggerRawPaired48Raw.lean:131:0: 'Challenge.Ripemd160.Submission.Proofs.Bytecode.StaggerRawPaired48.run_actual' depends on axioms: [propext, Quot.sound]
ℹ [3498/3719] Replayed Challenge.Ripemd160.Submission.Proofs.Bytecode.StaggerRawPaired48
info: Challenge/Ripemd160/Submission/Proofs/Bytecode/StaggerRawPaired48.lean:40:0: 'Challenge.Ripemd160.Submission.Proofs.Bytecode.StaggerRawPaired48.gasSteps' depends on axioms: [propext,
 Classical.choice,
 Quot.sound]
ℹ [3499/3719] Replayed Challenge.Ripemd160.Submission.Proofs.Bytecode.StaggerCorePaired48
info: Challenge/Ripemd160/Submission/Proofs/Bytecode/StaggerCorePaired48.lean:44:0: 'Challenge.Ripemd160.Submission.Proofs.Bytecode.StaggerCorePaired48.output_eq' depends on axioms: [propext, Quot.sound]
info: Challenge/Ripemd160/Submission/Proofs/Bytecode/StaggerCorePaired48.lean:59:0: 'Challenge.Ripemd160.Submission.Proofs.Bytecode.StaggerCorePaired48.gasSteps' depends on axioms: [propext,
 Classical.choice,
 Quot.sound]
ℹ [3500/3719] Replayed Challenge.Ripemd160.Submission.Proofs.Bytecode.StaggerRawPaired49Raw
info: Challenge/Ripemd160/Submission/Proofs/Bytecode/StaggerRawPaired49Raw.lean:137:0: 'Challenge.Ripemd160.Submission.Proofs.Bytecode.StaggerRawPaired49.run_actual' depends on axioms: [propext, Quot.sound]
ℹ [3501/3719] Replayed Challenge.Ripemd160.Submission.Proofs.Bytecode.StaggerRawPaired49
info: Challenge/Ripemd160/Submission/Proofs/Bytecode/StaggerRawPaired49.lean:40:0: 'Challenge.Ripemd160.Submission.Proofs.Bytecode.StaggerRawPaired49.gasSteps' depends on axioms: [propext,
 Classical.choice,
 Quot.sound]
ℹ [3502/3719] Replayed Challenge.Ripemd160.Submission.Proofs.Bytecode.StaggerCorePaired49
info: Challenge/Ripemd160/Submission/Proofs/Bytecode/StaggerCorePaired49.lean:41:0: 'Challenge.Ripemd160.Submission.Proofs.Bytecode.StaggerCorePaired49.output_eq' depends on axioms: [propext,
 Classical.choice,
 Quot.sound]
info: Challenge/Ripemd160/Submission/Proofs/Bytecode/StaggerCorePaired49.lean:56:0: 'Challenge.Ripemd160.Submission.Proofs.Bytecode.StaggerCorePaired49.gasSteps' depends on axioms: [propext,
 Classical.choice,
 Quot.sound]
ℹ [3503/3719] Replayed Challenge.Ripemd160.Submission.Proofs.Bytecode.StaggerRawPaired50Raw
info: Challenge/Ripemd160/Submission/Proofs/Bytecode/StaggerRawPaired50Raw.lean:140:0: 'Challenge.Ripemd160.Submission.Proofs.Bytecode.StaggerRawPaired50.run_actual' depends on axioms: [propext, Quot.sound]
ℹ [3504/3719] Replayed Challenge.Ripemd160.Submission.Proofs.Bytecode.StaggerRawPaired50
info: Challenge/Ripemd160/Submission/Proofs/Bytecode/StaggerRawPaired50.lean:40:0: 'Challenge.Ripemd160.Submission.Proofs.Bytecode.StaggerRawPaired50.gasSteps' depends on axioms: [propext,
 Classical.choice,
 Quot.sound]
ℹ [3505/3719] Replayed Challenge.Ripemd160.Submission.Proofs.Bytecode.StaggerCorePaired50
info: Challenge/Ripemd160/Submission/Proofs/Bytecode/StaggerCorePaired50.lean:41:0: 'Challenge.Ripemd160.Submission.Proofs.Bytecode.StaggerCorePaired50.output_eq' depends on axioms: [propext, Quot.sound]
info: Challenge/Ripemd160/Submission/Proofs/Bytecode/StaggerCorePaired50.lean:56:0: 'Challenge.Ripemd160.Submission.Proofs.Bytecode.StaggerCorePaired50.gasSteps' depends on axioms: [propext,
 Classical.choice,
 Quot.sound]
ℹ [3506/3719] Replayed Challenge.Ripemd160.Submission.Proofs.Bytecode.StaggerRawPaired51Raw
info: Challenge/Ripemd160/Submission/Proofs/Bytecode/StaggerRawPaired51Raw.lean:135:0: 'Challenge.Ripemd160.Submission.Proofs.Bytecode.StaggerRawPaired51.run_actual' depends on axioms: [propext, Quot.sound]
ℹ [3507/3719] Replayed Challenge.Ripemd160.Submission.Proofs.Bytecode.StaggerRawPaired51
info: Challenge/Ripemd160/Submission/Proofs/Bytecode/StaggerRawPaired51.lean:40:0: 'Challenge.Ripemd160.Submission.Proofs.Bytecode.StaggerRawPaired51.gasSteps' depends on axioms: [propext,
 Classical.choice,
 Quot.sound]
ℹ [3508/3719] Replayed Challenge.Ripemd160.Submission.Proofs.Bytecode.StaggerCorePaired51
info: Challenge/Ripemd160/Submission/Proofs/Bytecode/StaggerCorePaired51.lean:41:0: 'Challenge.Ripemd160.Submission.Proofs.Bytecode.StaggerCorePaired51.output_eq' depends on axioms: [propext, Quot.sound]
info: Challenge/Ripemd160/Submission/Proofs/Bytecode/StaggerCorePaired51.lean:56:0: 'Challenge.Ripemd160.Submission.Proofs.Bytecode.StaggerCorePaired51.gasSteps' depends on axioms: [propext,
 Classical.choice,
 Quot.sound]
ℹ [3509/3719] Replayed Challenge.Ripemd160.Submission.Proofs.Bytecode.StaggerRawPaired52Raw
info: Challenge/Ripemd160/Submission/Proofs/Bytecode/StaggerRawPaired52Raw.lean:140:0: 'Challenge.Ripemd160.Submission.Proofs.Bytecode.StaggerRawPaired52.run_actual' depends on axioms: [propext, Quot.sound]
ℹ [3510/3719] Replayed Challenge.Ripemd160.Submission.Proofs.Bytecode.StaggerRawPaired52
info: Challenge/Ripemd160/Submission/Proofs/Bytecode/StaggerRawPaired52.lean:40:0: 'Challenge.Ripemd160.Submission.Proofs.Bytecode.StaggerRawPaired52.gasSteps' depends on axioms: [propext,
 Classical.choice,
 Quot.sound]
ℹ [3511/3719] Replayed Challenge.Ripemd160.Submission.Proofs.Bytecode.StaggerCorePaired52
info: Challenge/Ripemd160/Submission/Proofs/Bytecode/StaggerCorePaired52.lean:41:0: 'Challenge.Ripemd160.Submission.Proofs.Bytecode.StaggerCorePaired52.output_eq' depends on axioms: [propext, Quot.sound]
info: Challenge/Ripemd160/Submission/Proofs/Bytecode/StaggerCorePaired52.lean:56:0: 'Challenge.Ripemd160.Submission.Proofs.Bytecode.StaggerCorePaired52.gasSteps' depends on axioms: [propext,
 Classical.choice,
 Quot.sound]
ℹ [3512/3719] Replayed Challenge.Ripemd160.Submission.Proofs.Bytecode.StaggerRawPaired53Raw
info: Challenge/Ripemd160/Submission/Proofs/Bytecode/StaggerRawPaired53Raw.lean:135:0: 'Challenge.Ripemd160.Submission.Proofs.Bytecode.StaggerRawPaired53.run_actual' depends on axioms: [propext, Quot.sound]
ℹ [3513/3719] Replayed Challenge.Ripemd160.Submission.Proofs.Bytecode.StaggerRawPaired53
info: Challenge/Ripemd160/Submission/Proofs/Bytecode/StaggerRawPaired53.lean:40:0: 'Challenge.Ripemd160.Submission.Proofs.Bytecode.StaggerRawPaired53.gasSteps' depends on axioms: [propext,
 Classical.choice,
 Quot.sound]
ℹ [3514/3719] Replayed Challenge.Ripemd160.Submission.Proofs.Bytecode.StaggerCorePaired53
info: Challenge/Ripemd160/Submission/Proofs/Bytecode/StaggerCorePaired53.lean:41:0: 'Challenge.Ripemd160.Submission.Proofs.Bytecode.StaggerCorePaired53.output_eq' depends on axioms: [propext, Quot.sound]
info: Challenge/Ripemd160/Submission/Proofs/Bytecode/StaggerCorePaired53.lean:56:0: 'Challenge.Ripemd160.Submission.Proofs.Bytecode.StaggerCorePaired53.gasSteps' depends on axioms: [propext,
 Classical.choice,
 Quot.sound]
ℹ [3515/3719] Replayed Challenge.Ripemd160.Submission.Proofs.Bytecode.StaggerRawPaired54Raw
info: Challenge/Ripemd160/Submission/Proofs/Bytecode/StaggerRawPaired54Raw.lean:140:0: 'Challenge.Ripemd160.Submission.Proofs.Bytecode.StaggerRawPaired54.run_actual' depends on axioms: [propext, Quot.sound]
ℹ [3516/3719] Replayed Challenge.Ripemd160.Submission.Proofs.Bytecode.StaggerRawPaired54
info: Challenge/Ripemd160/Submission/Proofs/Bytecode/StaggerRawPaired54.lean:40:0: 'Challenge.Ripemd160.Submission.Proofs.Bytecode.StaggerRawPaired54.gasSteps' depends on axioms: [propext,
 Classical.choice,
 Quot.sound]
ℹ [3517/3719] Replayed Challenge.Ripemd160.Submission.Proofs.Bytecode.StaggerCorePaired54
info: Challenge/Ripemd160/Submission/Proofs/Bytecode/StaggerCorePaired54.lean:41:0: 'Challenge.Ripemd160.Submission.Proofs.Bytecode.StaggerCorePaired54.output_eq' depends on axioms: [propext, Quot.sound]
info: Challenge/Ripemd160/Submission/Proofs/Bytecode/StaggerCorePaired54.lean:56:0: 'Challenge.Ripemd160.Submission.Proofs.Bytecode.StaggerCorePaired54.gasSteps' depends on axioms: [propext,
 Classical.choice,
 Quot.sound]
ℹ [3518/3719] Replayed Challenge.Ripemd160.Submission.Proofs.Bytecode.StaggerRawPaired55Raw
info: Challenge/Ripemd160/Submission/Proofs/Bytecode/StaggerRawPaired55Raw.lean:135:0: 'Challenge.Ripemd160.Submission.Proofs.Bytecode.StaggerRawPaired55.run_actual' depends on axioms: [propext, Quot.sound]
ℹ [3519/3719] Replayed Challenge.Ripemd160.Submission.Proofs.Bytecode.StaggerRawPaired55
info: Challenge/Ripemd160/Submission/Proofs/Bytecode/StaggerRawPaired55.lean:40:0: 'Challenge.Ripemd160.Submission.Proofs.Bytecode.StaggerRawPaired55.gasSteps' depends on axioms: [propext,
 Classical.choice,
 Quot.sound]
ℹ [3520/3719] Replayed Challenge.Ripemd160.Submission.Proofs.Bytecode.StaggerCorePaired55
info: Challenge/Ripemd160/Submission/Proofs/Bytecode/StaggerCorePaired55.lean:41:0: 'Challenge.Ripemd160.Submission.Proofs.Bytecode.StaggerCorePaired55.output_eq' depends on axioms: [propext,
 Classical.choice,
 Quot.sound]
info: Challenge/Ripemd160/Submission/Proofs/Bytecode/StaggerCorePaired55.lean:56:0: 'Challenge.Ripemd160.Submission.Proofs.Bytecode.StaggerCorePaired55.gasSteps' depends on axioms: [propext,
 Classical.choice,
 Quot.sound]
ℹ [3521/3719] Replayed Challenge.Ripemd160.Submission.Proofs.Bytecode.StaggerRawPaired56Raw
info: Challenge/Ripemd160/Submission/Proofs/Bytecode/StaggerRawPaired56Raw.lean:140:0: 'Challenge.Ripemd160.Submission.Proofs.Bytecode.StaggerRawPaired56.run_actual' depends on axioms: [propext, Quot.sound]
ℹ [3522/3719] Replayed Challenge.Ripemd160.Submission.Proofs.Bytecode.StaggerRawPaired56
info: Challenge/Ripemd160/Submission/Proofs/Bytecode/StaggerRawPaired56.lean:40:0: 'Challenge.Ripemd160.Submission.Proofs.Bytecode.StaggerRawPaired56.gasSteps' depends on axioms: [propext,
 Classical.choice,
 Quot.sound]
ℹ [3523/3719] Replayed Challenge.Ripemd160.Submission.Proofs.Bytecode.StaggerCorePaired56
info: Challenge/Ripemd160/Submission/Proofs/Bytecode/StaggerCorePaired56.lean:41:0: 'Challenge.Ripemd160.Submission.Proofs.Bytecode.StaggerCorePaired56.output_eq' depends on axioms: [propext, Quot.sound]
info: Challenge/Ripemd160/Submission/Proofs/Bytecode/StaggerCorePaired56.lean:56:0: 'Challenge.Ripemd160.Submission.Proofs.Bytecode.StaggerCorePaired56.gasSteps' depends on axioms: [propext,
 Classical.choice,
 Quot.sound]
ℹ [3524/3719] Replayed Challenge.Ripemd160.Submission.Proofs.Bytecode.StaggerRawPaired57Raw
info: Challenge/Ripemd160/Submission/Proofs/Bytecode/StaggerRawPaired57Raw.lean:135:0: 'Challenge.Ripemd160.Submission.Proofs.Bytecode.StaggerRawPaired57.run_actual' depends on axioms: [propext, Quot.sound]
ℹ [3525/3719] Replayed Challenge.Ripemd160.Submission.Proofs.Bytecode.StaggerRawPaired57
info: Challenge/Ripemd160/Submission/Proofs/Bytecode/StaggerRawPaired57.lean:40:0: 'Challenge.Ripemd160.Submission.Proofs.Bytecode.StaggerRawPaired57.gasSteps' depends on axioms: [propext,
 Classical.choice,
 Quot.sound]
ℹ [3526/3719] Replayed Challenge.Ripemd160.Submission.Proofs.Bytecode.StaggerCorePaired57
info: Challenge/Ripemd160/Submission/Proofs/Bytecode/StaggerCorePaired57.lean:46:0: 'Challenge.Ripemd160.Submission.Proofs.Bytecode.StaggerCorePaired57.output_eq' depends on axioms: [propext, Quot.sound]
info: Challenge/Ripemd160/Submission/Proofs/Bytecode/StaggerCorePaired57.lean:61:0: 'Challenge.Ripemd160.Submission.Proofs.Bytecode.StaggerCorePaired57.gasSteps' depends on axioms: [propext,
 Classical.choice,
 Quot.sound]
ℹ [3527/3719] Replayed Challenge.Ripemd160.Submission.Proofs.Bytecode.StaggerRawPaired58Raw
info: Challenge/Ripemd160/Submission/Proofs/Bytecode/StaggerRawPaired58Raw.lean:140:0: 'Challenge.Ripemd160.Submission.Proofs.Bytecode.StaggerRawPaired58.run_actual' depends on axioms: [propext, Quot.sound]
ℹ [3528/3719] Replayed Challenge.Ripemd160.Submission.Proofs.Bytecode.StaggerRawPaired58
info: Challenge/Ripemd160/Submission/Proofs/Bytecode/StaggerRawPaired58.lean:40:0: 'Challenge.Ripemd160.Submission.Proofs.Bytecode.StaggerRawPaired58.gasSteps' depends on axioms: [propext,
 Classical.choice,
 Quot.sound]
ℹ [3529/3719] Replayed Challenge.Ripemd160.Submission.Proofs.Bytecode.StaggerCorePaired58
info: Challenge/Ripemd160/Submission/Proofs/Bytecode/StaggerCorePaired58.lean:41:0: 'Challenge.Ripemd160.Submission.Proofs.Bytecode.StaggerCorePaired58.output_eq' depends on axioms: [propext, Quot.sound]
info: Challenge/Ripemd160/Submission/Proofs/Bytecode/StaggerCorePaired58.lean:56:0: 'Challenge.Ripemd160.Submission.Proofs.Bytecode.StaggerCorePaired58.gasSteps' depends on axioms: [propext,
 Classical.choice,
 Quot.sound]
ℹ [3530/3719] Replayed Challenge.Ripemd160.Submission.Proofs.Bytecode.StaggerRawPaired59Raw
info: Challenge/Ripemd160/Submission/Proofs/Bytecode/StaggerRawPaired59Raw.lean:135:0: 'Challenge.Ripemd160.Submission.Proofs.Bytecode.StaggerRawPaired59.run_actual' depends on axioms: [propext, Quot.sound]
ℹ [3531/3719] Replayed Challenge.Ripemd160.Submission.Proofs.Bytecode.StaggerRawPaired59
info: Challenge/Ripemd160/Submission/Proofs/Bytecode/StaggerRawPaired59.lean:40:0: 'Challenge.Ripemd160.Submission.Proofs.Bytecode.StaggerRawPaired59.gasSteps' depends on axioms: [propext,
 Classical.choice,
 Quot.sound]
ℹ [3532/3719] Replayed Challenge.Ripemd160.Submission.Proofs.Bytecode.StaggerCorePaired59
info: Challenge/Ripemd160/Submission/Proofs/Bytecode/StaggerCorePaired59.lean:41:0: 'Challenge.Ripemd160.Submission.Proofs.Bytecode.StaggerCorePaired59.output_eq' depends on axioms: [propext,
 Classical.choice,
 Quot.sound]
info: Challenge/Ripemd160/Submission/Proofs/Bytecode/StaggerCorePaired59.lean:56:0: 'Challenge.Ripemd160.Submission.Proofs.Bytecode.StaggerCorePaired59.gasSteps' depends on axioms: [propext,
 Classical.choice,
 Quot.sound]
ℹ [3533/3719] Replayed Challenge.Ripemd160.Submission.Proofs.Bytecode.StaggerRawPaired60Raw
info: Challenge/Ripemd160/Submission/Proofs/Bytecode/StaggerRawPaired60Raw.lean:131:0: 'Challenge.Ripemd160.Submission.Proofs.Bytecode.StaggerRawPaired60.run_actual' depends on axioms: [propext, Quot.sound]
ℹ [3534/3719] Replayed Challenge.Ripemd160.Submission.Proofs.Bytecode.StaggerRawPaired60
info: Challenge/Ripemd160/Submission/Proofs/Bytecode/StaggerRawPaired60.lean:40:0: 'Challenge.Ripemd160.Submission.Proofs.Bytecode.StaggerRawPaired60.gasSteps' depends on axioms: [propext,
 Classical.choice,
 Quot.sound]
ℹ [3535/3719] Replayed Challenge.Ripemd160.Submission.Proofs.Bytecode.StaggerCorePaired60
info: Challenge/Ripemd160/Submission/Proofs/Bytecode/StaggerCorePaired60.lean:41:0: 'Challenge.Ripemd160.Submission.Proofs.Bytecode.StaggerCorePaired60.output_eq' depends on axioms: [propext, Quot.sound]
info: Challenge/Ripemd160/Submission/Proofs/Bytecode/StaggerCorePaired60.lean:56:0: 'Challenge.Ripemd160.Submission.Proofs.Bytecode.StaggerCorePaired60.gasSteps' depends on axioms: [propext,
 Classical.choice,
 Quot.sound]
ℹ [3536/3719] Replayed Challenge.Ripemd160.Submission.Proofs.Bytecode.StaggerRawPaired61Raw
info: Challenge/Ripemd160/Submission/Proofs/Bytecode/StaggerRawPaired61Raw.lean:135:0: 'Challenge.Ripemd160.Submission.Proofs.Bytecode.StaggerRawPaired61.run_actual' depends on axioms: [propext, Quot.sound]
ℹ [3537/3719] Replayed Challenge.Ripemd160.Submission.Proofs.Bytecode.StaggerRawPaired61
info: Challenge/Ripemd160/Submission/Proofs/Bytecode/StaggerRawPaired61.lean:40:0: 'Challenge.Ripemd160.Submission.Proofs.Bytecode.StaggerRawPaired61.gasSteps' depends on axioms: [propext,
 Classical.choice,
 Quot.sound]
ℹ [3538/3719] Replayed Challenge.Ripemd160.Submission.Proofs.Bytecode.StaggerCorePaired61
info: Challenge/Ripemd160/Submission/Proofs/Bytecode/StaggerCorePaired61.lean:41:0: 'Challenge.Ripemd160.Submission.Proofs.Bytecode.StaggerCorePaired61.output_eq' depends on axioms: [propext,
 Classical.choice,
 Quot.sound]
info: Challenge/Ripemd160/Submission/Proofs/Bytecode/StaggerCorePaired61.lean:56:0: 'Challenge.Ripemd160.Submission.Proofs.Bytecode.StaggerCorePaired61.gasSteps' depends on axioms: [propext,
 Classical.choice,
 Quot.sound]
ℹ [3539/3719] Replayed Challenge.Ripemd160.Submission.Proofs.Bytecode.StaggerRawPaired62Raw
info: Challenge/Ripemd160/Submission/Proofs/Bytecode/StaggerRawPaired62Raw.lean:134:0: 'Challenge.Ripemd160.Submission.Proofs.Bytecode.StaggerRawPaired62.run_actual' depends on axioms: [propext, Quot.sound]
ℹ [3540/3719] Replayed Challenge.Ripemd160.Submission.Proofs.Bytecode.StaggerRawPaired62
info: Challenge/Ripemd160/Submission/Proofs/Bytecode/StaggerRawPaired62.lean:40:0: 'Challenge.Ripemd160.Submission.Proofs.Bytecode.StaggerRawPaired62.gasSteps' depends on axioms: [propext,
 Classical.choice,
 Quot.sound]
ℹ [3541/3719] Replayed Challenge.Ripemd160.Submission.Proofs.Bytecode.StaggerCorePaired62
info: Challenge/Ripemd160/Submission/Proofs/Bytecode/StaggerCorePaired62.lean:41:0: 'Challenge.Ripemd160.Submission.Proofs.Bytecode.StaggerCorePaired62.output_eq' depends on axioms: [propext, Quot.sound]
info: Challenge/Ripemd160/Submission/Proofs/Bytecode/StaggerCorePaired62.lean:56:0: 'Challenge.Ripemd160.Submission.Proofs.Bytecode.StaggerCorePaired62.gasSteps' depends on axioms: [propext,
 Classical.choice,
 Quot.sound]
ℹ [3542/3719] Replayed Challenge.Ripemd160.Submission.Proofs.Bytecode.StaggerRawPaired63Raw
info: Challenge/Ripemd160/Submission/Proofs/Bytecode/StaggerRawPaired63Raw.lean:135:0: 'Challenge.Ripemd160.Submission.Proofs.Bytecode.StaggerRawPaired63.run_actual' depends on axioms: [propext, Quot.sound]
ℹ [3543/3719] Replayed Challenge.Ripemd160.Submission.Proofs.Bytecode.StaggerRawPaired63
info: Challenge/Ripemd160/Submission/Proofs/Bytecode/StaggerRawPaired63.lean:40:0: 'Challenge.Ripemd160.Submission.Proofs.Bytecode.StaggerRawPaired63.gasSteps' depends on axioms: [propext,
 Classical.choice,
 Quot.sound]
ℹ [3544/3719] Replayed Challenge.Ripemd160.Submission.Proofs.Bytecode.StaggerCorePaired63
info: Challenge/Ripemd160/Submission/Proofs/Bytecode/StaggerCorePaired63.lean:41:0: 'Challenge.Ripemd160.Submission.Proofs.Bytecode.StaggerCorePaired63.output_eq' depends on axioms: [propext, Quot.sound]
info: Challenge/Ripemd160/Submission/Proofs/Bytecode/StaggerCorePaired63.lean:56:0: 'Challenge.Ripemd160.Submission.Proofs.Bytecode.StaggerCorePaired63.gasSteps' depends on axioms: [propext,
 Classical.choice,
 Quot.sound]
ℹ [3545/3719] Replayed Challenge.Ripemd160.Submission.Proofs.Bytecode.StaggerRawPaired64Raw
info: Challenge/Ripemd160/Submission/Proofs/Bytecode/StaggerRawPaired64Raw.lean:139:0: 'Challenge.Ripemd160.Submission.Proofs.Bytecode.StaggerRawPaired64.run_actual' depends on axioms: [propext, Quot.sound]
ℹ [3546/3719] Replayed Challenge.Ripemd160.Submission.Proofs.Bytecode.StaggerRawPaired64
info: Challenge/Ripemd160/Submission/Proofs/Bytecode/StaggerRawPaired64.lean:40:0: 'Challenge.Ripemd160.Submission.Proofs.Bytecode.StaggerRawPaired64.gasSteps' depends on axioms: [propext,
 Classical.choice,
 Quot.sound]
ℹ [3547/3719] Replayed Challenge.Ripemd160.Submission.Proofs.Bytecode.StaggerCorePaired64
info: Challenge/Ripemd160/Submission/Proofs/Bytecode/StaggerCorePaired64.lean:41:0: 'Challenge.Ripemd160.Submission.Proofs.Bytecode.StaggerCorePaired64.output_eq' depends on axioms: [propext, Quot.sound]
info: Challenge/Ripemd160/Submission/Proofs/Bytecode/StaggerCorePaired64.lean:56:0: 'Challenge.Ripemd160.Submission.Proofs.Bytecode.StaggerCorePaired64.gasSteps' depends on axioms: [propext,
 Classical.choice,
 Quot.sound]
ℹ [3548/3719] Replayed Challenge.Ripemd160.Submission.Proofs.Bytecode.StaggerRawPaired65Raw
info: Challenge/Ripemd160/Submission/Proofs/Bytecode/StaggerRawPaired65Raw.lean:140:0: 'Challenge.Ripemd160.Submission.Proofs.Bytecode.StaggerRawPaired65.run_actual' depends on axioms: [propext, Quot.sound]
ℹ [3549/3719] Replayed Challenge.Ripemd160.Submission.Proofs.Bytecode.StaggerRawPaired65
info: Challenge/Ripemd160/Submission/Proofs/Bytecode/StaggerRawPaired65.lean:40:0: 'Challenge.Ripemd160.Submission.Proofs.Bytecode.StaggerRawPaired65.gasSteps' depends on axioms: [propext,
 Classical.choice,
 Quot.sound]
ℹ [3550/3719] Replayed Challenge.Ripemd160.Submission.Proofs.Bytecode.StaggerCorePaired65
info: Challenge/Ripemd160/Submission/Proofs/Bytecode/StaggerCorePaired65.lean:41:0: 'Challenge.Ripemd160.Submission.Proofs.Bytecode.StaggerCorePaired65.output_eq' depends on axioms: [propext, Quot.sound]
info: Challenge/Ripemd160/Submission/Proofs/Bytecode/StaggerCorePaired65.lean:56:0: 'Challenge.Ripemd160.Submission.Proofs.Bytecode.StaggerCorePaired65.gasSteps' depends on axioms: [propext,
 Classical.choice,
 Quot.sound]
ℹ [3551/3719] Replayed Challenge.Ripemd160.Submission.Proofs.Bytecode.StaggerRawPaired66Raw
info: Challenge/Ripemd160/Submission/Proofs/Bytecode/StaggerRawPaired66Raw.lean:135:0: 'Challenge.Ripemd160.Submission.Proofs.Bytecode.StaggerRawPaired66.run_actual' depends on axioms: [propext, Quot.sound]
ℹ [3552/3719] Replayed Challenge.Ripemd160.Submission.Proofs.Bytecode.StaggerRawPaired66
info: Challenge/Ripemd160/Submission/Proofs/Bytecode/StaggerRawPaired66.lean:40:0: 'Challenge.Ripemd160.Submission.Proofs.Bytecode.StaggerRawPaired66.gasSteps' depends on axioms: [propext,
 Classical.choice,
 Quot.sound]
ℹ [3553/3719] Replayed Challenge.Ripemd160.Submission.Proofs.Bytecode.StaggerCorePaired66
info: Challenge/Ripemd160/Submission/Proofs/Bytecode/StaggerCorePaired66.lean:41:0: 'Challenge.Ripemd160.Submission.Proofs.Bytecode.StaggerCorePaired66.output_eq' depends on axioms: [propext, Quot.sound]
info: Challenge/Ripemd160/Submission/Proofs/Bytecode/StaggerCorePaired66.lean:56:0: 'Challenge.Ripemd160.Submission.Proofs.Bytecode.StaggerCorePaired66.gasSteps' depends on axioms: [propext,
 Classical.choice,
 Quot.sound]
ℹ [3554/3719] Replayed Challenge.Ripemd160.Submission.Proofs.Bytecode.StaggerRawPaired67Raw
info: Challenge/Ripemd160/Submission/Proofs/Bytecode/StaggerRawPaired67Raw.lean:137:0: 'Challenge.Ripemd160.Submission.Proofs.Bytecode.StaggerRawPaired67.run_actual' depends on axioms: [propext, Quot.sound]
ℹ [3555/3719] Replayed Challenge.Ripemd160.Submission.Proofs.Bytecode.StaggerRawPaired67
info: Challenge/Ripemd160/Submission/Proofs/Bytecode/StaggerRawPaired67.lean:40:0: 'Challenge.Ripemd160.Submission.Proofs.Bytecode.StaggerRawPaired67.gasSteps' depends on axioms: [propext,
 Classical.choice,
 Quot.sound]
ℹ [3556/3719] Replayed Challenge.Ripemd160.Submission.Proofs.Bytecode.StaggerCorePaired67
info: Challenge/Ripemd160/Submission/Proofs/Bytecode/StaggerCorePaired67.lean:41:0: 'Challenge.Ripemd160.Submission.Proofs.Bytecode.StaggerCorePaired67.output_eq' depends on axioms: [propext,
 Classical.choice,
 Quot.sound]
info: Challenge/Ripemd160/Submission/Proofs/Bytecode/StaggerCorePaired67.lean:56:0: 'Challenge.Ripemd160.Submission.Proofs.Bytecode.StaggerCorePaired67.gasSteps' depends on axioms: [propext,
 Classical.choice,
 Quot.sound]
ℹ [3557/3719] Replayed Challenge.Ripemd160.Submission.Proofs.Bytecode.StaggerRawPaired68Raw
info: Challenge/Ripemd160/Submission/Proofs/Bytecode/StaggerRawPaired68Raw.lean:135:0: 'Challenge.Ripemd160.Submission.Proofs.Bytecode.StaggerRawPaired68.run_actual' depends on axioms: [propext, Quot.sound]
ℹ [3558/3719] Replayed Challenge.Ripemd160.Submission.Proofs.Bytecode.StaggerRawPaired68
info: Challenge/Ripemd160/Submission/Proofs/Bytecode/StaggerRawPaired68.lean:40:0: 'Challenge.Ripemd160.Submission.Proofs.Bytecode.StaggerRawPaired68.gasSteps' depends on axioms: [propext,
 Classical.choice,
 Quot.sound]
ℹ [3559/3719] Replayed Challenge.Ripemd160.Submission.Proofs.Bytecode.StaggerCorePaired68
info: Challenge/Ripemd160/Submission/Proofs/Bytecode/StaggerCorePaired68.lean:41:0: 'Challenge.Ripemd160.Submission.Proofs.Bytecode.StaggerCorePaired68.output_eq' depends on axioms: [propext, Quot.sound]
info: Challenge/Ripemd160/Submission/Proofs/Bytecode/StaggerCorePaired68.lean:56:0: 'Challenge.Ripemd160.Submission.Proofs.Bytecode.StaggerCorePaired68.gasSteps' depends on axioms: [propext,
 Classical.choice,
 Quot.sound]
ℹ [3560/3719] Replayed Challenge.Ripemd160.Submission.Proofs.Bytecode.StaggerRawPaired69Raw
info: Challenge/Ripemd160/Submission/Proofs/Bytecode/StaggerRawPaired69Raw.lean:136:0: 'Challenge.Ripemd160.Submission.Proofs.Bytecode.StaggerRawPaired69.run_actual' depends on axioms: [propext, Quot.sound]
ℹ [3561/3719] Replayed Challenge.Ripemd160.Submission.Proofs.Bytecode.StaggerRawPaired69
info: Challenge/Ripemd160/Submission/Proofs/Bytecode/StaggerRawPaired69.lean:40:0: 'Challenge.Ripemd160.Submission.Proofs.Bytecode.StaggerRawPaired69.gasSteps' depends on axioms: [propext,
 Classical.choice,
 Quot.sound]
ℹ [3562/3719] Replayed Challenge.Ripemd160.Submission.Proofs.Bytecode.StaggerCorePaired69
info: Challenge/Ripemd160/Submission/Proofs/Bytecode/StaggerCorePaired69.lean:41:0: 'Challenge.Ripemd160.Submission.Proofs.Bytecode.StaggerCorePaired69.output_eq' depends on axioms: [propext, Quot.sound]
info: Challenge/Ripemd160/Submission/Proofs/Bytecode/StaggerCorePaired69.lean:56:0: 'Challenge.Ripemd160.Submission.Proofs.Bytecode.StaggerCorePaired69.gasSteps' depends on axioms: [propext,
 Classical.choice,
 Quot.sound]
ℹ [3563/3719] Replayed Challenge.Ripemd160.Submission.Proofs.Bytecode.StaggerRawPaired70Raw
info: Challenge/Ripemd160/Submission/Proofs/Bytecode/StaggerRawPaired70Raw.lean:129:0: 'Challenge.Ripemd160.Submission.Proofs.Bytecode.StaggerRawPaired70.run_actual' depends on axioms: [propext, Quot.sound]
ℹ [3564/3719] Replayed Challenge.Ripemd160.Submission.Proofs.Bytecode.StaggerRawPaired70
info: Challenge/Ripemd160/Submission/Proofs/Bytecode/StaggerRawPaired70.lean:40:0: 'Challenge.Ripemd160.Submission.Proofs.Bytecode.StaggerRawPaired70.gasSteps' depends on axioms: [propext,
 Classical.choice,
 Quot.sound]
ℹ [3565/3719] Replayed Challenge.Ripemd160.Submission.Proofs.Bytecode.StaggerCorePaired70
info: Challenge/Ripemd160/Submission/Proofs/Bytecode/StaggerCorePaired70.lean:41:0: 'Challenge.Ripemd160.Submission.Proofs.Bytecode.StaggerCorePaired70.output_eq' depends on axioms: [propext, Quot.sound]
info: Challenge/Ripemd160/Submission/Proofs/Bytecode/StaggerCorePaired70.lean:56:0: 'Challenge.Ripemd160.Submission.Proofs.Bytecode.StaggerCorePaired70.gasSteps' depends on axioms: [propext,
 Classical.choice,
 Quot.sound]
ℹ [3566/3719] Replayed Challenge.Ripemd160.Submission.Proofs.Bytecode.StaggerRawPaired71Raw
info: Challenge/Ripemd160/Submission/Proofs/Bytecode/StaggerRawPaired71Raw.lean:134:0: 'Challenge.Ripemd160.Submission.Proofs.Bytecode.StaggerRawPaired71.run_actual' depends on axioms: [propext, Quot.sound]
ℹ [3567/3719] Replayed Challenge.Ripemd160.Submission.Proofs.Bytecode.StaggerRawPaired71
info: Challenge/Ripemd160/Submission/Proofs/Bytecode/StaggerRawPaired71.lean:40:0: 'Challenge.Ripemd160.Submission.Proofs.Bytecode.StaggerRawPaired71.gasSteps' depends on axioms: [propext,
 Classical.choice,
 Quot.sound]
ℹ [3568/3719] Replayed Challenge.Ripemd160.Submission.Proofs.Bytecode.StaggerCorePaired71
info: Challenge/Ripemd160/Submission/Proofs/Bytecode/StaggerCorePaired71.lean:41:0: 'Challenge.Ripemd160.Submission.Proofs.Bytecode.StaggerCorePaired71.output_eq' depends on axioms: [propext, Quot.sound]
info: Challenge/Ripemd160/Submission/Proofs/Bytecode/StaggerCorePaired71.lean:56:0: 'Challenge.Ripemd160.Submission.Proofs.Bytecode.StaggerCorePaired71.gasSteps' depends on axioms: [propext,
 Classical.choice,
 Quot.sound]
ℹ [3569/3719] Replayed Challenge.Ripemd160.Submission.Proofs.Bytecode.StaggerRawPaired72Raw
info: Challenge/Ripemd160/Submission/Proofs/Bytecode/StaggerRawPaired72Raw.lean:141:0: 'Challenge.Ripemd160.Submission.Proofs.Bytecode.StaggerRawPaired72.run_actual' depends on axioms: [propext, Quot.sound]
ℹ [3570/3719] Replayed Challenge.Ripemd160.Submission.Proofs.Bytecode.StaggerRawPaired72
info: Challenge/Ripemd160/Submission/Proofs/Bytecode/StaggerRawPaired72.lean:40:0: 'Challenge.Ripemd160.Submission.Proofs.Bytecode.StaggerRawPaired72.gasSteps' depends on axioms: [propext,
 Classical.choice,
 Quot.sound]
ℹ [3571/3719] Replayed Challenge.Ripemd160.Submission.Proofs.Bytecode.StaggerCorePaired72
info: Challenge/Ripemd160/Submission/Proofs/Bytecode/StaggerCorePaired72.lean:41:0: 'Challenge.Ripemd160.Submission.Proofs.Bytecode.StaggerCorePaired72.output_eq' depends on axioms: [propext, Quot.sound]
info: Challenge/Ripemd160/Submission/Proofs/Bytecode/StaggerCorePaired72.lean:56:0: 'Challenge.Ripemd160.Submission.Proofs.Bytecode.StaggerCorePaired72.gasSteps' depends on axioms: [propext,
 Classical.choice,
 Quot.sound]
ℹ [3572/3719] Replayed Challenge.Ripemd160.Submission.Proofs.Bytecode.StaggerRawPaired73Raw
info: Challenge/Ripemd160/Submission/Proofs/Bytecode/StaggerRawPaired73Raw.lean:133:0: 'Challenge.Ripemd160.Submission.Proofs.Bytecode.StaggerRawPaired73.run_actual' depends on axioms: [propext, Quot.sound]
ℹ [3573/3719] Replayed Challenge.Ripemd160.Submission.Proofs.Bytecode.StaggerRawPaired73
info: Challenge/Ripemd160/Submission/Proofs/Bytecode/StaggerRawPaired73.lean:40:0: 'Challenge.Ripemd160.Submission.Proofs.Bytecode.StaggerRawPaired73.gasSteps' depends on axioms: [propext,
 Classical.choice,
 Quot.sound]
ℹ [3574/3719] Replayed Challenge.Ripemd160.Submission.Proofs.Bytecode.StaggerCorePaired73
info: Challenge/Ripemd160/Submission/Proofs/Bytecode/StaggerCorePaired73.lean:41:0: 'Challenge.Ripemd160.Submission.Proofs.Bytecode.StaggerCorePaired73.output_eq' depends on axioms: [propext,
 Classical.choice,
 Quot.sound]
info: Challenge/Ripemd160/Submission/Proofs/Bytecode/StaggerCorePaired73.lean:56:0: 'Challenge.Ripemd160.Submission.Proofs.Bytecode.StaggerCorePaired73.gasSteps' depends on axioms: [propext,
 Classical.choice,
 Quot.sound]
ℹ [3575/3719] Replayed Challenge.Ripemd160.Submission.Proofs.Bytecode.StaggerRawPaired74Raw
info: Challenge/Ripemd160/Submission/Proofs/Bytecode/StaggerRawPaired74Raw.lean:138:0: 'Challenge.Ripemd160.Submission.Proofs.Bytecode.StaggerRawPaired74.run_actual' depends on axioms: [propext, Quot.sound]
ℹ [3576/3719] Replayed Challenge.Ripemd160.Submission.Proofs.Bytecode.StaggerRawPaired74
info: Challenge/Ripemd160/Submission/Proofs/Bytecode/StaggerRawPaired74.lean:40:0: 'Challenge.Ripemd160.Submission.Proofs.Bytecode.StaggerRawPaired74.gasSteps' depends on axioms: [propext,
 Classical.choice,
 Quot.sound]
ℹ [3577/3719] Replayed Challenge.Ripemd160.Submission.Proofs.Bytecode.StaggerCorePaired74
info: Challenge/Ripemd160/Submission/Proofs/Bytecode/StaggerCorePaired74.lean:41:0: 'Challenge.Ripemd160.Submission.Proofs.Bytecode.StaggerCorePaired74.output_eq' depends on axioms: [propext, Quot.sound]
info: Challenge/Ripemd160/Submission/Proofs/Bytecode/StaggerCorePaired74.lean:56:0: 'Challenge.Ripemd160.Submission.Proofs.Bytecode.StaggerCorePaired74.gasSteps' depends on axioms: [propext,
 Classical.choice,
 Quot.sound]
ℹ [3578/3719] Replayed Challenge.Ripemd160.Submission.Proofs.Bytecode.StaggerRawPaired75Raw
info: Challenge/Ripemd160/Submission/Proofs/Bytecode/StaggerRawPaired75Raw.lean:131:0: 'Challenge.Ripemd160.Submission.Proofs.Bytecode.StaggerRawPaired75.run_actual' depends on axioms: [propext, Quot.sound]
ℹ [3579/3719] Replayed Challenge.Ripemd160.Submission.Proofs.Bytecode.StaggerRawPaired75
info: Challenge/Ripemd160/Submission/Proofs/Bytecode/StaggerRawPaired75.lean:40:0: 'Challenge.Ripemd160.Submission.Proofs.Bytecode.StaggerRawPaired75.gasSteps' depends on axioms: [propext,
 Classical.choice,
 Quot.sound]
ℹ [3580/3719] Replayed Challenge.Ripemd160.Submission.Proofs.Bytecode.StaggerCorePaired75
info: Challenge/Ripemd160/Submission/Proofs/Bytecode/StaggerCorePaired75.lean:42:0: 'Challenge.Ripemd160.Submission.Proofs.Bytecode.StaggerCorePaired75.output_eq' depends on axioms: [propext, Quot.sound]
info: Challenge/Ripemd160/Submission/Proofs/Bytecode/StaggerCorePaired75.lean:57:0: 'Challenge.Ripemd160.Submission.Proofs.Bytecode.StaggerCorePaired75.gasSteps' depends on axioms: [propext,
 Classical.choice,
 Quot.sound]
ℹ [3581/3719] Replayed Challenge.Ripemd160.Submission.Proofs.Bytecode.StaggerRawPaired76Raw
info: Challenge/Ripemd160/Submission/Proofs/Bytecode/StaggerRawPaired76Raw.lean:130:0: 'Challenge.Ripemd160.Submission.Proofs.Bytecode.StaggerRawPaired76.run_actual' depends on axioms: [propext, Quot.sound]
ℹ [3582/3719] Replayed Challenge.Ripemd160.Submission.Proofs.Bytecode.StaggerRawPaired76
info: Challenge/Ripemd160/Submission/Proofs/Bytecode/StaggerRawPaired76.lean:40:0: 'Challenge.Ripemd160.Submission.Proofs.Bytecode.StaggerRawPaired76.gasSteps' depends on axioms: [propext,
 Classical.choice,
 Quot.sound]
ℹ [3583/3719] Replayed Challenge.Ripemd160.Submission.Proofs.Bytecode.StaggerCorePaired76
info: Challenge/Ripemd160/Submission/Proofs/Bytecode/StaggerCorePaired76.lean:42:0: 'Challenge.Ripemd160.Submission.Proofs.Bytecode.StaggerCorePaired76.output_eq' depends on axioms: [propext, Quot.sound]
info: Challenge/Ripemd160/Submission/Proofs/Bytecode/StaggerCorePaired76.lean:57:0: 'Challenge.Ripemd160.Submission.Proofs.Bytecode.StaggerCorePaired76.gasSteps' depends on axioms: [propext,
 Classical.choice,
 Quot.sound]
ℹ [3585/3719] Replayed Challenge.Ripemd160.Submission.Proofs.Bytecode.StaggerRawUnpack
info: Challenge/Ripemd160/Submission/Proofs/Bytecode/StaggerRawUnpack.lean:101:0: 'Challenge.Ripemd160.Submission.Proofs.Bytecode.StaggerRawUnpack.run_actual' depends on axioms: [propext, Quot.sound]
info: Challenge/Ripemd160/Submission/Proofs/Bytecode/StaggerRawUnpack.lean:131:0: 'Challenge.Ripemd160.Submission.Proofs.Bytecode.StaggerRawUnpack.gasSteps' depends on axioms: [propext,
 Classical.choice,
 Quot.sound]
ℹ [3586/3719] Replayed Challenge.Ripemd160.Submission.Proofs.Bytecode.StaggerCoreUnpack
info: Challenge/Ripemd160/Submission/Proofs/Bytecode/StaggerCoreUnpack.lean:33:0: 'Challenge.Ripemd160.Submission.Proofs.Bytecode.StaggerCoreUnpack.output_eq' depends on axioms: [propext, Quot.sound]
info: Challenge/Ripemd160/Submission/Proofs/Bytecode/StaggerCoreUnpack.lean:44:0: 'Challenge.Ripemd160.Submission.Proofs.Bytecode.StaggerCoreUnpack.gasSteps' depends on axioms: [propext,
 Classical.choice,
 Quot.sound]
ℹ [3587/3719] Replayed Challenge.Ripemd160.Submission.Proofs.Bytecode.StaggerRawLeft77
info: Challenge/Ripemd160/Submission/Proofs/Bytecode/StaggerRawLeft77.lean:130:0: 'Challenge.Ripemd160.Submission.Proofs.Bytecode.StaggerRawLeft77.run_actual' depends on axioms: [propext, Quot.sound]
info: Challenge/Ripemd160/Submission/Proofs/Bytecode/StaggerRawLeft77.lean:160:0: 'Challenge.Ripemd160.Submission.Proofs.Bytecode.StaggerRawLeft77.gasSteps' depends on axioms: [propext,
 Classical.choice,
 Quot.sound]
ℹ [3588/3719] Replayed Challenge.Ripemd160.Submission.Proofs.Bytecode.StaggerCoreLeft77
info: Challenge/Ripemd160/Submission/Proofs/Bytecode/StaggerCoreLeft77.lean:33:0: 'Challenge.Ripemd160.Submission.Proofs.Bytecode.StaggerCoreLeft77.output_eq' depends on axioms: [propext, Quot.sound]
info: Challenge/Ripemd160/Submission/Proofs/Bytecode/StaggerCoreLeft77.lean:44:0: 'Challenge.Ripemd160.Submission.Proofs.Bytecode.StaggerCoreLeft77.gasSteps' depends on axioms: [propext,
 Classical.choice,
 Quot.sound]
ℹ [3589/3719] Replayed Challenge.Ripemd160.Submission.Proofs.Bytecode.StaggerRawLeft78
info: Challenge/Ripemd160/Submission/Proofs/Bytecode/StaggerRawLeft78.lean:134:0: 'Challenge.Ripemd160.Submission.Proofs.Bytecode.StaggerRawLeft78.run_actual' depends on axioms: [propext, Quot.sound]
info: Challenge/Ripemd160/Submission/Proofs/Bytecode/StaggerRawLeft78.lean:164:0: 'Challenge.Ripemd160.Submission.Proofs.Bytecode.StaggerRawLeft78.gasSteps' depends on axioms: [propext,
 Classical.choice,
 Quot.sound]
ℹ [3590/3719] Replayed Challenge.Ripemd160.Submission.Proofs.Bytecode.StaggerCoreLeft78
info: Challenge/Ripemd160/Submission/Proofs/Bytecode/StaggerCoreLeft78.lean:32:0: 'Challenge.Ripemd160.Submission.Proofs.Bytecode.StaggerCoreLeft78.output_eq' depends on axioms: [propext, Quot.sound]
info: Challenge/Ripemd160/Submission/Proofs/Bytecode/StaggerCoreLeft78.lean:43:0: 'Challenge.Ripemd160.Submission.Proofs.Bytecode.StaggerCoreLeft78.gasSteps' depends on axioms: [propext,
 Classical.choice,
 Quot.sound]
ℹ [3591/3719] Replayed Challenge.Ripemd160.Submission.Proofs.Bytecode.StaggerRawLeft79
info: Challenge/Ripemd160/Submission/Proofs/Bytecode/StaggerRawLeft79.lean:131:0: 'Challenge.Ripemd160.Submission.Proofs.Bytecode.StaggerRawLeft79.run_actual' depends on axioms: [propext, Quot.sound]
info: Challenge/Ripemd160/Submission/Proofs/Bytecode/StaggerRawLeft79.lean:161:0: 'Challenge.Ripemd160.Submission.Proofs.Bytecode.StaggerRawLeft79.gasSteps' depends on axioms: [propext,
 Classical.choice,
 Quot.sound]
ℹ [3592/3719] Replayed Challenge.Ripemd160.Submission.Proofs.Bytecode.StaggerCoreLeft79
info: Challenge/Ripemd160/Submission/Proofs/Bytecode/StaggerCoreLeft79.lean:32:0: 'Challenge.Ripemd160.Submission.Proofs.Bytecode.StaggerCoreLeft79.output_eq' depends on axioms: [propext, Quot.sound]
info: Challenge/Ripemd160/Submission/Proofs/Bytecode/StaggerCoreLeft79.lean:43:0: 'Challenge.Ripemd160.Submission.Proofs.Bytecode.StaggerCoreLeft79.gasSteps' depends on axioms: [propext,
 Classical.choice,
 Quot.sound]
ℹ [3594/3719] Replayed Challenge.Ripemd160.Submission.Proofs.Bytecode.StaggerCore
info: Challenge/Ripemd160/Submission/Proofs/Bytecode/StaggerCore.lean:2302:0: 'Challenge.Ripemd160.Submission.Proofs.Bytecode.StaggerCore.gasSteps_step' depends on axioms: [propext,
 Classical.choice,
 Quot.sound]
info: Challenge/Ripemd160/Submission/Proofs/Bytecode/StaggerCore.lean:2303:0: 'Challenge.Ripemd160.Submission.Proofs.Bytecode.StaggerCore.gasSteps_prefix' depends on axioms: [propext,
 Classical.choice,
 Quot.sound]
info: Challenge/Ripemd160/Submission/Proofs/Bytecode/StaggerCore.lean:2304:0: 'Challenge.Ripemd160.Submission.Proofs.Bytecode.StaggerCore.gasSteps_suffix' depends on axioms: [propext,
 Classical.choice,
 Quot.sound]
info: Challenge/Ripemd160/Submission/Proofs/Bytecode/StaggerCore.lean:2305:0: 'Challenge.Ripemd160.Submission.Proofs.Bytecode.StaggerCore.gasSteps_pairedSuffix' depends on axioms: [propext,
 Classical.choice,
 Quot.sound]
ℹ [3595/3719] Replayed Challenge.Ripemd160.Submission.Proofs.Bytecode.StaggerPersistentPackBridge
info: Challenge/Ripemd160/Submission/Proofs/Bytecode/StaggerPersistentPackBridge.lean:56:0: 'Challenge.Ripemd160.Submission.Proofs.Bytecode.StaggerPersistentPackBridge.gasSteps' depends on axioms: [propext,
 Classical.choice,
 Quot.sound]
ℹ [3596/3719] Replayed Challenge.Ripemd160.Submission.Proofs.Bytecode.StaggerPersistentCoreBody
info: Challenge/Ripemd160/Submission/Proofs/Bytecode/StaggerPersistentCoreBody.lean:27:0: 'Challenge.Ripemd160.Submission.Proofs.Bytecode.StaggerPersistentCoreBody.gasSteps' depends on axioms: [propext,
 Classical.choice,
 Quot.sound]
ℹ [3597/3719] Replayed Challenge.Ripemd160.Submission.Proofs.Bytecode.StaggerPersistentBootstrapBridge
info: Challenge/Ripemd160/Submission/Proofs/Bytecode/StaggerPersistentBootstrapBridge.lean:30:0: 'Challenge.Ripemd160.Submission.Proofs.Bytecode.StaggerPersistentBootstrapBridge.gasSteps_body' depends on axioms: [propext,
 Classical.choice,
 Quot.sound]
ℹ [3598/3719] Replayed Challenge.Ripemd160.Submission.Proofs.Bytecode.PersistentStaggerTailBridge
info: Challenge/Ripemd160/Submission/Proofs/Bytecode/PersistentStaggerTailBridge.lean:61:0: 'Challenge.Ripemd160.Submission.Proofs.Bytecode.PersistentStaggerTailBridge.combine_eq' depends on axioms: [propext,
 Quot.sound]
info: Challenge/Ripemd160/Submission/Proofs/Bytecode/PersistentStaggerTailBridge.lean:62:0: 'Challenge.Ripemd160.Submission.Proofs.Bytecode.PersistentStaggerTailBridge.gasSteps' depends on axioms: [propext,
 Classical.choice,
 Quot.sound]
ℹ [3599/3719] Replayed Challenge.Ripemd160.Submission.Proofs.Bytecode.ColdOrdinaryBlock
info: Challenge/Ripemd160/Submission/Proofs/Bytecode/ColdOrdinaryBlock.lean:49:0: 'Challenge.Ripemd160.Submission.Proofs.Bytecode.ColdOrdinaryBlock.gasSteps' depends on axioms: [propext,
 Classical.choice,
 Quot.sound]
ℹ [3600/3719] Replayed Challenge.Ripemd160.Submission.Proofs.Bytecode.PersistentStaggerIteration
info: Challenge/Ripemd160/Submission/Proofs/Bytecode/PersistentStaggerIteration.lean:155:0: 'Challenge.Ripemd160.Submission.Proofs.Bytecode.PersistentStaggerIteration.initial_context' depends on axioms: [propext,
 Classical.choice,
 Quot.sound]
info: Challenge/Ripemd160/Submission/Proofs/Bytecode/PersistentStaggerIteration.lean:156:0: 'Challenge.Ripemd160.Submission.Proofs.Bytecode.PersistentStaggerIteration.states_context' depends on axioms: [propext,
 Classical.choice,
 Quot.sound]
info: Challenge/Ripemd160/Submission/Proofs/Bytecode/PersistentStaggerIteration.lean:157:0: 'Challenge.Ripemd160.Submission.Proofs.Bytecode.PersistentStaggerIteration.states_activeWords' depends on axioms: [propext,
 Classical.choice,
 Quot.sound]
info: Challenge/Ripemd160/Submission/Proofs/Bytecode/PersistentStaggerIteration.lean:158:0: 'Challenge.Ripemd160.Submission.Proofs.Bytecode.PersistentStaggerIteration.states_ready' depends on axioms: [propext,
 Classical.choice,
 Quot.sound]
info: Challenge/Ripemd160/Submission/Proofs/Bytecode/PersistentStaggerIteration.lean:159:0: 'Challenge.Ripemd160.Submission.Proofs.Bytecode.PersistentStaggerIteration.hashArray_hashes' depends on axioms: [propext,
 Classical.choice,
 Quot.sound]
ℹ [3601/3719] Replayed Challenge.Ripemd160.Submission.Proofs.Bytecode.ColdOrdinaryCorrect
info: Challenge/Ripemd160/Submission/Proofs/Bytecode/ColdOrdinaryCorrect.lean:30:0: 'Challenge.Ripemd160.Submission.Proofs.Bytecode.ColdOrdinaryCorrect.correct' depends on axioms: [propext,
 Classical.choice,
 Quot.sound]
ℹ [3602/3719] Replayed Challenge.Ripemd160.Submission.Proofs.Bytecode.Shared32Core
info: Challenge/Ripemd160/Submission/Proofs/Bytecode/Shared32Core.lean:101:0: 'Challenge.Ripemd160.Submission.Proofs.Bytecode.Shared32Core.gasSteps_body' depends on axioms: [propext,
 Classical.choice,
 Quot.sound]
info: Challenge/Ripemd160/Submission/Proofs/Bytecode/Shared32Core.lean:102:0: 'Challenge.Ripemd160.Submission.Proofs.Bytecode.Shared32Core.gasSteps' depends on axioms: [propext,
 Classical.choice,
 Quot.sound]
info: Challenge/Ripemd160/Submission/Proofs/Bytecode/Shared32Core.lean:103:0: 'Challenge.Ripemd160.Submission.Proofs.Bytecode.Shared32Core.returned_spec' depends on axioms: [propext,
 Classical.choice,
 Quot.sound]
ℹ [3603/3719] Replayed Challenge.Ripemd160.Submission.Proofs.Bytecode.Shared32Trace
info: Challenge/Ripemd160/Submission/Proofs/Bytecode/Shared32Trace.lean:91:0: 'Challenge.Ripemd160.Submission.Proofs.Bytecode.Shared32Trace.gasSteps_sparse' depends on axioms: [propext,
 Classical.choice,
 Quot.sound]
info: Challenge/Ripemd160/Submission/Proofs/Bytecode/Shared32Trace.lean:92:0: 'Challenge.Ripemd160.Submission.Proofs.Bytecode.Shared32Trace.gasSteps_table' depends on axioms: [propext,
 Classical.choice,
 Quot.sound]
ℹ [3604/3719] Replayed Challenge.Ripemd160.Submission.Proofs.Bytecode.Shared32Alignment
info: Challenge/Ripemd160/Submission/Proofs/Bytecode/Shared32Alignment.lean:57:0: 'Challenge.Ripemd160.Submission.Proofs.Bytecode.Shared32Alignment.gasSteps' depends on axioms: [propext,
 Classical.choice,
 Quot.sound]
ℹ [3605/3719] Replayed Challenge.Ripemd160.Submission.Proofs.Bytecode.Shared32Spec
info: Challenge/Ripemd160/Submission/Proofs/Bytecode/Shared32Spec.lean:131:0: 'Challenge.Ripemd160.Submission.Proofs.Bytecode.Shared32Spec.scalars_schedule' depends on axioms: [propext,
 Classical.choice,
 Quot.sound]
info: Challenge/Ripemd160/Submission/Proofs/Bytecode/Shared32Spec.lean:132:0: 'Challenge.Ripemd160.Submission.Proofs.Bytecode.Shared32Spec.ready_spec' depends on axioms: [propext,
 Classical.choice,
 Quot.sound]
ℹ [3606/3719] Replayed Challenge.Ripemd160.Submission.Proofs.Bytecode.Shared32Start
info: Challenge/Ripemd160/Submission/Proofs/Bytecode/Shared32Start.lean:124:0: 'Challenge.Ripemd160.Submission.Proofs.Bytecode.Shared32Start.gasSteps' depends on axioms: [propext,
 Classical.choice,
 Quot.sound]
info: Challenge/Ripemd160/Submission/Proofs/Bytecode/Shared32Start.lean:125:0: 'Challenge.Ripemd160.Submission.Proofs.Bytecode.Shared32Start.table_ready' depends on axioms: [propext,
 Classical.choice,
 Quot.sound]
ℹ [3607/3719] Replayed Challenge.Ripemd160.Submission.Proofs.Bytecode.Shared32Correct
info: Challenge/Ripemd160/Submission/Proofs/Bytecode/Shared32Correct.lean:36:0: 'Challenge.Ripemd160.Submission.Proofs.Bytecode.Shared32Correct.eval_of_returned_trace' depends on axioms: [propext,
 Classical.choice,
 Quot.sound]
info: Challenge/Ripemd160/Submission/Proofs/Bytecode/Shared32Correct.lean:37:0: 'Challenge.Ripemd160.Submission.Proofs.Bytecode.Shared32Correct.eval_of_initial_returned' depends on axioms: [propext,
 Classical.choice,
 Quot.sound]
info: Challenge/Ripemd160/Submission/Proofs/Bytecode/Shared32Correct.lean:61:0: 'Challenge.Ripemd160.Submission.Proofs.Bytecode.Shared32Correct.gasSteps' depends on axioms: [propext,
 Classical.choice,
 Quot.sound]
info: Challenge/Ripemd160/Submission/Proofs/Bytecode/Shared32Correct.lean:62:0: 'Challenge.Ripemd160.Submission.Proofs.Bytecode.Shared32Correct.correct' depends on axioms: [propext,
 Classical.choice,
 Quot.sound]
ℹ [3608/3719] Replayed Challenge.Ripemd160.Submission.Proofs.Bytecode.ColdTailCorrect
info: Challenge/Ripemd160/Submission/Proofs/Bytecode/ColdTailCorrect.lean:99:0: 'Challenge.Ripemd160.Submission.Proofs.Bytecode.ColdTailCorrect.gasSteps_start' depends on axioms: [propext,
 Classical.choice,
 Quot.sound]
info: Challenge/Ripemd160/Submission/Proofs/Bytecode/ColdTailCorrect.lean:100:0: 'Challenge.Ripemd160.Submission.Proofs.Bytecode.ColdTailCorrect.correct' depends on axioms: [propext,
 Classical.choice,
 Quot.sound]
ℹ [3609/3719] Replayed Challenge.Ripemd160.Submission.Proofs.Bytecode.Shared32TailCorrect
info: Challenge/Ripemd160/Submission/Proofs/Bytecode/Shared32TailCorrect.lean:96:0: 'Challenge.Ripemd160.Submission.Proofs.Bytecode.Shared32TailCorrect.gasSteps_start' depends on axioms: [propext,
 Classical.choice,
 Quot.sound]
info: Challenge/Ripemd160/Submission/Proofs/Bytecode/Shared32TailCorrect.lean:97:0: 'Challenge.Ripemd160.Submission.Proofs.Bytecode.Shared32TailCorrect.gasSteps_core' depends on axioms: [propext,
 Classical.choice,
 Quot.sound]
info: Challenge/Ripemd160/Submission/Proofs/Bytecode/Shared32TailCorrect.lean:98:0: 'Challenge.Ripemd160.Submission.Proofs.Bytecode.Shared32TailCorrect.correct' depends on axioms: [propext,
 Classical.choice,
 Quot.sound]
ℹ [3610/3719] Replayed Challenge.Ripemd160.Submission.Proofs.Bytecode.ColdCorrect
info: Challenge/Ripemd160/Submission/Proofs/Bytecode/ColdCorrect.lean:19:0: 'Challenge.Ripemd160.Submission.Proofs.Bytecode.ColdCorrect.correct' depends on axioms: [propext,
 Classical.choice,
 Quot.sound]
ℹ [3611/3719] Replayed Challenge.Ripemd160.Submission.Proofs.Bytecode.StackCorrect
info: Challenge/Ripemd160/Submission/Proofs/Bytecode/StackCorrect.lean:29:0: 'Challenge.Ripemd160.Submission.Proofs.Bytecode.StackCorrect.correct_tail' depends on axioms: [propext,
 Classical.choice,
 Quot.sound]
info: Challenge/Ripemd160/Submission/Proofs/Bytecode/StackCorrect.lean:30:0: 'Challenge.Ripemd160.Submission.Proofs.Bytecode.StackCorrect.correct' depends on axioms: [propext,
 Classical.choice,
 Quot.sound]
ℹ [3612/3719] Replayed Challenge.Ripemd160.Submission.Proofs.Bytecode.PatternedScanMask
info: Challenge/Ripemd160/Submission/Proofs/Bytecode/PatternedScanMask.lean:187:0: 'Challenge.Ripemd160.Submission.Proofs.Bytecode.TailProjection.shiftRight_xor' depends on axioms: [propext, Quot.sound]
info: Challenge/Ripemd160/Submission/Proofs/Bytecode/PatternedScanMask.lean:188:0: 'Challenge.Ripemd160.Submission.Proofs.Bytecode.TailProjection.shifted_readWord_xor_zero_iff' depends on axioms: [propext,
 Classical.choice,
 Quot.sound]
info: Challenge/Ripemd160/Submission/Proofs/Bytecode/PatternedScanMask.lean:190:0: 'Challenge.Ripemd160.Submission.Proofs.Bytecode.TailProjection.shifted_readWord_xor_zero_iff_bytes' depends on axioms: [propext,
 Classical.choice,
 Quot.sound]
info: Challenge/Ripemd160/Submission/Proofs/Bytecode/PatternedScanMask.lean:192:0: 'Challenge.Ripemd160.Submission.Proofs.Bytecode.TailProjection.eq_of_masked_words' depends on axioms: [propext,
 Classical.choice,
 Quot.sound]
info: Challenge/Ripemd160/Submission/Proofs/Bytecode/PatternedScanMask.lean:194:0: 'Challenge.Ripemd160.Submission.Proofs.Bytecode.TailProjection.guardedAcc_zero_iff_eq' depends on axioms: [propext,
 Classical.choice,
 Quot.sound]
info: Challenge/Ripemd160/Submission/Proofs/Bytecode/PatternedScanMask.lean:310:0: 'Challenge.Ripemd160.Submission.Proofs.Bytecode.TailProjectionInstances.acc376_zero_iff' depends on axioms: [propext,
 Classical.choice,
 Quot.sound]
info: Challenge/Ripemd160/Submission/Proofs/Bytecode/PatternedScanMask.lean:311:0: 'Challenge.Ripemd160.Submission.Proofs.Bytecode.TailProjectionInstances.acc1000_zero_iff' depends on axioms: [propext,
 Classical.choice,
 Quot.sound]
ℹ [3614/3719] Replayed Challenge.Ripemd160.Submission.Proofs.Bytecode.AbcDigest
info: Challenge/Ripemd160/Submission/Proofs/Bytecode/AbcDigest.lean:84:0: 'Challenge.Ripemd160.Submission.Proofs.Bytecode.AbcDigest.spec_abc' depends on axioms: [propext,
 Classical.choice,
 Quot.sound]
ℹ [3616/3719] Replayed Challenge.Ripemd160.Submission.Proofs.Bytecode.TinyGuardLogic
info: Challenge/Ripemd160/Submission/Proofs/Bytecode/TinyGuardLogic.lean:113:0: 'Challenge.Ripemd160.Submission.Proofs.Bytecode.TinyGuardLogic.zero_cases' depends on axioms: [propext,
 Classical.choice,
 Quot.sound]
ℹ [3618/3719] Replayed Challenge.Ripemd160.Submission.Proofs.Bytecode.PackedLengthLookup
info: Challenge/Ripemd160/Submission/Proofs/Bytecode/PackedLengthLookup.lean:83:0: 'Challenge.Ripemd160.Submission.Proofs.Bytecode.PackedLengthLookup.flag' depends on axioms: [propext,
 Classical.choice,
 Quot.sound]
ℹ [3620/3719] Replayed Challenge.Ripemd160.Submission.Proofs.Bytecode.J2EntryWindow
info: Challenge/Ripemd160/Submission/Proofs/Bytecode/J2EntryWindow.lean:74:0: 'Challenge.Ripemd160.Submission.Proofs.Bytecode.J2EntryWindow.get' depends on axioms: [propext, Quot.sound]
info: Challenge/Ripemd160/Submission/Proofs/Bytecode/J2EntryWindow.lean:75:0: 'Challenge.Ripemd160.Submission.Proofs.Bytecode.J2EntryWindow.pc' depends on axioms: [propext, Quot.sound]
ℹ [3623/3719] Replayed Challenge.Ripemd160.Submission.Proofs.Bytecode.GuardInstructionWindow
info: Challenge/Ripemd160/Submission/Proofs/Bytecode/GuardInstructionWindow.lean:51:0: 'Challenge.Ripemd160.Submission.Proofs.Bytecode.GuardInstructionWindow.get' depends on axioms: [propext, Quot.sound]
info: Challenge/Ripemd160/Submission/Proofs/Bytecode/GuardInstructionWindow.lean:52:0: 'Challenge.Ripemd160.Submission.Proofs.Bytecode.GuardInstructionWindow.pc' depends on axioms: [propext, Quot.sound]
ℹ [3624/3719] Replayed Challenge.Ripemd160.Submission.Proofs.Bytecode.AbcRecognition
info: Challenge/Ripemd160/Submission/Proofs/Bytecode/AbcRecognition.lean:115:0: 'Challenge.Ripemd160.Submission.Proofs.Bytecode.AbcRecognition.input_eq_abc' depends on axioms: [propext,
 Classical.choice,
 Quot.sound]
ℹ [3625/3719] Replayed Challenge.Ripemd160.Submission.Proofs.Bytecode.AbcArm
info: Challenge/Ripemd160/Submission/Proofs/Bytecode/AbcArm.lean:500:0: 'Challenge.Ripemd160.Submission.Proofs.Bytecode.AbcArm.correct_hit' depends on axioms: [propext,
 Classical.choice,
 Quot.sound]
info: Challenge/Ripemd160/Submission/Proofs/Bytecode/AbcArm.lean:501:0: 'Challenge.Ripemd160.Submission.Proofs.Bytecode.AbcArm.gasSteps_miss' depends on axioms: [propext,
 Classical.choice,
 Quot.sound]
ℹ [3626/3719] Replayed Challenge.Ripemd160.Submission.Proofs.Bytecode.SizeLookupFlag
info: Challenge/Ripemd160/Submission/Proofs/Bytecode/SizeLookupFlag.lean:93:0: 'Challenge.Ripemd160.Submission.Proofs.Bytecode.SizeLookupFlag.flag' depends on axioms: [propext,
 Classical.choice,
 Quot.sound]
ℹ [3660/3719] Replayed Challenge.Ripemd160.Submission.Proofs.Bytecode.RootOverlapGuard
info: Challenge/Ripemd160/Submission/Proofs/Bytecode/RootOverlapGuard.lean:37:0: 'Challenge.Ripemd160.Submission.Proofs.Bytecode.RootOverlapGuard.fullOverlap_implies_tail' depends on axioms: [propext,
 Classical.choice,
 Quot.sound]
info: Challenge/Ripemd160/Submission/Proofs/Bytecode/RootOverlapGuard.lean:68:0: 'Challenge.Ripemd160.Submission.Proofs.Bytecode.RootOverlapGuard.target_overlap' depends on axioms: [propext,
 Classical.choice,
 Quot.sound]
info: Challenge/Ripemd160/Submission/Proofs/Bytecode/RootOverlapGuard.lean:101:0: 'Challenge.Ripemd160.Submission.Proofs.Bytecode.RootOverlapGuard.finalAcc_zero_iff_target' depends on axioms: [propext,
 Classical.choice,
 Quot.sound]
info: Challenge/Ripemd160/Submission/Proofs/Bytecode/RootOverlapGuard.lean:102:0: 'Challenge.Ripemd160.Submission.Proofs.Bytecode.RootOverlapGuard.finalAcc_zero_iff_old' depends on axioms: [propext,
 Classical.choice,
 Quot.sound]
ℹ [3661/3719] Replayed Challenge.Ripemd160.Submission.Proofs.Bytecode.DirectGuardGrouping
info: Challenge/Ripemd160/Submission/Proofs/Bytecode/DirectGuardGrouping.lean:57:0: 'Challenge.Ripemd160.Submission.Proofs.Bytecode.DirectGuardGrouping.loopAcc_pair' depends on axioms: [propext,
 Quot.sound]
info: Challenge/Ripemd160/Submission/Proofs/Bytecode/DirectGuardGrouping.lean:58:0: 'Challenge.Ripemd160.Submission.Proofs.Bytecode.DirectGuardGrouping.foldl_reverse' depends on axioms: [propext,
 Quot.sound]
info: Challenge/Ripemd160/Submission/Proofs/Bytecode/DirectGuardGrouping.lean:237:0: 'Challenge.Ripemd160.Submission.Proofs.Bytecode.DirectGuard.reverseAcc_zero_target' depends on axioms: [propext,
 Classical.choice,
 Quot.sound]
info: Challenge/Ripemd160/Submission/Proofs/Bytecode/DirectGuardGrouping.lean:238:0: 'Challenge.Ripemd160.Submission.Proofs.Bytecode.DirectGuard.reverseAcc_target_zero' depends on axioms: [propext,
 Classical.choice,
 Quot.sound]
ℹ [3665/3719] Replayed Challenge.Ripemd160.Submission.Proofs.Bytecode.RecognitionSwar
info: Challenge/Ripemd160/Submission/Proofs/Bytecode/RecognitionSwar.lean:62:0: 'Challenge.Ripemd160.Submission.Proofs.Bytecode.RecognitionSwar.no_carry32' depends on axioms: [propext, Quot.sound]
info: Challenge/Ripemd160/Submission/Proofs/Bytecode/RecognitionSwar.lean:63:0: 'Challenge.Ripemd160.Submission.Proofs.Bytecode.RecognitionSwar.no_carry43' depends on axioms: [propext, Quot.sound]
info: Challenge/Ripemd160/Submission/Proofs/Bytecode/RecognitionSwar.lean:64:0: 'Challenge.Ripemd160.Submission.Proofs.Bytecode.RecognitionSwar.byte32' depends on axioms: [propext, Quot.sound]
info: Challenge/Ripemd160/Submission/Proofs/Bytecode/RecognitionSwar.lean:65:0: 'Challenge.Ripemd160.Submission.Proofs.Bytecode.RecognitionSwar.byte43' depends on axioms: [propext, Quot.sound]
ℹ [3666/3719] Replayed Challenge.Ripemd160.Submission.Proofs.Bytecode.RecognitionRecurrence
info: Challenge/Ripemd160/Submission/Proofs/Bytecode/RecognitionRecurrence.lean:62:0: 'Challenge.Ripemd160.Submission.Proofs.Bytecode.RecognitionRecurrence.baseWord_eq_rawWord' depends on axioms: [propext]
info: Challenge/Ripemd160/Submission/Proofs/Bytecode/RecognitionRecurrence.lean:63:0: 'Challenge.Ripemd160.Submission.Proofs.Bytecode.RecognitionRecurrence.correction_eq_original' does not depend on any axioms
info: Challenge/Ripemd160/Submission/Proofs/Bytecode/RecognitionRecurrence.lean:64:0: 'Challenge.Ripemd160.Submission.Proofs.Bytecode.RecognitionRecurrence.compareWord_eq_expected' depends on axioms: [propext]
info: Challenge/Ripemd160/Submission/Proofs/Bytecode/RecognitionRecurrence.lean:65:0: 'Challenge.Ripemd160.Submission.Proofs.Bytecode.RecognitionRecurrence.partial31' depends on axioms: [propext]
ℹ [3667/3719] Replayed Challenge.Ripemd160.Submission.Proofs.Bytecode.RecognitionAccumulator
info: Challenge/Ripemd160/Submission/Proofs/Bytecode/RecognitionAccumulator.lean:147:0: 'Challenge.Ripemd160.Submission.Proofs.Bytecode.RecognitionAccumulator.resultAcc_eq_allAcc' depends on axioms: [propext,
 Quot.sound]
info: Challenge/Ripemd160/Submission/Proofs/Bytecode/RecognitionAccumulator.lean:148:0: 'Challenge.Ripemd160.Submission.Proofs.Bytecode.RecognitionAccumulator.resultAcc_zero_iff' depends on axioms: [propext,
 Classical.choice,
 Quot.sound]
info: Challenge/Ripemd160/Submission/Proofs/Bytecode/RecognitionAccumulator.lean:150:0: 'Challenge.Ripemd160.Submission.Proofs.Bytecode.RecognitionAccumulator.bytesToNatPadded_reference' depends on axioms: [propext,
 Classical.choice,
 Quot.sound]
info: Challenge/Ripemd160/Submission/Proofs/Bytecode/RecognitionAccumulator.lean:151:0: 'Challenge.Ripemd160.Submission.Proofs.Bytecode.RecognitionAccumulator.projection' depends on axioms: [propext,
 Classical.choice,
 Quot.sound]
info: Challenge/Ripemd160/Submission/Proofs/Bytecode/RecognitionAccumulator.lean:152:0: 'Challenge.Ripemd160.Submission.Proofs.Bytecode.RecognitionAccumulator.allAcc_zero_iff' depends on axioms: [propext,
 Classical.choice,
 Quot.sound]
ℹ [3674/3719] Replayed Challenge.Ripemd160.Submission.Proofs.Bytecode.DirectGuardLoop
info: Challenge/Ripemd160/Submission/Proofs/Bytecode/DirectGuardLoop.lean:130:0: 'Challenge.Ripemd160.Submission.Proofs.Bytecode.DirectGuard.run_reverse_triple' depends on axioms: [propext,
 Classical.choice,
 Quot.sound]
info: Challenge/Ripemd160/Submission/Proofs/Bytecode/DirectGuardLoop.lean:131:0: 'Challenge.Ripemd160.Submission.Proofs.Bytecode.DirectGuard.run_loop_more' depends on axioms: [propext,
 Classical.choice,
 Quot.sound]
info: Challenge/Ripemd160/Submission/Proofs/Bytecode/DirectGuardLoop.lean:132:0: 'Challenge.Ripemd160.Submission.Proofs.Bytecode.DirectGuard.run_loop_last' depends on axioms: [propext,
 Classical.choice,
 Quot.sound]
ℹ [3676/3719] Replayed Challenge.Ripemd160.Submission.Proofs.Bytecode.EntryPrefilter
info: Challenge/Ripemd160/Submission/Proofs/Bytecode/EntryPrefilter.lean:135:0: 'Challenge.Ripemd160.Submission.Proofs.Bytecode.EntryPrefilter.gasSteps_fall' depends on axioms: [propext,
 Classical.choice,
 Quot.sound]
info: Challenge/Ripemd160/Submission/Proofs/Bytecode/EntryPrefilter.lean:136:0: 'Challenge.Ripemd160.Submission.Proofs.Bytecode.EntryPrefilter.gasSteps_taken' depends on axioms: [propext,
 Classical.choice,
 Quot.sound]
ℹ [3677/3719] Replayed Challenge.Ripemd160.Submission.Proofs.Bytecode.DirectGuard
info: Challenge/Ripemd160/Submission/Proofs/Bytecode/DirectGuard.lean:157:0: 'Challenge.Ripemd160.Submission.Proofs.Bytecode.DirectGuard.correct_of_recognition' depends on axioms: [propext,
 Classical.choice,
 Quot.sound]
ℹ [3680/3719] Replayed Challenge.Ripemd160.Submission.Proofs.Bytecode.RecognitionDigest1
info: Challenge/Ripemd160/Submission/Proofs/Bytecode/RecognitionDigest1.lean:49:0: 'Challenge.Ripemd160.Submission.Proofs.Bytecode.RecognitionDigest1.spec_data' depends on axioms: [propext,
 Classical.choice,
 Quot.sound]
ℹ [3681/3719] Replayed Challenge.Ripemd160.Submission.Proofs.Bytecode.RecognitionDigest31
info: Challenge/Ripemd160/Submission/Proofs/Bytecode/RecognitionDigest31.lean:49:0: 'Challenge.Ripemd160.Submission.Proofs.Bytecode.RecognitionDigest31.spec_data' depends on axioms: [propext,
 Classical.choice,
 Quot.sound]
ℹ [3682/3719] Replayed Challenge.Ripemd160.Submission.Proofs.Bytecode.RecognitionDigest32
info: Challenge/Ripemd160/Submission/Proofs/Bytecode/RecognitionDigest32.lean:49:0: 'Challenge.Ripemd160.Submission.Proofs.Bytecode.RecognitionDigest32.spec_data' depends on axioms: [propext,
 Classical.choice,
 Quot.sound]
ℹ [3683/3719] Replayed Challenge.Ripemd160.Submission.Proofs.Bytecode.RecognitionDigest55
info: Challenge/Ripemd160/Submission/Proofs/Bytecode/RecognitionDigest55.lean:49:0: 'Challenge.Ripemd160.Submission.Proofs.Bytecode.RecognitionDigest55.spec_data' depends on axioms: [propext,
 Classical.choice,
 Quot.sound]
ℹ [3684/3719] Replayed Challenge.Ripemd160.Submission.Proofs.Bytecode.RecognitionDigest64
info: Challenge/Ripemd160/Submission/Proofs/Bytecode/RecognitionDigest64.lean:25:0: 'Challenge.Ripemd160.Submission.Proofs.Bytecode.RecognitionDigest64.spec_data' depends on axioms: [propext,
 Classical.choice,
 Quot.sound]
ℹ [3685/3719] Replayed Challenge.Ripemd160.Submission.Proofs.Bytecode.RecognitionDigest65
info: Challenge/Ripemd160/Submission/Proofs/Bytecode/RecognitionDigest65.lean:59:0: 'Challenge.Ripemd160.Submission.Proofs.Bytecode.RecognitionDigest65.spec_data' depends on axioms: [propext,
 Classical.choice,
 Quot.sound]
ℹ [3686/3719] Replayed Challenge.Ripemd160.Submission.Proofs.Bytecode.RecognitionDigest119
info: Challenge/Ripemd160/Submission/Proofs/Bytecode/RecognitionDigest119.lean:59:0: 'Challenge.Ripemd160.Submission.Proofs.Bytecode.RecognitionDigest119.spec_data' depends on axioms: [propext,
 Classical.choice,
 Quot.sound]
ℹ [3687/3719] Replayed Challenge.Ripemd160.Submission.Proofs.Bytecode.RecognitionDigestShort
info: Challenge/Ripemd160/Submission/Proofs/Bytecode/RecognitionDigestShort.lean:18:0: 'Challenge.Ripemd160.Submission.Proofs.Bytecode.RecognitionDigestShort.step56_0' depends on axioms: [propext,
 Quot.sound]
info: Challenge/Ripemd160/Submission/Proofs/Bytecode/RecognitionDigestShort.lean:109:0: 'Challenge.Ripemd160.Submission.Proofs.Bytecode.RecognitionDigestShort.spec56' depends on axioms: [propext,
 Classical.choice,
 Quot.sound]
info: Challenge/Ripemd160/Submission/Proofs/Bytecode/RecognitionDigestShort.lean:136:0: 'Challenge.Ripemd160.Submission.Proofs.Bytecode.RecognitionDigestShort.spec120' depends on axioms: [propext,
 Classical.choice,
 Quot.sound]
ℹ [3688/3719] Replayed Challenge.Ripemd160.Submission.Proofs.Bytecode.RecognitionDigest63
info: Challenge/Ripemd160/Submission/Proofs/Bytecode/RecognitionDigest63.lean:92:0: 'Challenge.Ripemd160.Submission.Proofs.Bytecode.RecognitionDigest63.spec_data_eq' depends on axioms: [propext,
 Classical.choice,
 Quot.sound]
info: Challenge/Ripemd160/Submission/Proofs/Bytecode/RecognitionDigest63.lean:93:0: 'Challenge.Ripemd160.Submission.Proofs.Bytecode.RecognitionDigest63.wordBytes_eq_paddedDigest' depends on axioms: [propext,
 Classical.choice,
 Quot.sound]
ℹ [3690/3719] Replayed Challenge.Ripemd160.Submission.Proofs.Bytecode.Patterned128Digest
info: Challenge/Ripemd160/Submission/Proofs/Bytecode/Patterned128Digest.lean:173:0: 'Challenge.Ripemd160.Submission.Proofs.Bytecode.Patterned128Digest.step_tail' depends on axioms: [propext, Quot.sound]
info: Challenge/Ripemd160/Submission/Proofs/Bytecode/Patterned128Digest.lean:174:0: 'Challenge.Ripemd160.Submission.Proofs.Bytecode.Patterned128Digest.spec_data_eq' depends on axioms: [propext,
 Classical.choice,
 Quot.sound]
info: Challenge/Ripemd160/Submission/Proofs/Bytecode/Patterned128Digest.lean:175:0: 'Challenge.Ripemd160.Submission.Proofs.Bytecode.Patterned128Digest.wordBytes_eq_paddedDigest' depends on axioms: [propext,
 Classical.choice,
 Quot.sound]
ℹ [3692/3719] Replayed Challenge.Ripemd160.Submission.Proofs.Bytecode.Patterned256Digest
info: Challenge/Ripemd160/Submission/Proofs/Bytecode/Patterned256Digest.lean:150:0: 'Challenge.Ripemd160.Submission.Proofs.Bytecode.Patterned256Digest.spec_data_eq' depends on axioms: [propext,
 Classical.choice,
 Quot.sound]
ℹ [3694/3719] Replayed Challenge.Ripemd160.Submission.Proofs.Bytecode.Prefix256Digest
info: Challenge/Ripemd160/Submission/Proofs/Bytecode/Prefix256Digest.lean:198:0: 'Challenge.Ripemd160.Submission.Proofs.Bytecode.Prefix256Digest.spec_data_eq' depends on axioms: [propext,
 Classical.choice,
 Quot.sound]
ℹ [3695/3719] Replayed Challenge.Ripemd160.Submission.Proofs.Bytecode.RecognitionDigest
info: Challenge/Ripemd160/Submission/Proofs/Bytecode/RecognitionDigest.lean:159:0: 'Challenge.Ripemd160.Submission.Proofs.Bytecode.RecognitionDigest.spec_reference' depends on axioms: [propext,
 Classical.choice,
 Quot.sound]
info: Challenge/Ripemd160/Submission/Proofs/Bytecode/RecognitionDigest.lean:160:0: 'Challenge.Ripemd160.Submission.Proofs.Bytecode.RecognitionDigest.accepted_spec' depends on axioms: [propext,
 Classical.choice,
 Quot.sound]
info: Challenge/Ripemd160/Submission/Proofs/Bytecode/RecognitionDigest.lean:161:0: 'Challenge.Ripemd160.Submission.Proofs.Bytecode.RecognitionDigest.payload_read' depends on axioms: [propext,
 Classical.choice,
 Quot.sound]
ℹ [3696/3719] Replayed Challenge.Ripemd160.Submission.Proofs.Bytecode.RecognitionBodyRaw
info: Challenge/Ripemd160/Submission/Proofs/Bytecode/RecognitionBodyRaw.lean:158:0: 'Challenge.Ripemd160.Submission.Proofs.Bytecode.RecognitionBodyRaw.run_normal' depends on axioms: [propext, Quot.sound]
info: Challenge/Ripemd160/Submission/Proofs/Bytecode/RecognitionBodyRaw.lean:159:0: 'Challenge.Ripemd160.Submission.Proofs.Bytecode.RecognitionBodyRaw.run_boundary' depends on axioms: [propext,
 Quot.sound]
ℹ [3697/3719] Replayed Challenge.Ripemd160.Submission.Proofs.Bytecode.RecognitionControlRaw
info: Challenge/Ripemd160/Submission/Proofs/Bytecode/RecognitionControlRaw.lean:180:0: 'Challenge.Ripemd160.Submission.Proofs.Bytecode.RecognitionControlRaw.run_init' depends on axioms: [propext, Quot.sound]
info: Challenge/Ripemd160/Submission/Proofs/Bytecode/RecognitionControlRaw.lean:181:0: 'Challenge.Ripemd160.Submission.Proofs.Bytecode.RecognitionControlRaw.run_init_body' depends on axioms: [propext,
 Quot.sound]
info: Challenge/Ripemd160/Submission/Proofs/Bytecode/RecognitionControlRaw.lean:182:0: 'Challenge.Ripemd160.Submission.Proofs.Bytecode.RecognitionControlRaw.run_partial' depends on axioms: [propext,
 Quot.sound]
info: Challenge/Ripemd160/Submission/Proofs/Bytecode/RecognitionControlRaw.lean:183:0: 'Challenge.Ripemd160.Submission.Proofs.Bytecode.RecognitionControlRaw.run_test_continue' depends on axioms: [propext,
 Quot.sound]
info: Challenge/Ripemd160/Submission/Proofs/Bytecode/RecognitionControlRaw.lean:184:0: 'Challenge.Ripemd160.Submission.Proofs.Bytecode.RecognitionControlRaw.run_test_exit' depends on axioms: [propext,
 Quot.sound]
ℹ [3698/3719] Replayed Challenge.Ripemd160.Submission.Proofs.Bytecode.J2Accumulator
info: Challenge/Ripemd160/Submission/Proofs/Bytecode/J2Accumulator.lean:148:0: 'Challenge.Ripemd160.Submission.Proofs.Bytecode.J2Accumulator.resultAcc_zero_iff' depends on axioms: [propext,
 Classical.choice,
 Quot.sound]
info: Challenge/Ripemd160/Submission/Proofs/Bytecode/J2Accumulator.lean:149:0: 'Challenge.Ripemd160.Submission.Proofs.Bytecode.J2Accumulator.modulus_constructor' does not depend on any axioms
ℹ [3700/3719] Replayed Challenge.Ripemd160.Submission.Proofs.Bytecode.J2RawNormal
info: Challenge/Ripemd160/Submission/Proofs/Bytecode/J2RawNormal.lean:26:0: 'Challenge.Ripemd160.Submission.Proofs.Bytecode.J2Raw.run_normal' depends on axioms: [propext, Quot.sound]
ℹ [3701/3719] Replayed Challenge.Ripemd160.Submission.Proofs.Bytecode.J2RawTail
info: Challenge/Ripemd160/Submission/Proofs/Bytecode/J2RawTail.lean:24:0: 'Challenge.Ripemd160.Submission.Proofs.Bytecode.J2Raw.run_tail' depends on axioms: [propext, Quot.sound]
ℹ [3702/3719] Replayed Challenge.Ripemd160.Submission.Proofs.Bytecode.J2RawTransition
info: Challenge/Ripemd160/Submission/Proofs/Bytecode/J2RawTransition.lean:43:0: 'Challenge.Ripemd160.Submission.Proofs.Bytecode.J2Raw.run_transition' depends on axioms: [propext, Quot.sound]
ℹ [3703/3719] Replayed Challenge.Ripemd160.Submission.Proofs.Bytecode.J2RawInit
info: Challenge/Ripemd160/Submission/Proofs/Bytecode/J2RawInit.lean:35:0: 'Challenge.Ripemd160.Submission.Proofs.Bytecode.J2Raw.run_init' depends on axioms: [propext, Quot.sound]
ℹ [3704/3719] Replayed Challenge.Ripemd160.Submission.Proofs.Bytecode.J2RawControl
info: Challenge/Ripemd160/Submission/Proofs/Bytecode/J2RawControl.lean:113:0: 'Challenge.Ripemd160.Submission.Proofs.Bytecode.J2Raw.run_first' depends on axioms: [propext, Quot.sound]
info: Challenge/Ripemd160/Submission/Proofs/Bytecode/J2RawControl.lean:114:0: 'Challenge.Ripemd160.Submission.Proofs.Bytecode.J2Raw.run_normalGuard' depends on axioms: [propext, Quot.sound]
info: Challenge/Ripemd160/Submission/Proofs/Bytecode/J2RawControl.lean:115:0: 'Challenge.Ripemd160.Submission.Proofs.Bytecode.J2Raw.run_finish' depends on axioms: [propext, Quot.sound]
info: Challenge/Ripemd160/Submission/Proofs/Bytecode/J2RawControl.lean:116:0: 'Challenge.Ripemd160.Submission.Proofs.Bytecode.J2Raw.run_transitionGuard' depends on axioms: [propext, Quot.sound]
info: Challenge/Ripemd160/Submission/Proofs/Bytecode/J2RawControl.lean:117:0: 'Challenge.Ripemd160.Submission.Proofs.Bytecode.J2Raw.run_result' depends on axioms: [propext, Quot.sound]
info: Challenge/Ripemd160/Submission/Proofs/Bytecode/J2RawControl.lean:118:0: 'Challenge.Ripemd160.Submission.Proofs.Bytecode.J2Raw.run_toTail' depends on axioms: [propext, Quot.sound]
ℹ [3707/3719] Replayed Challenge.Ripemd160.Submission.Proofs.Bytecode.J2Frame
info: Challenge/Ripemd160/Submission/Proofs/Bytecode/J2Frame.lean:116:0: 'Challenge.Ripemd160.Submission.Proofs.Bytecode.J2Frame.facts' depends on axioms: [propext, Quot.sound]
info: Challenge/Ripemd160/Submission/Proofs/Bytecode/J2Frame.lean:117:0: 'Challenge.Ripemd160.Submission.Proofs.Bytecode.J2Frame.normal_next' depends on axioms: [propext,
 Classical.choice,
 Quot.sound]
info: Challenge/Ripemd160/Submission/Proofs/Bytecode/J2Frame.lean:118:0: 'Challenge.Ripemd160.Submission.Proofs.Bytecode.J2Frame.tail_acc' depends on axioms: [propext, Quot.sound]
info: Challenge/Ripemd160/Submission/Proofs/Bytecode/J2Frame.lean:119:0: 'Challenge.Ripemd160.Submission.Proofs.Bytecode.J2Frame.transition_next' depends on axioms: [propext, Quot.sound]
ℹ [3708/3719] Replayed Challenge.Ripemd160.Submission.Proofs.Bytecode.J2End
info: Challenge/Ripemd160/Submission/Proofs/Bytecode/J2End.lean:46:0: 'Challenge.Ripemd160.Submission.Proofs.Bytecode.J2End.accumulate_after' depends on axioms: [propext, Quot.sound]
info: Challenge/Ripemd160/Submission/Proofs/Bytecode/J2End.lean:47:0: 'Challenge.Ripemd160.Submission.Proofs.Bytecode.J2End.end_acc' depends on axioms: [propext, Quot.sound]
ℹ [3709/3719] Replayed Challenge.Ripemd160.Submission.Proofs.Bytecode.J2Loop
info: Challenge/Ripemd160/Submission/Proofs/Bytecode/J2Loop.lean:144:0: 'Challenge.Ripemd160.Submission.Proofs.Bytecode.J2Loop.gasSteps_hit' depends on axioms: [propext,
 Classical.choice,
 Quot.sound]
info: Challenge/Ripemd160/Submission/Proofs/Bytecode/J2Loop.lean:145:0: 'Challenge.Ripemd160.Submission.Proofs.Bytecode.J2Loop.gasSteps_miss' depends on axioms: [propext,
 Classical.choice,
 Quot.sound]
ℹ [3710/3719] Replayed Challenge.Ripemd160.Submission.Proofs.Bytecode.J2Sites
info: Challenge/Ripemd160/Submission/Proofs/Bytecode/J2Sites.lean:324:0: 'Challenge.Ripemd160.Submission.Proofs.Bytecode.J2Sites.moves' depends on axioms: [propext,
 Classical.choice,
 Quot.sound]
info: Challenge/Ripemd160/Submission/Proofs/Bytecode/J2Sites.lean:325:0: 'Challenge.Ripemd160.Submission.Proofs.Bytecode.J2Sites.gasSteps_generic_entry' depends on axioms: [propext,
 Classical.choice,
 Quot.sound]
ℹ [3711/3719] Replayed Challenge.Ripemd160.Submission.Proofs.Bytecode.RecognitionSelectorRaw
info: Challenge/Ripemd160/Submission/Proofs/Bytecode/RecognitionSelectorRaw.lean:78:0: 'Challenge.Ripemd160.Submission.Proofs.Bytecode.RecognitionSelectorRaw.run_prefix' depends on axioms: [propext,
 Quot.sound]
info: Challenge/Ripemd160/Submission/Proofs/Bytecode/RecognitionSelectorRaw.lean:79:0: 'Challenge.Ripemd160.Submission.Proofs.Bytecode.RecognitionSelectorRaw.run_finish' depends on axioms: [propext,
 Quot.sound]
ℹ [3714/3719] Replayed Challenge.Ripemd160.Submission.Proofs.Bytecode.RecognitionSelectorResult
info: Challenge/Ripemd160/Submission/Proofs/Bytecode/RecognitionSelectorResult.lean:76:0: 'Challenge.Ripemd160.Submission.Proofs.Bytecode.RecognitionSelectorResult.gasSteps_copy_size' depends on axioms: [propext,
 Classical.choice,
 Quot.sound]
info: Challenge/Ripemd160/Submission/Proofs/Bytecode/RecognitionSelectorResult.lean:77:0: 'Challenge.Ripemd160.Submission.Proofs.Bytecode.RecognitionSelectorResult.returned_spec' depends on axioms: [propext,
 Classical.choice,
 Quot.sound]
ℹ [3715/3719] Replayed Challenge.Ripemd160.Submission.Proofs.Bytecode.J2Payload
info: Challenge/Ripemd160/Submission/Proofs/Bytecode/J2Payload.lean:95:0: 'Challenge.Ripemd160.Submission.Proofs.Bytecode.J2Payload.read_selected' depends on axioms: [propext,
 Classical.choice,
 Quot.sound]
ℹ [3716/3719] Replayed Challenge.Ripemd160.Submission.Proofs.Bytecode.J2Return
info: Challenge/Ripemd160/Submission/Proofs/Bytecode/J2Return.lean:89:0: 'Challenge.Ripemd160.Submission.Proofs.Bytecode.J2Return.gasSteps' depends on axioms: [propext,
 Classical.choice,
 Quot.sound]
info: Challenge/Ripemd160/Submission/Proofs/Bytecode/J2Return.lean:90:0: 'Challenge.Ripemd160.Submission.Proofs.Bytecode.J2Return.output_spec' depends on axioms: [propext,
 Classical.choice,
 Quot.sound]
ℹ [3717/3719] Replayed Challenge.Ripemd160.Submission.Proofs.Bytecode.J2Correct
info: Challenge/Ripemd160/Submission/Proofs/Bytecode/J2Correct.lean:55:0: 'Challenge.Ripemd160.Submission.Proofs.Bytecode.J2Correct.of_returned' depends on axioms: [propext,
 Classical.choice,
 Quot.sound]
info: Challenge/Ripemd160/Submission/Proofs/Bytecode/J2Correct.lean:56:0: 'Challenge.Ripemd160.Submission.Proofs.Bytecode.J2Correct.from_entry' depends on axioms: [propext,
 Classical.choice,
 Quot.sound]
ℹ [3718/3719] Replayed Challenge.Ripemd160.Submission.Proofs.Bytecode.RecognitionCorrect
info: Challenge/Ripemd160/Submission/Proofs/Bytecode/RecognitionCorrect.lean:18:0: 'Challenge.Ripemd160.Submission.Proofs.Bytecode.RecognitionCorrect.from_entry' depends on axioms: [propext,
 Classical.choice,
 Quot.sound]
ℹ [3719/3719] Replayed Challenge.Ripemd160.Submission.Solution
info: Challenge/Ripemd160/Submission/Solution.lean:19:0: 'Challenge.Ripemd160.Benchmark.candidate' depends on axioms: [propext, Classical.choice, Quot.sound]
Build completed successfully (3719 jobs).
Exporting #[Challenge.Ripemd160.Benchmark.candidate, propext, Quot.sound, Classical.choice, Nat.add, Nat.sub, Nat.mul, Nat.pow, Nat.gcd, Nat.div, Nat.mod, Nat.beq, Nat.ble, Nat.land, Nat.lor, Nat.xor, Nat.shiftLeft, Nat.shiftRight, String.ofList, Char.ofNat, List, eagerReduce] from Challenge.Ripemd160.Submission.Solution
Running Lean default kernel on solution.
Lean default kernel accepts the solution
Your solution is okay!
Finished with result: success
Main processes terminated with: code=exited/status=0
Service runtime: 9min 58.370s
CPU time consumed: 9min 58.747s
Memory peak: 512.0K
Memory swap peak: 0B
## EIP-8200 RIPEMD-160 benchmark

- Verified gas score: **651,575**
- Bytecode size: **5,248 bytes**
- Correctness vectors: **49/49**
- Lean Comparator: **accepted**
[32mBenchmark complete (score: 651575)[39m
